<?xml version="1.0" encoding="UTF-8"?>
<kml xmlns="http://www.opengis.net/kml/2.2">
<Document>

    <Style id="style_green"><LineStyle><color>ff578b2e</color><width>4</width></LineStyle></Style>
    <Style id="style_orange"><LineStyle><color>ff1e8bf6</color><width>4</width></LineStyle></Style>
    <Style id="style_blue"><LineStyle><color>ffbc7200</color><width>4</width></LineStyle></Style>
    <Style id="style_red"><LineStyle><color>ff1200e6</color><width>4</width></LineStyle></Style>
    <Style id="style_purple"><LineStyle><color>ff990099</color><width>3</width></LineStyle></Style>
<name>Shinkansen Routes</name>

                        <Placemark>
                            <name>九州新幹線</name>
                            <styleUrl>#style_red</styleUrl>
                            <LineString><tessellate>1</tessellate><coordinates>130.42823,32.21025,0 130.4293,32.21104,0</coordinates></LineString>
                        </Placemark>
                        <Placemark>
                            <name>九州新幹線</name>
                            <styleUrl>#style_red</styleUrl>
                            <LineString><tessellate>1</tessellate><coordinates>130.35879,32.08873,0 130.35875,32.08882,0 130.35831,32.08971,0 130.35798,32.09045,0</coordinates></LineString>
                        </Placemark>
                        <Placemark>
                            <name>九州新幹線</name>
                            <styleUrl>#style_red</styleUrl>
                            <LineString><tessellate>1</tessellate><coordinates>130.635383,32.516686,0 130.634683,32.518486,0</coordinates></LineString>
                        </Placemark>
                        <Placemark>
                            <name>九州新幹線</name>
                            <styleUrl>#style_red</styleUrl>
                            <LineString><tessellate>1</tessellate><coordinates>130.35798,32.09045,0 130.35758,32.09133,0 130.35657,32.09373,0 130.35646,32.09401,0 130.35597,32.09519,0 130.35555,32.09621,0 130.35515,32.09714,0 130.35449,32.09885,0 130.35401,32.1002,0 130.35334,32.10234,0 130.353,32.10357,0 130.35293,32.10385,0 130.35287,32.10409,0 130.35273,32.10478,0 130.35257,32.10574,0 130.35244,32.10674,0 130.35231,32.10806,0 130.35224,32.1092,0 130.3522,32.11012,0 130.35221,32.11079,0 130.35224,32.11162,0 130.35226,32.11198,0 130.35226,32.11203,0 130.3523,32.11294,0 130.35235,32.11357,0 130.35238,32.11418,0 130.3524,32.11441,0 130.3526,32.11599,0 130.35269,32.11659,0 130.35303,32.11811,0 130.35305,32.11821,0 130.35332,32.11927,0 130.35343,32.1197,0 130.35356,32.12011,0 130.35359,32.1202,0 130.35371,32.12056,0 130.35416,32.12163,0 130.35436,32.12211,0 130.35483,32.12321,0 130.35547,32.1247,0 130.35596,32.12582,0 130.35614,32.12626,0 130.35659,32.1273,0 130.35782,32.13015,0 130.35836,32.13145,0 130.35901,32.13291,0 130.35965,32.13439,0 130.36044,32.13624,0 130.36182,32.13947,0 130.36254,32.14114,0 130.36277,32.14169,0 130.36301,32.14221,0 130.36423,32.14501,0 130.36556,32.14823,0 130.36612,32.14956,0 130.3665,32.15035,0 130.36668,32.15071,0 130.36689,32.15115,0 130.36745,32.1522,0 130.36847,32.15399,0 130.36905,32.15495,0 130.36975,32.15599,0 130.37031,32.15687,0 130.37086,32.15768,0 130.37126,32.15818,0 130.3721,32.15923,0 130.37256,32.15982,0 130.37272,32.16,0 130.3734,32.16068,0 130.37359,32.16087,0 130.37555,32.16287,0 130.37747,32.16479,0 130.37878,32.1661,0 130.38036,32.1677,0 130.38071,32.16805,0 130.38169,32.16903,0 130.38275,32.17009,0 130.38524,32.17261,0 130.38741,32.17511,0 130.39252,32.18049,0 130.39465,32.18259,0 130.39621,32.18415,0 130.3973,32.1851,0 130.39873,32.18638,0 130.40119,32.18848,0 130.41042,32.1958,0 130.41597,32.20021,0 130.42137,32.20469,0 130.42823,32.21025,0</coordinates></LineString>
                        </Placemark>
                        <Placemark>
                            <name>九州新幹線</name>
                            <styleUrl>#style_red</styleUrl>
                            <LineString><tessellate>1</tessellate><coordinates>130.4293,32.21104,0 130.43041,32.21186,0 130.43126,32.21259,0 130.4323,32.21354,0 130.4329,32.21406,0 130.4339,32.21488,0 130.43435,32.21526,0 130.43544,32.21607,0 130.4362,32.21663,0 130.43746,32.21756,0 130.43778,32.21781,0 130.4382,32.21812,0 130.43883,32.21865,0 130.43942,32.21918,0 130.44003,32.21968,0 130.44069,32.22031,0 130.44166,32.22127,0 130.44808,32.22823,0 130.45328,32.23414,0 130.45452,32.23555,0 130.4556,32.23679,0 130.45676,32.23796,0 130.45829,32.23921,0 130.46005,32.24053,0 130.46158,32.24155,0 130.46389,32.2428,0 130.46568,32.24372,0 130.46868,32.24509,0 130.47301,32.2468,0 130.48342,32.25095,0 130.49082,32.2539,0 130.49935,32.25733,0 130.50139,32.2582,0 130.50307,32.25893,0 130.50535,32.26007,0 130.50784,32.26151,0 130.50976,32.26267,0 130.51097,32.26342,0 130.51205,32.26417,0 130.51313,32.26498,0 130.51583,32.26723,0 130.51774,32.26898,0 130.52522,32.27612,0 130.53449,32.28476,0 130.53742,32.28746,0 130.54555,32.29521,0 130.55853,32.30739,0 130.56243,32.31099,0 130.56601,32.31444,0 130.57092,32.31912,0 130.57501,32.32295,0 130.57707,32.32486,0 130.58045,32.32797,0 130.5843,32.33143,0 130.58598,32.33304,0 130.59094,32.33755,0 130.59306,32.33946,0 130.59498,32.34119,0 130.5966,32.34267,0 130.59976,32.346,0 130.60306,32.34926,0 130.6043,32.35047,0 130.60887,32.35508,0 130.61489,32.36094,0 130.61648,32.36268,0 130.61827,32.36465,0 130.61903,32.3656,0 130.61989,32.36678,0 130.62177,32.36959,0 130.62335,32.37227,0 130.62449,32.3749,0 130.62535,32.37691,0 130.62611,32.37898,0 130.62671,32.38098,0 130.62737,32.38375,0 130.62772,32.3854,0 130.62807,32.38728,0 130.62838,32.38928,0 130.62858,32.3911,0 130.6287,32.39341,0 130.62856,32.39639,0 130.62836,32.39896,0 130.6281,32.40087,0 130.6278,32.40291,0 130.62711,32.40642,0 130.62686,32.40749,0 130.62632,32.40972,0 130.62573,32.41176,0 130.62492,32.41437,0 130.6223,32.42181,0 130.62075,32.4261,0 130.61963,32.42918,0 130.6189,32.43169,0 130.61791,32.43503,0 130.61753,32.4367,0 130.61725,32.43818,0 130.61702,32.44001,0 130.61697,32.44346,0 130.6171,32.44558,0 130.61735,32.44817,0 130.61767,32.44991,0 130.61838,32.45235,0 130.619,32.45418,0 130.61978,32.45611,0 130.62094,32.45817,0 130.62223,32.46036,0 130.62464,32.46361,0 130.62729,32.46725,0 130.62848,32.46871,0 130.63269,32.47452,0 130.63387,32.47648,0 130.63445,32.47763,0 130.63508,32.47912,0 130.63563,32.48048,0 130.6362,32.48178,0 130.63674,32.48334,0 130.63708,32.48469,0 130.63732,32.48576,0 130.63753,32.48698,0 130.63781,32.48867,0 130.63812,32.49277,0 130.63829,32.49654,0 130.63828,32.50023,0 130.63806,32.50512,0 130.63789,32.50673,0 130.63756,32.50884,0 130.63737,32.5098,0 130.63718,32.5107,0 130.63688,32.51199,0 130.63649,32.51351,0 130.63563,32.51606,0 130.635383,32.516686,0</coordinates></LineString>
                        </Placemark>
                        <Placemark>
                            <name>九州新幹線</name>
                            <styleUrl>#style_red</styleUrl>
                            <LineString><tessellate>1</tessellate><coordinates>130.53948,31.58398,0 130.5352,31.58461,0 130.53426,31.58473,0 130.53286,31.58497,0 130.53188,31.58513,0 130.53112,31.58526,0 130.52972,31.58553,0 130.52843,31.58585,0 130.52689,31.58626,0 130.52531,31.58678,0 130.5243,31.5872,0 130.52171,31.58842,0 130.51725,31.59069,0 130.51026,31.59461,0 130.50537,31.59718,0 130.50496,31.59738,0 130.50183,31.59885,0 130.49939,31.59976,0 130.49735,31.60044,0 130.49582,31.6009,0 130.4884,31.60277,0 130.48633,31.60327,0 130.48235,31.60433,0 130.48081,31.6048,0 130.4798,31.60514,0 130.47813,31.60576,0 130.47582,31.60669,0 130.47376,31.60758,0 130.47208,31.60844,0 130.46411,31.61312,0 130.45535,31.61826,0 130.45491,31.61854,0 130.45455,31.61878,0 130.45066,31.62095,0 130.44989,31.62144,0 130.44747,31.62299,0 130.43982,31.62744,0 130.43972,31.62751,0 130.43869,31.62815,0 130.43709,31.62914,0 130.43649,31.62951,0 130.43625,31.62966,0 130.43327,31.63158,0 130.43222,31.63222,0 130.43095,31.63298,0 130.42987,31.63364,0 130.42289,31.6398,0 130.42278,31.63987,0 130.4218,31.64077,0 130.4214,31.64114,0 130.41928,31.64309,0 130.4183,31.64399,0 130.4168,31.64536,0 130.41597,31.64612,0 130.41465,31.64733,0 130.41445,31.64752,0 130.40773,31.65369,0 130.40593,31.65532,0 130.40423,31.65685,0 130.40339,31.65761,0 130.39955,31.66115,0 130.39747,31.66306,0 130.39669,31.66378,0 130.39642,31.66403,0 130.39489,31.6654,0 130.39397,31.66629,0 130.39364,31.6666,0 130.3926,31.66752,0 130.39179,31.66823,0 130.38998,31.66993,0 130.38972,31.67014,0 130.3894,31.67043,0 130.38881,31.67097,0 130.38777,31.67193,0 130.3877,31.67199,0 130.38701,31.67257,0 130.38488,31.67444,0 130.38263,31.67657,0 130.38009,31.67906,0 130.37702,31.68209,0 130.37311,31.68649,0 130.37121,31.68906,0 130.36968,31.69131,0 130.36822,31.69386,0 130.36691,31.69654,0 130.3628,31.70531,0 130.35736,31.71768,0 130.35136,31.73126,0 130.34822,31.73798,0 130.34715,31.74057,0 130.34107,31.75414,0 130.33659,31.76436,0 130.33512,31.7677,0 130.33279,31.77276,0 130.32907,31.7812,0 130.32741,31.78449,0 130.32695,31.78524,0 130.32651,31.78593,0 130.32588,31.78695,0 130.32545,31.78769,0 130.32486,31.78851,0 130.32362,31.79031,0 130.32343,31.79058,0 130.32281,31.79136,0 130.32273,31.79146,0 130.32171,31.79276,0 130.32074,31.79402,0 130.31984,31.7951,0 130.31944,31.79559,0 130.31914,31.79601,0 130.3178,31.79793,0 130.31701,31.7992,0 130.31629,31.80077,0 130.31564,31.80238,0 130.31393,31.80756,0 130.31317,31.81033,0 130.31263,31.81268,0</coordinates></LineString>
                        </Placemark>
                        <Placemark>
                            <name>九州新幹線</name>
                            <styleUrl>#style_red</styleUrl>
                            <LineString><tessellate>1</tessellate><coordinates>130.31218,31.81435,0 130.3091,31.82438,0 130.3088,31.82559,0 130.30854,31.82658,0 130.30801,31.8292,0 130.30749,31.83315,0 130.30719,31.8345,0 130.30673,31.83598,0 130.30542,31.83934,0 130.30365,31.84319,0 130.30275,31.84512,0 130.30174,31.84693,0 130.29894,31.85233,0 130.29585,31.85795,0 130.29503,31.85944,0 130.2946,31.86042,0 130.2934,31.8635,0 130.29134,31.86908,0 130.29086,31.87089,0 130.29057,31.87211,0 130.2904,31.87318,0 130.29007,31.87501,0 130.28988,31.87772,0 130.28978,31.87996,0 130.2897,31.88133,0 130.2897,31.88228,0 130.28977,31.88392,0 130.28978,31.88409,0 130.28993,31.88595,0 130.29008,31.8877,0 130.29027,31.88955,0 130.29049,31.89128,0 130.29064,31.89218,0 130.29095,31.89406,0 130.29112,31.8951,0 130.2912,31.89556,0 130.29131,31.89617,0 130.29155,31.89737,0 130.29158,31.89751,0 130.29256,31.9033,0 130.29408,31.91223,0 130.2941,31.91235,0 130.29479,31.91659,0 130.2948,31.91664,0 130.2958,31.92291,0 130.2966,31.92788,0 130.29759,31.93434,0 130.29919,31.94375,0 130.29984,31.94755,0 130.3005,31.95195,0 130.3009,31.95507,0 130.30172,31.95991,0 130.30253,31.96436,0 130.30281,31.96602,0 130.30333,31.96936,0 130.30445,31.97608,0 130.30473,31.97774,0 130.30509,31.97935,0 130.30569,31.98169,0 130.30596,31.98248,0 130.30682,31.98467,0 130.3081,31.98728,0 130.30902,31.98891,0 130.31037,31.99114,0 130.31166,31.99286,0 130.31655,31.99976,0 130.32038,32.00525,0 130.33882,32.0306,0 130.34139,32.0346,0 130.3455,32.0405,0 130.34713,32.04279,0 130.34813,32.0443,0 130.3535,32.05153,0 130.35442,32.05271,0 130.35948,32.05872,0 130.36086,32.06066,0 130.36219,32.0628,0 130.36332,32.06514,0 130.36444,32.06794,0 130.36492,32.06947,0 130.36518,32.07065,0 130.36529,32.07215,0 130.36526,32.07326,0 130.36516,32.07481,0 130.3651,32.07537,0 130.36504,32.07604,0 130.36486,32.07682,0 130.36463,32.07763,0 130.36434,32.07848,0 130.36418,32.07899,0 130.36402,32.07946,0 130.36385,32.0799,0 130.3637,32.08029,0 130.36286,32.08221,0 130.36199,32.08398,0 130.36192,32.08408,0 130.36175,32.08431,0 130.36143,32.08468,0 130.36098,32.08529,0 130.36078,32.08554,0 130.36042,32.08596,0 130.36022,32.08623,0 130.36003,32.08654,0 130.35991,32.08677,0 130.35963,32.08722,0 130.35951,32.08742,0 130.35906,32.0882,0 130.35879,32.08873,0</coordinates></LineString>
                        </Placemark>
                        <Placemark>
                            <name>九州新幹線</name>
                            <styleUrl>#style_red</styleUrl>
                            <LineString><tessellate>1</tessellate><coordinates>130.31218,31.81435,0 130.31263,31.81268,0</coordinates></LineString>
                        </Placemark>
                        <Placemark>
                            <name>九州新幹線</name>
                            <styleUrl>#style_red</styleUrl>
                            <LineString><tessellate>1</tessellate><coordinates>130.53948,31.58398,0 130.54258,31.58357,0</coordinates></LineString>
                        </Placemark>
                        <Placemark>
                            <name>山陽新幹線</name>
                            <styleUrl>#style_blue</styleUrl>
                            <LineString><tessellate>1</tessellate><coordinates>135.49446,34.73191,0 135.49454,34.73191,0 135.49466,34.73192,0 135.49719,34.73251,0 135.49791,34.73268,0</coordinates></LineString>
                        </Placemark>
                        <Placemark>
                            <name>山陽新幹線</name>
                            <styleUrl>#style_blue</styleUrl>
                            <LineString><tessellate>1</tessellate><coordinates>135.49446,34.73191,0 135.49452,34.73194,0 135.49461,34.73197,0 135.49719,34.73277,0 135.49782,34.73293,0</coordinates></LineString>
                        </Placemark>
                        <Placemark>
                            <name>山陽新幹線</name>
                            <styleUrl>#style_blue</styleUrl>
                            <LineString><tessellate>1</tessellate><coordinates>135.49791,34.73268,0 135.50238,34.73412,0</coordinates></LineString>
                        </Placemark>
                        <Placemark>
                            <name>山陽新幹線</name>
                            <styleUrl>#style_blue</styleUrl>
                            <LineString><tessellate>1</tessellate><coordinates>135.49782,34.73293,0 135.50225,34.73443,0</coordinates></LineString>
                        </Placemark>
                        <Placemark>
                            <name>山陽新幹線</name>
                            <styleUrl>#style_blue</styleUrl>
                            <LineString><tessellate>1</tessellate><coordinates>135.19866,34.7083,0 135.19792,34.70781,0 135.19655,34.70699,0 135.19501,34.70618,0</coordinates></LineString>
                        </Placemark>
                        <Placemark>
                            <name>山陽新幹線</name>
                            <styleUrl>#style_blue</styleUrl>
                            <LineString><tessellate>1</tessellate><coordinates>134.96204,34.66688,0 134.96136,34.66694,0 134.95833,34.66724,0</coordinates></LineString>
                        </Placemark>
                        <Placemark>
                            <name>山陽新幹線</name>
                            <styleUrl>#style_blue</styleUrl>
                            <LineString><tessellate>1</tessellate><coordinates>134.69284,34.82619,0 134.69225,34.82626,0 134.68858,34.82667,0</coordinates></LineString>
                        </Placemark>
                        <Placemark>
                            <name>山陽新幹線</name>
                            <styleUrl>#style_blue</styleUrl>
                            <LineString><tessellate>1</tessellate><coordinates>135.19866,34.7083,0 135.19902,34.70854,0 135.20038,34.70955,0 135.2023,34.71114,0 135.20407,34.71269,0 135.2052,34.71375,0 135.20634,34.71482,0 135.20663,34.71508,0 135.20729,34.71569,0 135.20785,34.71627,0 135.20867,34.71706,0 135.20886,34.71725,0 135.2104,34.71871,0 135.21209,34.7203,0 135.21441,34.72247,0 135.21585,34.72383,0 135.21591,34.72389,0 135.21798,34.72584,0 135.2191,34.7269,0 135.22161,34.72908,0 135.2228,34.73011,0 135.22339,34.73054,0 135.2237,34.73077,0 135.22529,34.73187,0 135.22707,34.73318,0 135.22792,34.73378,0 135.2287,34.7343,0 135.23028,34.73536,0 135.23181,34.73625,0 135.2319,34.7363,0 135.23296,34.73689,0 135.23409,34.73749,0 135.2354,34.73811,0 135.23682,34.7388,0 135.23842,34.73952,0 135.24005,34.74017,0 135.24156,34.74068,0 135.24203,34.74084,0 135.24426,34.74155,0 135.24721,34.74251,0 135.25557,34.7451,0 135.26592,34.74831,0 135.27628,34.75152,0 135.28083,34.75293,0 135.28147,34.75313,0 135.28183,34.75324,0 135.28512,34.75429,0 135.28521,34.75432,0 135.2885,34.75537,0 135.29179,34.75645,0 135.29508,34.75753,0 135.29541,34.75764,0 135.29837,34.75861,0 135.3018,34.75972,0 135.30524,34.76083,0 135.3057,34.76098,0 135.30869,34.76194,0 135.31039,34.76249,0 135.31146,34.76283,0 135.31214,34.76305,0 135.31261,34.76319,0 135.3138,34.76359,0 135.31617,34.76427,0 135.31704,34.76449,0 135.319,34.76491,0 135.3207,34.76526,0 135.32203,34.7655,0 135.32231,34.76555,0 135.32323,34.7657,0 135.3237,34.76578,0 135.32407,34.76581,0 135.32439,34.76586,0 135.32575,34.76599,0 135.32689,34.76611,0 135.32794,34.76623,0 135.32842,34.76628,0 135.32926,34.76631,0 135.32961,34.76633,0 135.33007,34.76636,0 135.33044,34.76635,0 135.33085,34.76635,0 135.33276,34.76627,0 135.33303,34.76625,0 135.33451,34.76617,0 135.33624,34.76611,0 135.33664,34.76612,0 135.33806,34.76607,0 135.33972,34.76599,0 135.34083,34.76593,0 135.34208,34.76581,0 135.34321,34.76568,0 135.34407,34.76558,0 135.34672,34.76526,0 135.34902,34.76502,0 135.35021,34.76491,0 135.35336,34.76467,0 135.35441,34.7646,0 135.35508,34.76454,0 135.35636,34.76454,0 135.35704,34.76456,0 135.35772,34.76458,0 135.35837,34.76459,0 135.35907,34.76462,0 135.36059,34.76474,0 135.36119,34.76478,0 135.36238,34.76487,0 135.36412,34.76502,0 135.36497,34.76511,0 135.36767,34.76538,0 135.3722,34.7658,0 135.37334,34.76594,0 135.37368,34.76596,0 135.37422,34.76601,0 135.37428,34.76602,0 135.37452,34.76605,0 135.37585,34.76616,0 135.37607,34.76619,0 135.37621,34.7662,0 135.37683,34.76627,0 135.37783,34.76636,0 135.37787,34.76637,0 135.37882,34.76646,0 135.37919,34.76649,0 135.37957,34.76653,0 135.3796,34.76654,0 135.38011,34.76658,0 135.38014,34.76659,0 135.38031,34.76661,0 135.38097,34.76666,0 135.38114,34.76669,0 135.38138,34.76671,0 135.38155,34.76672,0 135.38247,34.76682,0 135.38259,34.76682,0 135.38262,34.76683,0 135.38278,34.76684,0 135.38283,34.76686,0 135.38306,34.76687,0 135.38349,34.76691,0 135.38382,34.76695,0 135.38403,34.76696,0 135.38436,34.767,0 135.3845,34.76702,0 135.38491,34.76706,0 135.3851,34.76708,0 135.38545,34.76711,0 135.38554,34.76713,0 135.38603,34.76717,0 135.3864,34.76721,0 135.38716,34.76728,0 135.3875,34.76731,0 135.38825,34.76738,0 135.38862,34.76741,0 135.38879,34.76744,0 135.38894,34.76745,0 135.38913,34.76747,0 135.38989,34.76754,0 135.39,34.76755,0 135.39013,34.76756,0 135.39059,34.76761,0 135.39074,34.76763,0 135.39088,34.76764,0 135.39114,34.76766,0 135.39125,34.76768,0 135.39187,34.76775,0 135.39264,34.76781,0 135.39276,34.76784,0 135.39289,34.76784,0 135.39329,34.76788,0 135.39336,34.76789,0 135.39366,34.76791,0 135.39411,34.76796,0 135.39449,34.76799,0 135.39454,34.76801,0 135.39536,34.76808,0 135.39578,34.76812,0 135.39584,34.76814,0 135.39625,34.76817,0 135.39658,34.76821,0 135.39705,34.76825,0 135.39767,34.76831,0 135.39773,34.76831,0 135.39812,34.76835,0 135.39847,34.76838,0 135.39851,34.76839,0 135.3991,34.76844,0 135.39981,34.7685,0 135.4003,34.76855,0 135.40164,34.76862,0 135.40178,34.76863,0 135.40253,34.76866,0 135.4036,34.76869,0 135.40439,34.76869,0 135.40582,34.7687,0 135.40705,34.76867,0 135.40713,34.76866,0 135.40748,34.76865,0 135.40782,34.76864,0 135.40841,34.76862,0 135.40875,34.76859,0 135.40903,34.76857,0 135.41014,34.76848,0 135.41038,34.76847,0 135.41051,34.76845,0 135.41082,34.76842,0 135.4111,34.76839,0 135.41135,34.76836,0 135.41159,34.76833,0 135.41195,34.76829,0 135.41216,34.76825,0 135.41238,34.76823,0 135.41245,34.76821,0 135.41256,34.7682,0 135.41264,34.76818,0 135.4132,34.76809,0 135.41331,34.76807,0 135.41392,34.76796,0 135.41463,34.76783,0 135.41536,34.76767,0 135.41591,34.76757,0 135.41594,34.76756,0 135.41615,34.76752,0 135.41624,34.76749,0 135.41728,34.76723,0 135.41762,34.76714,0 135.41767,34.76713,0 135.41788,34.76708,0 135.41825,34.76698,0 135.4188,34.76681,0 135.41887,34.7668,0 135.41932,34.76666,0 135.41985,34.7665,0 135.42015,34.7664,0 135.4202,34.76639,0 135.42055,34.76627,0 135.42063,34.76625,0 135.42066,34.76624,0 135.42127,34.76605,0 135.42143,34.76599,0 135.4216,34.76593,0 135.42175,34.76588,0 135.42186,34.76584,0 135.42195,34.76581,0 135.42225,34.7657,0 135.42255,34.7656,0 135.42276,34.76552,0 135.42327,34.76532,0 135.42341,34.76527,0 135.42345,34.76526,0 135.4235,34.76524,0 135.42397,34.76506,0 135.42517,34.76457,0 135.4252,34.76455,0 135.4253,34.76451,0 135.42594,34.76424,0 135.42599,34.7642,0 135.42621,34.76411,0 135.42644,34.764,0 135.42673,34.76388,0 135.4273,34.76359,0 135.42738,34.76356,0 135.42791,34.76329,0 135.42825,34.7631,0 135.42873,34.76284,0 135.42914,34.76261,0 135.4295,34.76243,0 135.42963,34.76234,0 135.43044,34.76187,0 135.43055,34.7618,0 135.43144,34.76123,0 135.43212,34.76078,0 135.43256,34.76047,0 135.43262,34.76043,0 135.43288,34.76025,0 135.4333,34.75996,0 135.43413,34.75936,0 135.43428,34.75925,0 135.43568,34.75817,0 135.43616,34.75777,0 135.43664,34.75737,0 135.4368,34.75721,0 135.43685,34.75717,0 135.43688,34.75713,0 135.43729,34.75676,0 135.43758,34.75648,0 135.4381,34.75599,0 135.43823,34.75586,0 135.43834,34.75577,0 135.43866,34.75544,0 135.43908,34.75499,0 135.4395,34.75454,0 135.43955,34.7545,0 135.4401,34.7539,0 135.44018,34.7538,0 135.44033,34.75363,0 135.44064,34.75325,0 135.44096,34.75293,0 135.44123,34.75261,0 135.44152,34.75222,0 135.44219,34.75129,0 135.4426,34.75069,0 135.44278,34.75044,0 135.44314,34.74987,0 135.44359,34.74911,0 135.44479,34.74695,0 135.446,34.74478,0 135.44728,34.74252,0 135.44845,34.74046,0 135.44965,34.7383,0 135.45087,34.73615,0 135.45189,34.73432,0 135.45208,34.73399,0 135.45328,34.73185,0 135.45446,34.72973,0 135.4549,34.72896,0 135.45521,34.72848,0 135.45548,34.72812,0 135.45586,34.7276,0 135.45631,34.72704,0 135.45697,34.72634,0 135.45732,34.72599,0 135.45737,34.72595,0 135.45773,34.72561,0 135.45823,34.72522,0 135.45899,34.72473,0 135.45908,34.72468,0 135.45975,34.72432,0 135.46057,34.72393,0 135.46138,34.7236,0 135.46206,34.72337,0 135.46275,34.72321,0 135.46348,34.7231,0 135.46399,34.72304,0 135.46443,34.723,0 135.46502,34.723,0 135.46601,34.72306,0 135.46677,34.72313,0 135.46732,34.7232,0 135.46771,34.72329,0 135.46812,34.7234,0 135.46953,34.72385,0 135.46955,34.72385,0 135.47387,34.72528,0 135.47876,34.7269,0 135.47982,34.72724,0 135.48473,34.72884,0 135.49011,34.73058,0 135.49017,34.7306,0 135.49446,34.73191,0</coordinates></LineString>
                        </Placemark>
                        <Placemark>
                            <name>山陽新幹線</name>
                            <styleUrl>#style_blue</styleUrl>
                            <LineString><tessellate>1</tessellate><coordinates>135.19501,34.70618,0 135.19466,34.70599,0 135.19434,34.70584,0 135.19363,34.70551,0 135.19229,34.70496,0 135.19098,34.70453,0 135.18889,34.70395,0 135.18731,34.70356,0 135.18577,34.70325,0 135.18545,34.70319,0 135.18325,34.70281,0 135.17885,34.70211,0 135.17459,34.70141,0 135.17456,34.7014,0 135.16999,34.70068,0 135.1668,34.70016,0 135.16502,34.69987,0 135.163,34.69954,0 135.16134,34.69926,0 135.15851,34.69876,0 135.15415,34.69809,0 135.15374,34.69802,0 135.14973,34.69742,0 135.14806,34.69718,0 135.14619,34.69688,0 135.14467,34.69657,0 135.1433,34.69627,0 135.1423,34.69605,0 135.14196,34.69597,0 135.13981,34.69549,0 135.1388,34.69524,0 135.1383,34.69511,0 135.1339,34.69404,0 135.13387,34.69404,0 135.13178,34.69351,0 135.12869,34.69274,0 135.12572,34.69197,0 135.12222,34.69104,0 135.11893,34.69027,0 135.11825,34.69011,0 135.11655,34.6897,0 135.11116,34.68839,0 135.11043,34.6882,0 135.10981,34.68805,0 135.10965,34.68801,0 135.10942,34.68795,0 135.10916,34.68789,0 135.10852,34.68773,0 135.10814,34.68764,0 135.10769,34.68755,0 135.1061,34.68714,0 135.10522,34.68692,0 135.10448,34.68674,0 135.10149,34.68601,0 135.09386,34.68417,0 135.09313,34.68399,0 135.0918,34.68366,0 135.0908,34.68341,0 135.08831,34.68282,0 135.08441,34.68188,0 135.08323,34.6816,0 135.08248,34.68143,0 135.08047,34.68096,0 135.07867,34.68059,0 135.0782,34.6805,0 135.07768,34.68039,0 135.07762,34.68038,0 135.07689,34.68023,0 135.07537,34.67993,0 135.07444,34.67976,0 135.07299,34.67944,0 135.07282,34.6794,0 135.07191,34.6792,0 135.06931,34.67866,0 135.06562,34.67791,0 135.06269,34.67733,0 135.06195,34.67718,0 135.06048,34.67689,0 135.0593,34.67664,0 135.05819,34.6764,0 135.05431,34.67562,0 135.05194,34.67514,0 135.05056,34.67486,0 135.0494,34.67466,0 135.04919,34.67461,0 135.04818,34.67439,0 135.04687,34.67412,0 135.04648,34.67404,0 135.04524,34.67378,0 135.04478,34.67369,0 135.04379,34.67347,0 135.04305,34.67331,0 135.04142,34.67299,0 135.04093,34.67289,0 135.04066,34.67284,0 135.04055,34.67282,0 135.04051,34.67281,0 135.04048,34.6728,0 135.0401,34.67272,0 135.03982,34.67266,0 135.03946,34.67258,0 135.03548,34.6718,0 135.03312,34.67132,0 135.03233,34.67118,0 135.032,34.67112,0 135.03179,34.67108,0 135.03165,34.67105,0 135.03047,34.67082,0 135.03023,34.67077,0 135.02996,34.67071,0 135.02966,34.67065,0 135.02878,34.67048,0 135.02839,34.67041,0 135.02795,34.67031,0 135.02728,34.67017,0 135.02703,34.67012,0 135.02636,34.66996,0 135.02623,34.66992,0 135.02608,34.66989,0 135.02533,34.66972,0 135.02438,34.66952,0 135.02386,34.66941,0 135.02247,34.66911,0 135.01989,34.66861,0 135.01856,34.66834,0 135.01828,34.66829,0 135.01463,34.66756,0 135.01253,34.66712,0 135.01155,34.66694,0 135.01081,34.66679,0 135.00984,34.6666,0 135.00839,34.66632,0 135.00821,34.66629,0 135.00813,34.66627,0 135.00637,34.66593,0 135.00426,34.66548,0 135.00312,34.66527,0 135.00251,34.66518,0 134.99981,34.66487,0 134.99911,34.66481,0 134.99723,34.66475,0 134.9965,34.66473,0 134.99503,34.66471,0 134.99356,34.66473,0 134.9916,34.6648,0 134.99071,34.66486,0 134.98817,34.66502,0 134.98544,34.66521,0 134.98201,34.66545,0 134.97961,34.66562,0 134.97575,34.66587,0 134.97439,34.66597,0 134.97308,34.66607,0 134.97004,34.6663,0 134.96677,34.66655,0 134.9635,34.66676,0 134.96204,34.66688,0</coordinates></LineString>
                        </Placemark>
                        <Placemark>
                            <name>山陽新幹線</name>
                            <styleUrl>#style_blue</styleUrl>
                            <LineString><tessellate>1</tessellate><coordinates>134.95833,34.66724,0 134.95526,34.66757,0 134.95309,34.66785,0 134.95292,34.66787,0 134.95158,34.66806,0 134.94946,34.6684,0 134.94666,34.66888,0 134.9444,34.66933,0 134.94257,34.66979,0 134.94214,34.66992,0 134.94089,34.67033,0 134.94026,34.67058,0 134.93958,34.67085,0 134.93836,34.67137,0 134.93727,34.6719,0 134.9363,34.6724,0 134.93521,34.67304,0 134.9341,34.67372,0 134.93242,34.67486,0 134.93124,34.67575,0 134.92917,34.6773,0 134.92619,34.67956,0 134.92318,34.68194,0 134.91524,34.68822,0 134.91302,34.68998,0 134.91084,34.69167,0 134.90815,34.69375,0 134.90722,34.69445,0 134.90551,34.69571,0 134.903,34.69749,0 134.90154,34.69844,0 134.90008,34.69931,0 134.89859,34.70009,0 134.89801,34.70039,0 134.89338,34.70272,0 134.88914,34.70479,0 134.88848,34.70511,0 134.88651,34.70609,0 134.88463,34.70711,0 134.88321,34.70794,0 134.88223,34.70857,0 134.88104,34.70942,0 134.88018,34.71006,0 134.87238,34.7158,0 134.87224,34.7159,0 134.86636,34.72033,0 134.86488,34.72144,0 134.86333,34.72264,0 134.86252,34.72324,0 134.86185,34.72366,0 134.85939,34.72514,0 134.85786,34.7261,0 134.85603,34.72724,0 134.8518,34.72993,0 134.85018,34.73096,0 134.84704,34.73297,0 134.84637,34.73344,0 134.84445,34.73477,0 134.84168,34.73673,0 134.84126,34.73703,0 134.8387,34.73879,0 134.83721,34.73983,0 134.83621,34.74054,0 134.83497,34.74142,0 134.82893,34.74572,0 134.82661,34.74734,0 134.82565,34.74801,0 134.81823,34.75324,0 134.81813,34.75331,0 134.81717,34.75391,0 134.81712,34.75394,0 134.81638,34.75444,0 134.81407,34.756,0 134.81366,34.75628,0 134.81299,34.75674,0 134.81251,34.75707,0 134.81144,34.7578,0 134.81053,34.75842,0 134.81003,34.75877,0 134.80976,34.75895,0 134.80917,34.75938,0 134.80865,34.75975,0 134.80858,34.7598,0 134.80853,34.75983,0 134.80832,34.76,0 134.80828,34.76001,0 134.80827,34.76003,0 134.80586,34.76178,0 134.80303,34.76391,0 134.8021,34.76464,0 134.80045,34.76592,0 134.80032,34.76602,0 134.79942,34.76673,0 134.79615,34.76939,0 134.79593,34.76956,0 134.79405,34.77108,0 134.79258,34.77227,0 134.79171,34.77297,0 134.78981,34.77442,0 134.78929,34.7748,0 134.78897,34.77504,0 134.78893,34.77508,0 134.78881,34.77516,0 134.78869,34.77524,0 134.78742,34.77614,0 134.78707,34.77638,0 134.7869,34.77649,0 134.78682,34.77654,0 134.78579,34.77729,0 134.78482,34.77795,0 134.78432,34.77828,0 134.78383,34.77859,0 134.78381,34.77862,0 134.78255,34.77939,0 134.78201,34.77972,0 134.78154,34.78001,0 134.78117,34.78023,0 134.78061,34.78057,0 134.78003,34.78093,0 134.77975,34.7811,0 134.77925,34.7814,0 134.77799,34.78216,0 134.77794,34.78218,0 134.77736,34.78255,0 134.77682,34.78287,0 134.77636,34.78315,0 134.77547,34.7837,0 134.77506,34.78395,0 134.77452,34.78427,0 134.77386,34.78465,0 134.77347,34.78489,0 134.77345,34.78491,0 134.77334,34.78496,0 134.7728,34.78531,0 134.77191,34.78589,0 134.77156,34.78613,0 134.77088,34.78661,0 134.76981,34.78739,0 134.76975,34.78744,0 134.76925,34.7878,0 134.76713,34.7896,0 134.7663,34.79031,0 134.76625,34.79034,0 134.76563,34.79092,0 134.76484,34.79166,0 134.76321,34.79317,0 134.76165,34.79464,0 134.75981,34.79635,0 134.75979,34.79636,0 134.75943,34.79671,0 134.75818,34.79787,0 134.7578,34.79823,0 134.75731,34.79869,0 134.75676,34.7992,0 134.75648,34.79946,0 134.75618,34.79973,0 134.75541,34.80047,0 134.7551,34.80075,0 134.75497,34.80087,0 134.75451,34.80129,0 134.75318,34.80254,0 134.75293,34.80278,0 134.75269,34.80301,0 134.75262,34.80306,0 134.75211,34.80354,0 134.75143,34.80417,0 134.75124,34.80435,0 134.74947,34.80602,0 134.74901,34.80644,0 134.74877,34.80666,0 134.74864,34.80679,0 134.74816,34.80723,0 134.74786,34.80752,0 134.74726,34.80811,0 134.7463,34.80896,0 134.74559,34.80965,0 134.74502,34.81016,0 134.74463,34.81046,0 134.74409,34.81085,0 134.74362,34.81119,0 134.74356,34.81124,0 134.7431,34.81154,0 134.74111,34.81285,0 134.74095,34.81296,0 134.74084,34.81303,0 134.73895,34.81425,0 134.7379,34.81494,0 134.73656,34.8158,0 134.73574,34.81634,0 134.7357,34.81636,0 134.73496,34.81683,0 134.73446,34.81715,0 134.73363,34.81765,0 134.73275,34.81816,0 134.73221,34.81847,0 134.73144,34.81888,0 134.7312,34.819,0 134.73118,34.81902,0 134.73114,34.81904,0 134.73048,34.81938,0 134.72987,34.81967,0 134.72876,34.82017,0 134.72755,34.82068,0 134.72631,34.82117,0 134.7255,34.82146,0 134.72501,34.82164,0 134.7236,34.82205,0 134.72244,34.82235,0 134.72071,34.82277,0 134.71866,34.82319,0 134.71479,34.82366,0 134.71335,34.82383,0 134.71052,34.82414,0 134.70685,34.82455,0 134.70381,34.82489,0 134.70277,34.825,0 134.6975,34.82561,0 134.69284,34.82619,0</coordinates></LineString>
                        </Placemark>
                        <Placemark>
                            <name>山陽新幹線</name>
                            <styleUrl>#style_blue</styleUrl>
                            <LineString><tessellate>1</tessellate><coordinates>134.47661,34.81813,0 134.47211,34.81841,0</coordinates></LineString>
                        </Placemark>
                        <Placemark>
                            <name>山陽新幹線</name>
                            <styleUrl>#style_blue</styleUrl>
                            <LineString><tessellate>1</tessellate><coordinates>134.68858,34.82667,0 134.68706,34.82685,0 134.68398,34.82721,0 134.68189,34.82745,0 134.67677,34.82803,0 134.67301,34.82846,0 134.67171,34.82861,0 134.66639,34.82902,0 134.66593,34.82903,0 134.66198,34.82933,0 134.66135,34.82938,0 134.66108,34.8294,0 134.65587,34.82973,0 134.65436,34.82985,0 134.65283,34.82993,0 134.65069,34.83012,0 134.6503,34.83014,0 134.64898,34.83024,0 134.6483,34.83029,0 134.6455,34.8305,0 134.64457,34.83056,0 134.64247,34.8307,0 134.64025,34.83085,0 134.6394,34.83092,0 134.63709,34.83107,0 134.6354,34.83109,0 134.63301,34.83104,0 134.63172,34.83098,0 134.63141,34.83095,0 134.62853,34.83069,0 134.62808,34.83065,0 134.62494,34.83035,0 134.62431,34.83029,0 134.62345,34.8302,0 134.62227,34.83008,0 134.61818,34.82967,0 134.61796,34.82965,0 134.61223,34.82909,0 134.61194,34.82906,0 134.60889,34.82874,0 134.60697,34.82854,0 134.60318,34.82816,0 134.60119,34.82802,0 134.59786,34.82792,0 134.5945,34.82802,0 134.593,34.82813,0 134.59049,34.82833,0 134.58776,34.8285,0 134.58682,34.82856,0 134.58634,34.82859,0 134.5753,34.82936,0 134.57178,34.82961,0 134.57111,34.82966,0 134.57098,34.82967,0 134.56947,34.82976,0 134.56384,34.83013,0 134.56107,34.83019,0 134.55841,34.83006,0 134.55827,34.83005,0 134.55696,34.82997,0 134.556,34.82986,0 134.55521,34.82977,0 134.55449,34.82967,0 134.55346,34.82948,0 134.5531,34.82942,0 134.55129,34.82905,0 134.54908,34.82857,0 134.54741,34.82813,0 134.54292,34.82672,0 134.54147,34.82626,0 134.54047,34.82595,0 134.53866,34.82538,0 134.53483,34.82419,0 134.53258,34.82347,0 134.53202,34.82329,0 134.52836,34.82215,0 134.52562,34.82129,0 134.52363,34.82076,0 134.52169,34.82034,0 134.52042,34.82008,0 134.51773,34.81968,0 134.51764,34.81967,0 134.5169,34.81958,0 134.51562,34.81942,0 134.51392,34.81924,0 134.51131,34.81903,0 134.51026,34.81896,0 134.51021,34.81896,0 134.51016,34.81896,0 134.50976,34.81893,0 134.50968,34.81892,0 134.5085,34.81884,0 134.50842,34.81883,0 134.50795,34.8188,0 134.50793,34.8188,0 134.50786,34.81879,0 134.50722,34.81875,0 134.5058,34.81862,0 134.50489,34.81855,0 134.50355,34.81845,0 134.50324,34.81842,0 134.50255,34.81837,0 134.50211,34.81834,0 134.5008,34.81823,0 134.50032,34.8182,0 134.49983,34.81816,0 134.49958,34.81814,0 134.49872,34.81811,0 134.49728,34.81801,0 134.49677,34.81798,0 134.49637,34.81795,0 134.49428,34.81782,0 134.4939,34.81779,0 134.49347,34.81776,0 134.4933,34.81775,0 134.4931,34.81774,0 134.49244,34.8177,0 134.49212,34.81768,0 134.49143,34.81764,0 134.49095,34.81763,0 134.49078,34.81761,0 134.49044,34.81759,0 134.4903,34.81758,0 134.48961,34.81755,0 134.48893,34.81754,0 134.48855,34.81754,0 134.48846,34.81754,0 134.48716,34.81754,0 134.48542,34.81759,0 134.48487,34.81763,0 134.48467,34.81763,0 134.48318,34.8177,0 134.48187,34.81778,0 134.48169,34.81779,0 134.4807,34.81787,0 134.48027,34.8179,0 134.47973,34.81794,0 134.47934,34.81796,0 134.4792,34.81798,0 134.47905,34.81798,0 134.47843,34.81802,0 134.47821,34.81803,0 134.47803,34.81804,0 134.47763,34.81807,0 134.4774,34.81809,0 134.47661,34.81813,0</coordinates></LineString>
                        </Placemark>
                        <Placemark>
                            <name>山陽新幹線</name>
                            <styleUrl>#style_blue</styleUrl>
                            <LineString><tessellate>1</tessellate><coordinates>134.47211,34.81841,0 134.4715,34.81845,0 134.46957,34.81856,0 134.46922,34.81858,0 134.46864,34.81861,0 134.46829,34.81863,0 134.4682,34.81864,0 134.46732,34.81867,0 134.46718,34.81868,0 134.46667,34.8187,0 134.46534,34.81875,0 134.45982,34.81898,0 134.45809,34.81899,0 134.45714,34.81896,0 134.45661,34.81894,0 134.45588,34.81888,0 134.4552,34.81883,0 134.45497,34.8188,0 134.45484,34.81879,0 134.45266,34.81856,0 134.45049,34.81824,0 134.44885,34.81796,0 134.44688,34.81757,0 134.44541,34.81722,0 134.44438,34.81695,0 134.44391,34.81682,0 134.44299,34.81656,0 134.44157,34.81613,0 134.43994,34.81561,0 134.4385,34.81507,0 134.43737,34.81462,0 134.43623,34.8141,0 134.43501,34.8135,0 134.43436,34.81316,0 134.43272,34.8123,0 134.4307,34.81121,0 134.4255,34.80838,0 134.42512,34.80818,0 134.42505,34.80814,0 134.41579,34.80318,0 134.41544,34.803,0 134.41432,34.8024,0 134.41418,34.80233,0 134.41295,34.80167,0 134.41256,34.80146,0 134.41153,34.80092,0 134.41028,34.80025,0 134.40788,34.79896,0 134.40754,34.79879,0 134.40739,34.7987,0 134.40681,34.7984,0 134.40618,34.79806,0 134.40595,34.79794,0 134.4058,34.79786,0 134.40563,34.79776,0 134.40548,34.79769,0 134.40513,34.7975,0 134.40505,34.79746,0 134.40453,34.79719,0 134.40334,34.79657,0 134.40266,34.79621,0 134.40246,34.79609,0 134.4024,34.79606,0 134.40124,34.79545,0 134.39974,34.79465,0 134.39798,34.79372,0 134.39706,34.79323,0 134.39688,34.79314,0 134.39616,34.79277,0 134.39488,34.79207,0 134.38975,34.78928,0 134.38724,34.78798,0 134.38592,34.78735,0 134.38557,34.78719,0 134.38504,34.78696,0 134.38322,34.78617,0 134.37961,34.7848,0 134.37824,34.78433,0 134.37549,34.78345,0 134.37438,34.78313,0 134.3723,34.78254,0 134.36604,34.78113,0 134.36347,34.7806,0 134.36249,34.78042,0 134.36209,34.78034,0 134.36051,34.7801,0 134.35915,34.77988,0 134.35835,34.77978,0 134.35787,34.77972,0 134.3575,34.77967,0 134.35724,34.77964,0 134.35698,34.77961,0 134.35574,34.77947,0 134.35549,34.77945,0 134.35502,34.77941,0 134.35446,34.77937,0 134.35407,34.77933,0 134.35362,34.7793,0 134.35296,34.77924,0 134.35259,34.77923,0 134.35199,34.77921,0 134.35159,34.77919,0 134.34998,34.77912,0 134.34963,34.77911,0 134.34854,34.77906,0 134.34478,34.77891,0 134.34467,34.7789,0 134.34461,34.7789,0 134.33884,34.7787,0 134.33706,34.77864,0 134.33694,34.77864,0 134.33665,34.77864,0 134.33661,34.77864,0 134.33537,34.7786,0 134.33078,34.7784,0 134.3243,34.77813,0 134.31977,34.77794,0 134.3195,34.77793,0 134.31806,34.77786,0 134.31292,34.77761,0 134.31065,34.77745,0 134.309,34.7773,0 134.30779,34.77715,0 134.30703,34.77704,0 134.30587,34.77687,0 134.30409,34.77653,0 134.30101,34.77576,0 134.29767,34.77483,0 134.29644,34.77445,0 134.29535,34.77411,0 134.29086,34.77263,0 134.28615,34.7711,0 134.27586,34.76774,0 134.26557,34.76439,0 134.25596,34.76127,0 134.25565,34.76118,0 134.25555,34.76115,0 134.25452,34.76083,0 134.25437,34.76078,0 134.25368,34.76056,0 134.25256,34.76022,0 134.25215,34.76009,0 134.25115,34.75977,0 134.25088,34.75969,0 134.25028,34.75949,0 134.25017,34.75946,0 134.24976,34.75932,0 134.24731,34.75852,0 134.24541,34.75793,0 134.24483,34.75774,0 134.24455,34.75766,0 134.24404,34.7575,0 134.24376,34.75741,0 134.24345,34.75732,0 134.23851,34.75586,0 134.23821,34.75577,0 134.23479,34.75476,0 134.23476,34.75475,0 134.23245,34.75422,0 134.23127,34.754,0 134.22998,34.7538,0 134.22981,34.75377,0 134.22926,34.75369,0 134.22875,34.75362,0 134.22841,34.75359,0 134.22793,34.75354,0 134.22758,34.7535,0 134.22588,34.75332,0 134.22562,34.7533,0 134.22507,34.75323,0 134.22504,34.75323,0 134.22497,34.75322,0 134.22474,34.75319,0 134.2245,34.75316,0 134.22407,34.75311,0 134.22338,34.75306,0 134.2223,34.753,0 134.22094,34.75293,0 134.2197,34.75287,0 134.217,34.75274,0 134.2068,34.75216,0 134.2042,34.75201,0 134.20084,34.75181,0 134.19415,34.75144,0 134.1871,34.75104,0 134.18637,34.75098,0 134.1855,34.75088,0 134.18482,34.75081,0 134.18433,34.75074,0 134.18313,34.75055,0 134.18049,34.75011,0 134.17962,34.74992,0 134.17746,34.74934,0 134.17679,34.74913,0 134.17567,34.7488,0 134.17364,34.74816,0 134.17231,34.7477,0 134.17048,34.74708,0 134.16972,34.74678,0 134.169,34.7465,0 134.16849,34.7463,0 134.16341,34.74432,0 134.16285,34.7441,0 134.15849,34.74238,0 134.1529,34.74022,0 134.15059,34.73933,0 134.14389,34.73673,0 134.14289,34.73635,0 134.14008,34.73529,0 134.13912,34.73493,0 134.13512,34.7335,0 134.13297,34.73278,0 134.13275,34.73271,0 134.13225,34.73255,0 134.1316,34.73235,0 134.13092,34.73213,0 134.1271,34.73097,0 134.12589,34.73062,0 134.12487,34.73034,0 134.12282,34.72979,0 134.12232,34.72967,0 134.12212,34.72962,0 134.12136,34.72944,0 134.12065,34.72927,0 134.11769,34.72859,0 134.1161,34.72822,0 134.11597,34.7282,0 134.11454,34.72786,0 134.11448,34.72785,0 134.11341,34.7276,0 134.11197,34.72726,0 134.11167,34.72719,0 134.11145,34.72713,0 134.11111,34.72706,0 134.11096,34.72703,0 134.11013,34.72683,0 134.11005,34.72682,0 134.1097,34.72674,0 134.10966,34.72673,0 134.10943,34.72668,0 134.10913,34.72661,0 134.10654,34.72602,0 134.10459,34.72557,0 134.1039,34.72541,0 134.10249,34.72509,0 134.10164,34.72489,0 134.09678,34.72378,0 134.09582,34.72356,0 134.09574,34.72354,0 134.09566,34.72352,0 134.09361,34.72305,0 134.09024,34.7223,0 134.09017,34.72228,0 134.08932,34.7221,0 134.08928,34.72209,0 134.08856,34.72191,0 134.08593,34.7213,0 134.08441,34.72094,0 134.08139,34.72024,0 134.08131,34.72023,0 134.07996,34.71992,0 134.07926,34.71976,0 134.07919,34.71974,0 134.07777,34.71942,0 134.07421,34.7186,0 134.07262,34.71823,0 134.06798,34.71719,0 134.06731,34.71706,0 134.06398,34.71617,0 134.06359,34.71604,0 134.06351,34.71601,0 134.06261,34.71575,0 134.06256,34.71572,0 134.06119,34.71532,0 134.05939,34.71478,0 134.05916,34.71472,0 134.05831,34.71445,0 134.05757,34.71423,0 134.05733,34.71416,0 134.05724,34.71414,0 134.05681,34.714,0 134.05664,34.71396,0 134.0561,34.71379,0 134.05548,34.7136,0 134.05545,34.71358,0 134.05391,34.71313,0 134.05311,34.7129,0 134.05273,34.71279,0 134.05222,34.71263,0 134.05042,34.71209,0 134.04911,34.7117,0 134.048,34.71136,0 134.04778,34.71131,0 134.04755,34.71123,0 134.04683,34.71102,0 134.04564,34.71067,0 134.04561,34.71065,0 134.0454,34.7106,0 134.04509,34.7105,0 134.04506,34.71048,0 134.04412,34.71022,0 134.04392,34.71015,0 134.04293,34.70986,0 134.04289,34.70985,0 134.04271,34.70979,0 134.04171,34.7095,0 134.04133,34.70937,0 134.04114,34.70931,0 134.04099,34.70927,0 134.03957,34.7088,0 134.03952,34.70878,0 134.03886,34.70854,0 134.03882,34.70852,0 134.03875,34.7085,0 134.03791,34.70817,0 134.0378,34.70813,0 134.0369,34.70778,0 134.03604,34.70743,0 134.03507,34.70704,0 134.03479,34.7069,0 134.03446,34.70676,0 134.03425,34.70666,0 134.0342,34.70664,0 134.03276,34.70596,0 134.03271,34.70594,0 134.03224,34.70572,0 134.03187,34.70553,0 134.03047,34.70481,0 134.02719,34.70308,0 134.0271,34.70303,0 134.02688,34.70292,0 134.0268,34.70288,0 134.02585,34.70237,0 134.02535,34.70211,0 134.02519,34.70202,0 134.02478,34.70181,0 134.02457,34.70169,0 134.02436,34.70158,0 134.02418,34.70148,0 134.02356,34.70116,0 134.02344,34.7011,0 134.02302,34.70088,0 134.02202,34.70034,0 134.02046,34.69952,0 134.01871,34.6986,0 134.01787,34.69816,0 134.01764,34.69804,0 134.0172,34.69781,0 134.01623,34.69731,0 134.01596,34.69716,0 134.01487,34.69659,0 134.01435,34.69631,0 134.01425,34.69626,0 134.01355,34.69589,0 134.01246,34.69533,0 134.01152,34.69484,0 134.00849,34.69324,0 134.00776,34.69286,0 134.00739,34.69266,0 134.00699,34.69245,0 134.00636,34.69212,0 134.00585,34.69186,0 134.0054,34.69162,0 134.00493,34.69139,0 134.00407,34.69095,0 134.00377,34.6908,0 134.00317,34.69051,0 134.00214,34.69003,0 134.00133,34.68966,0 134.00091,34.68949,0 134.00074,34.68943,0 134.00031,34.68925,0 133.99957,34.68898,0 133.99879,34.68869,0 133.99733,34.68815,0 133.9963,34.68783,0 133.9962,34.6878,0 133.99616,34.68779,0 133.99368,34.68713,0 133.99279,34.6869,0 133.9921,34.68674,0 133.9917,34.68666,0 133.98916,34.68616,0 133.98821,34.68603,0 133.98735,34.68592,0 133.98711,34.6859,0 133.98665,34.68584,0 133.98595,34.68577,0 133.98522,34.68571,0 133.98488,34.68568,0 133.98485,34.68567,0 133.98433,34.68563,0 133.98418,34.68562,0 133.98281,34.68549,0 133.98267,34.68548,0 133.98263,34.68547,0 133.9816,34.68539,0 133.98062,34.68531,0 133.97941,34.68519,0 133.9789,34.68514,0 133.9783,34.68509,0 133.97723,34.685,0 133.97719,34.68499,0 133.97553,34.68484,0 133.97508,34.6848,0 133.97488,34.68478,0 133.97391,34.6847,0 133.97381,34.68468,0 133.97334,34.68465,0 133.97272,34.68459,0 133.97217,34.68454,0 133.9718,34.68451,0 133.97171,34.6845,0 133.97156,34.68448,0 133.97014,34.68435,0 133.96872,34.68422,0 133.96845,34.6842,0 133.96791,34.68416,0 133.96711,34.68407,0 133.96622,34.684,0 133.96613,34.68399,0 133.96514,34.68391,0 133.96486,34.68387,0 133.96366,34.68377,0 133.96291,34.6837,0 133.96288,34.68369,0 133.96225,34.68364,0 133.9622,34.68363,0 133.96181,34.6836,0 133.96094,34.68352,0 133.96078,34.68351,0 133.96073,34.6835,0 133.96037,34.68347,0 133.95971,34.68341,0 133.95961,34.6834,0 133.95857,34.68331,0 133.95819,34.68327,0 133.95741,34.68321,0 133.95701,34.68317,0 133.95613,34.68309,0 133.95599,34.68307,0 133.95534,34.68302,0 133.95522,34.68301,0 133.95463,34.68295,0 133.95407,34.6829,0 133.95321,34.68283,0 133.95279,34.68279,0 133.9521,34.68273,0 133.95191,34.68271,0 133.95179,34.6827,0 133.95094,34.68263,0 133.95081,34.68262,0 133.95033,34.68258,0 133.95004,34.68255,0 133.94977,34.68252,0 133.94967,34.68252,0 133.94903,34.68246,0 133.94853,34.68242,0 133.94813,34.68238,0 133.94726,34.6823,0 133.94641,34.68223,0 133.94532,34.68214,0 133.94512,34.68212,0 133.94422,34.68204,0 133.94416,34.68203,0 133.94352,34.68198,0 133.94207,34.68186,0 133.94127,34.68178,0 133.93985,34.68165,0 133.93961,34.68162,0 133.93899,34.68157,0 133.93875,34.68155,0 133.93873,34.68155,0 133.93869,34.68154,0 133.9384,34.68152,0 133.9383,34.68151,0 133.93764,34.68146,0 133.93749,34.68144,0 133.93654,34.68135,0 133.93574,34.68129,0 133.93467,34.6812,0 133.93445,34.68118,0 133.93324,34.68108,0 133.93296,34.68105,0 133.93236,34.68101,0 133.93158,34.68093,0 133.93148,34.68091,0 133.9314,34.6809,0 133.93106,34.68085,0 133.93071,34.68078,0 133.93003,34.68064,0 133.9293,34.68044,0 133.92906,34.68037,0 133.92897,34.68033,0 133.92864,34.68022,0 133.92795,34.67996,0 133.92792,34.67994,0 133.92754,34.67976,0 133.92719,34.6796,0 133.92669,34.67931,0</coordinates></LineString>
                        </Placemark>
                        <Placemark>
                            <name>山陽新幹線</name>
                            <styleUrl>#style_blue</styleUrl>
                            <LineString><tessellate>1</tessellate><coordinates>133.91917,34.66742,0 133.91846,34.66625,0 133.91791,34.66545,0 133.91739,34.66478,0 133.91692,34.66427,0</coordinates></LineString>
                        </Placemark>
                        <Placemark>
                            <name>山陽新幹線</name>
                            <styleUrl>#style_blue</styleUrl>
                            <LineString><tessellate>1</tessellate><coordinates>133.92669,34.67931,0 133.92599,34.67887,0 133.9256,34.67858,0 133.92513,34.67816,0 133.92445,34.67753,0 133.92408,34.67712,0 133.92385,34.67683,0 133.9235,34.67636,0 133.92337,34.67616,0 133.92294,34.67539,0 133.92241,34.67426,0 133.92172,34.67277,0 133.92149,34.67229,0 133.92077,34.67075,0 133.92053,34.67024,0 133.92045,34.67006,0 133.92037,34.6699,0 133.9203,34.66977,0 133.92017,34.66949,0 133.91986,34.66881,0 133.91979,34.66866,0 133.9195,34.66804,0 133.91917,34.66742,0</coordinates></LineString>
                        </Placemark>
                        <Placemark>
                            <name>山陽新幹線</name>
                            <styleUrl>#style_blue</styleUrl>
                            <LineString><tessellate>1</tessellate><coordinates>133.37239,34.49158,0 133.36959,34.49093,0 133.36822,34.49063,0 133.36618,34.49015,0 133.36357,34.48957,0</coordinates></LineString>
                        </Placemark>
                        <Placemark>
                            <name>山陽新幹線</name>
                            <styleUrl>#style_blue</styleUrl>
                            <LineString><tessellate>1</tessellate><coordinates>133.91692,34.66427,0 133.91629,34.66368,0 133.91549,34.66304,0 133.91516,34.66282,0 133.91488,34.66265,0 133.91461,34.66249,0 133.91413,34.66223,0 133.91346,34.66189,0 133.91269,34.66153,0 133.91232,34.66135,0 133.91161,34.66102,0 133.9105,34.66049,0 133.91013,34.66035,0 133.9097,34.66019,0 133.90913,34.66002,0 133.90854,34.65989,0 133.90762,34.65971,0 133.90681,34.65959,0 133.90649,34.65955,0 133.90616,34.65952,0 133.90578,34.6595,0 133.90455,34.65948,0 133.90366,34.65945,0 133.90301,34.65944,0 133.90171,34.65942,0 133.90152,34.65942,0 133.9006,34.65939,0 133.9003,34.65939,0 133.89999,34.65939,0 133.89911,34.65936,0 133.89802,34.65933,0 133.8971,34.6593,0 133.89624,34.65923,0 133.89517,34.65915,0 133.89443,34.65908,0 133.89425,34.65906,0 133.8939,34.65902,0 133.89248,34.65885,0 133.89129,34.65869,0 133.88975,34.65848,0 133.8884,34.65829,0 133.88696,34.6581,0 133.88559,34.65791,0 133.88416,34.65772,0 133.88331,34.6576,0 133.88278,34.65753,0 133.8814,34.65733,0 133.88005,34.65716,0 133.87862,34.65696,0 133.8772,34.65677,0 133.87587,34.65661,0 133.87551,34.65657,0 133.87452,34.65647,0 133.87319,34.65636,0 133.87235,34.6563,0 133.87107,34.65618,0 133.87048,34.65613,0 133.8667,34.65581,0 133.86232,34.65545,0 133.85946,34.65521,0 133.85795,34.65509,0 133.8536,34.65473,0 133.84922,34.65434,0 133.84843,34.65428,0 133.84485,34.65398,0 133.8436,34.65387,0 133.842,34.6537,0 133.8405,34.65351,0 133.83982,34.65339,0 133.83773,34.65301,0 133.83748,34.65295,0 133.83622,34.65267,0 133.83612,34.65264,0 133.83484,34.65234,0 133.83459,34.65227,0 133.83356,34.65199,0 133.83174,34.65149,0 133.83041,34.65111,0 133.82736,34.65025,0 133.82298,34.64898,0 133.81996,34.64811,0 133.8186,34.64771,0 133.81394,34.64635,0 133.80989,34.64517,0 133.80953,34.64507,0 133.80571,34.64402,0 133.80152,34.64285,0 133.80037,34.64252,0 133.79741,34.64169,0 133.79331,34.64056,0 133.79308,34.6405,0 133.79172,34.64016,0 133.78896,34.63944,0 133.78581,34.63864,0 133.78472,34.63836,0 133.78042,34.63731,0 133.77974,34.63715,0 133.77607,34.63625,0 133.77544,34.63609,0 133.7752,34.63603,0 133.7736,34.63563,0 133.77351,34.63561,0 133.7717,34.63516,0 133.77066,34.63491,0 133.7696,34.63463,0 133.76733,34.63399,0 133.76649,34.63376,0 133.76391,34.63294,0 133.76304,34.63265,0 133.76237,34.63243,0 133.7613,34.63204,0 133.76028,34.63163,0 133.75865,34.63094,0 133.75783,34.6306,0 133.7564,34.62995,0 133.75426,34.62899,0 133.75323,34.62848,0 133.75306,34.62839,0 133.75212,34.62791,0 133.75119,34.62742,0 133.75066,34.62712,0 133.74979,34.62662,0 133.74889,34.62608,0 133.74808,34.6256,0 133.74736,34.62514,0 133.74598,34.62408,0 133.74553,34.62376,0 133.7444,34.62293,0 133.74395,34.6226,0 133.7419,34.62112,0 133.74158,34.62086,0 133.73984,34.61958,0 133.73901,34.61896,0 133.73736,34.61776,0 133.73705,34.61753,0 133.73615,34.61687,0 133.7349,34.61595,0 133.7337,34.61508,0 133.73287,34.61448,0 133.7311,34.61319,0 133.72999,34.61235,0 133.72882,34.6115,0 133.72703,34.61019,0 133.72401,34.60798,0 133.72126,34.60596,0 133.71994,34.60496,0 133.71849,34.60392,0 133.7172,34.60298,0 133.71696,34.60281,0 133.71675,34.60266,0 133.7151,34.60143,0 133.71263,34.59963,0 133.71163,34.59888,0 133.71063,34.59812,0 133.70995,34.59759,0 133.70943,34.59713,0 133.7089,34.59664,0 133.70874,34.59649,0 133.70739,34.59518,0 133.70654,34.59424,0 133.70591,34.59349,0 133.70542,34.5929,0 133.70472,34.59201,0 133.70437,34.59155,0 133.70347,34.59033,0 133.70345,34.59031,0 133.70284,34.58946,0 133.70177,34.58786,0 133.70126,34.58706,0 133.70092,34.58657,0 133.70069,34.5862,0 133.69917,34.5839,0 133.69899,34.58362,0 133.69858,34.583,0 133.69798,34.58209,0 133.69776,34.58178,0 133.69752,34.58142,0 133.69669,34.58024,0 133.69638,34.57981,0 133.69567,34.57885,0 133.69489,34.57784,0 133.69457,34.57748,0 133.69385,34.57667,0 133.69284,34.57563,0 133.69263,34.57541,0 133.69203,34.57481,0 133.69101,34.57386,0 133.69003,34.573,0 133.68909,34.57223,0 133.68871,34.57194,0 133.68819,34.57154,0 133.68697,34.57063,0 133.68615,34.57006,0 133.68521,34.56946,0 133.6812,34.56689,0 133.68015,34.56623,0 133.68009,34.56619,0</coordinates></LineString>
                        </Placemark>
                        <Placemark>
                            <name>山陽新幹線</name>
                            <styleUrl>#style_blue</styleUrl>
                            <LineString><tessellate>1</tessellate><coordinates>133.68009,34.56619,0 133.67663,34.56397,0</coordinates></LineString>
                        </Placemark>
                        <Placemark>
                            <name>山陽新幹線</name>
                            <styleUrl>#style_blue</styleUrl>
                            <LineString><tessellate>1</tessellate><coordinates>133.36357,34.48957,0 133.3619,34.48931,0 133.3606,34.48914,0 133.35913,34.48897,0</coordinates></LineString>
                        </Placemark>
                        <Placemark>
                            <name>山陽新幹線</name>
                            <styleUrl>#style_blue</styleUrl>
                            <LineString><tessellate>1</tessellate><coordinates>133.18824,34.42934,0 133.19219,34.43082,0</coordinates></LineString>
                        </Placemark>
                        <Placemark>
                            <name>山陽新幹線</name>
                            <styleUrl>#style_blue</styleUrl>
                            <LineString><tessellate>1</tessellate><coordinates>133.18824,34.42934,0 133.18714,34.42893,0 133.18679,34.42879,0 133.18579,34.42842,0 133.185,34.42811,0 133.18441,34.42789,0 133.18383,34.42767,0 133.18261,34.42722,0 133.18068,34.42652,0 133.17348,34.42379,0 133.17105,34.42286,0 133.1671,34.42137,0 133.16411,34.42021,0 133.16348,34.41992,0 133.16266,34.41959,0 133.16015,34.41865,0 133.15008,34.41488,0 133.14902,34.41448,0 133.14039,34.41123,0 133.14003,34.41109,0 133.13385,34.40876,0 133.1325,34.40825,0 133.12265,34.40459,0 133.12242,34.40451,0 133.12195,34.40433,0 133.12081,34.40391,0 133.11885,34.40331,0 133.11764,34.40298,0 133.11643,34.4027,0 133.11433,34.40232,0 133.11426,34.4023,0 133.1121,34.40195,0 133.10991,34.40165,0 133.10762,34.4014,0 133.10533,34.4012,0 133.10336,34.40105,0 133.10306,34.40103,0 133.10081,34.40089,0 133.09858,34.40075,0 133.09796,34.40073,0 133.0962,34.40069,0 133.09413,34.40068,0 133.0923,34.40072,0 133.09213,34.40073,0 133.09042,34.40074,0 133.09012,34.40075,0 133.08905,34.40076,0 133.08543,34.4008,0</coordinates></LineString>
                        </Placemark>
                        <Placemark>
                            <name>山陽新幹線</name>
                            <styleUrl>#style_blue</styleUrl>
                            <LineString><tessellate>1</tessellate><coordinates>133.35913,34.48897,0 133.35809,34.48886,0 133.3571,34.48878,0 133.35578,34.48872,0 133.35407,34.48865,0 133.35101,34.48855,0 133.34858,34.48846,0 133.34825,34.48844,0 133.34733,34.4884,0 133.34563,34.48831,0 133.34492,34.48828,0 133.34418,34.48822,0 133.34353,34.48816,0 133.34266,34.48807,0 133.34199,34.48799,0 133.34153,34.48793,0 133.34095,34.48783,0 133.34016,34.48767,0 133.33948,34.48755,0 133.33841,34.48734,0 133.33732,34.48711,0 133.33671,34.48698,0 133.3356,34.48675,0 133.33517,34.48666,0 133.33293,34.48619,0 133.32761,34.48508,0 133.3252,34.48459,0 133.32486,34.48452,0 133.3224,34.48402,0 133.32107,34.48376,0 133.32045,34.48361,0 133.31946,34.48336,0 133.31784,34.48295,0 133.31709,34.48273,0 133.31624,34.48248,0 133.31561,34.48227,0 133.31429,34.48184,0 133.31422,34.48181,0 133.31149,34.4809,0 133.31145,34.48089,0 133.31069,34.48064,0 133.31051,34.48058,0 133.30946,34.48025,0 133.30938,34.48023,0 133.30745,34.47958,0 133.30457,34.47863,0 133.30359,34.47829,0 133.302,34.47777,0 133.29993,34.47708,0 133.29848,34.47659,0 133.29719,34.47617,0 133.29294,34.47477,0 133.28996,34.47377,0 133.28749,34.47296,0 133.28693,34.47277,0 133.28679,34.47272,0 133.28446,34.47195,0 133.27798,34.46979,0 133.27666,34.46936,0 133.27616,34.46919,0 133.26746,34.4663,0 133.26641,34.46595,0 133.26637,34.46594,0 133.26545,34.46564,0 133.2654,34.46562,0 133.26281,34.46476,0 133.26021,34.4639,0 133.25902,34.4635,0 133.25845,34.4633,0 133.25418,34.46191,0 133.25255,34.46136,0 133.2525,34.46135,0 133.25002,34.46051,0 133.24908,34.4602,0 133.24901,34.46018,0 133.2474,34.45965,0 133.24668,34.45944,0 133.24506,34.45887,0 133.24435,34.45864,0 133.24362,34.45837,0 133.2425,34.45796,0 133.24116,34.45743,0 133.23897,34.45643,0 133.23813,34.45603,0 133.23757,34.45576,0 133.23654,34.45525,0 133.23619,34.45508,0 133.23587,34.45492,0 133.23553,34.45476,0 133.23544,34.45471,0 133.23449,34.45428,0 133.23379,34.45391,0 133.23299,34.45348,0 133.23012,34.45191,0 133.22995,34.45182,0 133.22936,34.45148,0 133.22916,34.45137,0 133.22838,34.4509,0 133.22827,34.45083,0 133.22783,34.45055,0 133.2276,34.45038,0 133.2272,34.45009,0 133.226,34.44912,0 133.22501,34.44839,0 133.22315,34.44696,0 133.22099,34.44538,0 133.21938,34.44434,0 133.21516,34.44161,0 133.21234,34.43994,0 133.21052,34.43894,0 133.20801,34.43755,0 133.20602,34.43654,0 133.20375,34.43546,0 133.202,34.43462,0 133.20107,34.43424,0 133.19953,34.43361,0 133.19783,34.43288,0 133.19643,34.43233,0 133.19415,34.43154,0 133.19384,34.43143,0 133.19273,34.43102,0 133.19263,34.43099,0 133.19242,34.43091,0 133.19219,34.43082,0</coordinates></LineString>
                        </Placemark>
                        <Placemark>
                            <name>山陽新幹線</name>
                            <styleUrl>#style_blue</styleUrl>
                            <LineString><tessellate>1</tessellate><coordinates>132.76159,34.39054,0 132.75895,34.38887,0 132.75783,34.38816,0</coordinates></LineString>
                        </Placemark>
                        <Placemark>
                            <name>山陽新幹線</name>
                            <styleUrl>#style_blue</styleUrl>
                            <LineString><tessellate>1</tessellate><coordinates>133.08115,34.40085,0 133.08037,34.40086,0 133.07957,34.40087,0 133.07774,34.40087,0 133.07733,34.40085,0 133.07482,34.40064,0 133.07231,34.40041,0 133.06981,34.40018,0 133.06934,34.40014,0 133.06732,34.39995,0 133.06484,34.3997,0 133.06238,34.39948,0 133.05994,34.39927,0 133.05832,34.39911,0 133.0574,34.39902,0 133.05721,34.399,0 133.0563,34.39891,0 133.05605,34.39889,0 133.05487,34.39877,0 133.05413,34.39872,0 133.0531,34.39865,0 133.05285,34.39864,0 133.05207,34.3986,0 133.05119,34.39858,0 133.04921,34.39858,0 133.04702,34.39863,0 133.04487,34.39877,0 133.0437,34.39884,0 133.04233,34.39902,0 133.04181,34.39909,0 133.04113,34.39917,0 133.04047,34.39929,0 133.03987,34.3994,0 133.03894,34.39958,0 133.03789,34.3998,0 133.03689,34.40003,0 133.03604,34.40024,0 133.03559,34.40035,0 133.0355,34.40038,0 133.03353,34.40095,0 133.03158,34.40155,0 133.0303,34.40197,0 133.02948,34.40226,0 133.0275,34.4031,0 133.02667,34.40344,0 133.02563,34.40388,0 133.02375,34.40468,0 133.02198,34.40543,0 133.02157,34.4056,0 133.02127,34.40573,0 133.02104,34.40583,0 133.02079,34.40593,0 133.02078,34.40594,0 133.02046,34.40608,0 133.0198,34.40637,0 133.01912,34.40665,0 133.01887,34.40675,0 133.01854,34.4069,0 133.01826,34.40701,0 133.01795,34.40715,0 133.01493,34.40844,0 133.014,34.40884,0 133.01098,34.41013,0 133.00719,34.41172,0 133.00642,34.41204,0 133.00557,34.4124,0 133.00503,34.41262,0 133.00369,34.41318,0 133.00203,34.4138,0 133.00143,34.41403,0 132.99938,34.41474,0 132.99892,34.41488,0 132.99847,34.41502,0 132.99776,34.41526,0 132.9976,34.41533,0 132.99743,34.41539,0 132.99619,34.4157,0 132.99498,34.41602,0 132.99369,34.41634,0 132.99295,34.41652,0 132.99252,34.41659,0 132.99237,34.41661,0 132.99171,34.41673,0 132.98983,34.41707,0 132.98869,34.41723,0 132.98835,34.41728,0 132.98736,34.41742,0 132.98633,34.41754,0 132.98557,34.41762,0 132.98481,34.4177,0 132.98281,34.4179,0 132.98137,34.41804,0 132.98044,34.4181,0 132.97934,34.41815,0 132.97814,34.41821,0 132.97693,34.41821,0 132.9763,34.41821,0 132.97594,34.41821,0 132.97435,34.41816,0 132.97343,34.41816,0 132.97241,34.41811,0 132.97173,34.41807,0 132.97082,34.41801,0 132.96986,34.41793,0 132.96886,34.41784,0 132.96754,34.41769,0 132.96626,34.41753,0 132.96528,34.41742,0 132.96527,34.41742,0 132.96472,34.41736,0 132.96411,34.41729,0 132.9637,34.41725,0 132.96288,34.41715,0 132.96158,34.417,0 132.95986,34.41679,0 132.9543,34.41613,0 132.95362,34.41605,0 132.95087,34.41573,0 132.9495,34.41558,0 132.94806,34.41542,0 132.94693,34.41531,0 132.94546,34.41514,0 132.94397,34.41497,0 132.94333,34.41489,0 132.9427,34.41482,0 132.9415,34.41469,0 132.94097,34.41462,0 132.94089,34.41461,0 132.9403,34.41454,0 132.94022,34.41453,0 132.93894,34.41438,0 132.93866,34.41435,0 132.93789,34.41426,0 132.93675,34.41415,0 132.93612,34.41407,0 132.93565,34.41401,0 132.93448,34.41387,0 132.93362,34.41376,0 132.93251,34.41362,0 132.93143,34.4135,0 132.93017,34.41334,0 132.92962,34.41328,0 132.92902,34.41322,0 132.92818,34.41313,0 132.92727,34.41303,0 132.92652,34.41293,0 132.92566,34.41283,0 132.92494,34.41274,0 132.92403,34.41263,0 132.92327,34.41254,0 132.92249,34.41245,0 132.92161,34.41235,0 132.92089,34.41226,0 132.91946,34.41211,0 132.91865,34.412,0 132.91862,34.412,0 132.91808,34.41193,0 132.91688,34.41179,0 132.91556,34.41165,0 132.91443,34.41151,0 132.91342,34.41141,0 132.91287,34.41133,0 132.91229,34.41127,0 132.91155,34.41116,0 132.91016,34.411,0 132.90875,34.41082,0 132.90768,34.4107,0 132.90746,34.41068,0 132.90632,34.41056,0 132.90408,34.4103,0 132.90154,34.41001,0 132.89821,34.40962,0 132.89648,34.40944,0 132.8955,34.40929,0 132.89437,34.40916,0 132.89321,34.40902,0 132.89234,34.40893,0 132.89172,34.40888,0 132.89105,34.40885,0 132.89019,34.40881,0 132.88894,34.40877,0 132.88813,34.40875,0 132.88721,34.40872,0 132.88668,34.40871,0 132.88538,34.40869,0 132.88453,34.40869,0 132.88353,34.4087,0 132.88313,34.4087,0 132.88141,34.40871,0 132.8779,34.40874,0 132.87632,34.40875,0 132.87486,34.40877,0 132.87244,34.40879,0 132.87143,34.40882,0 132.86972,34.40883,0 132.86803,34.40884,0 132.86655,34.40884,0 132.86453,34.40889,0 132.86157,34.40893,0 132.86058,34.40894,0 132.85662,34.40899,0 132.85555,34.40898,0 132.85434,34.40898,0 132.85163,34.40902,0 132.8495,34.40907,0 132.84904,34.40908,0 132.84761,34.40912,0 132.84703,34.40913,0 132.84608,34.40915,0 132.84505,34.40919,0 132.84388,34.40922,0 132.84273,34.40925,0 132.84117,34.40928,0 132.8388,34.40933,0 132.83711,34.40935,0 132.83538,34.40939,0 132.83453,34.40941,0 132.83119,34.4095,0 132.83032,34.40951,0 132.83,34.40951,0 132.82896,34.40952,0 132.82797,34.40954,0 132.82595,34.40957,0 132.82067,34.40967,0 132.81612,34.40977,0 132.81353,34.40982,0 132.81143,34.40984,0 132.8096,34.40972,0 132.80691,34.40954,0 132.80452,34.40934,0 132.80281,34.40916,0 132.80051,34.40883,0 132.79911,34.40857,0 132.79864,34.40846,0 132.79837,34.40841,0 132.79657,34.40803,0 132.79518,34.4077,0 132.79449,34.40754,0 132.7941,34.40744,0 132.79409,34.40743,0 132.79383,34.40736,0 132.79304,34.40715,0 132.7918,34.40677,0 132.78912,34.40589,0 132.78641,34.40478,0 132.78451,34.40393,0 132.78402,34.4037,0 132.78379,34.40359,0 132.78219,34.40281,0 132.78021,34.40182,0 132.7795,34.40145,0 132.77796,34.40062,0 132.77704,34.40018,0 132.7757,34.39942,0 132.7747,34.39883,0 132.77412,34.39848,0 132.77259,34.39752,0 132.77242,34.39741,0 132.77185,34.39705,0 132.77173,34.39698,0 132.77137,34.39675,0 132.7713,34.39671,0 132.77119,34.39664,0 132.77047,34.39619,0 132.77036,34.39612,0 132.77004,34.39591,0 132.76979,34.39575,0 132.76968,34.39568,0 132.76881,34.39514,0 132.76827,34.39479,0 132.76676,34.39384,0 132.76656,34.3937,0 132.76604,34.39337,0 132.76547,34.393,0 132.76525,34.39286,0 132.7636,34.39181,0 132.76326,34.39159,0 132.76304,34.39145,0 132.76241,34.39106,0 132.76159,34.39054,0</coordinates></LineString>
                        </Placemark>
                        <Placemark>
                            <name>山陽新幹線</name>
                            <styleUrl>#style_blue</styleUrl>
                            <LineString><tessellate>1</tessellate><coordinates>133.08543,34.4008,0 133.08115,34.40085,0</coordinates></LineString>
                        </Placemark>
                        <Placemark>
                            <name>山陽新幹線</name>
                            <styleUrl>#style_blue</styleUrl>
                            <LineString><tessellate>1</tessellate><coordinates>132.47351,34.39948,0 132.47309,34.39974,0 132.47298,34.39981,0 132.47286,34.39989,0 132.47248,34.40014,0 132.47161,34.40072,0 132.47128,34.40096,0 132.47098,34.40119,0 132.47084,34.4013,0 132.47011,34.40192,0 132.46968,34.40232,0 132.4692,34.40281,0 132.46901,34.40305,0 132.46838,34.40385,0 132.46811,34.40417,0 132.46804,34.40425,0 132.46745,34.40489,0 132.46721,34.40513,0 132.46688,34.40542,0 132.46639,34.40581,0 132.46603,34.40606,0 132.46558,34.40635,0 132.46538,34.40646,0 132.46506,34.40664,0 132.4645,34.40692,0 132.46403,34.40712,0 132.46337,34.40738,0 132.46306,34.4075,0 132.46274,34.40763,0 132.46268,34.40765,0 132.46257,34.40769,0 132.46216,34.40784,0 132.46147,34.40808,0 132.46097,34.40826,0 132.46039,34.40847,0 132.45982,34.40869,0 132.4591,34.40896,0 132.45895,34.40901,0 132.45844,34.4092,0 132.45828,34.40927,0 132.45772,34.40947,0 132.45728,34.40961,0 132.45692,34.4097,0 132.45653,34.4098,0 132.45589,34.4099,0 132.45559,34.40993,0 132.45529,34.40997,0 132.4547,34.41001,0 132.45394,34.41005,0 132.45256,34.41,0 132.45125,34.40989,0 132.45117,34.40988,0 132.44937,34.40975,0 132.44852,34.40971,0 132.44796,34.40968,0 132.44751,34.40965,0 132.4469,34.40959,0 132.44612,34.40953,0 132.44536,34.40945,0 132.44455,34.40936,0 132.44444,34.40935,0 132.44383,34.40929,0 132.44336,34.40925,0 132.44311,34.40921,0 132.44166,34.40907,0 132.44072,34.40897,0 132.44015,34.40891,0 132.43928,34.40883,0 132.43888,34.40879,0 132.43704,34.40862,0 132.43682,34.4086,0 132.43649,34.40856,0 132.43564,34.40849,0 132.43473,34.40841,0 132.43466,34.40841,0 132.42778,34.40777,0 132.42689,34.40769,0 132.42612,34.40761,0 132.42183,34.40713,0 132.42021,34.407,0 132.41589,34.4066,0 132.41203,34.40625,0 132.40897,34.40593,0 132.40719,34.40573,0 132.40488,34.40552,0 132.40399,34.40544,0 132.39946,34.40496,0 132.398,34.40477,0 132.39763,34.40471,0 132.3945,34.40424,0 132.39397,34.40416,0 132.39368,34.40412,0 132.39129,34.40382,0 132.3902,34.40365,0 132.38872,34.40338,0 132.3853,34.40274,0 132.38394,34.40246,0 132.38284,34.40223,0 132.37249,34.40006,0 132.37115,34.39979,0 132.36902,34.39935,0 132.36901,34.39935,0 132.36692,34.39894,0 132.36441,34.39841,0 132.362,34.39787,0 132.36111,34.39765,0 132.35987,34.39729,0 132.35837,34.39686,0 132.35808,34.39678,0 132.35572,34.39596,0 132.35488,34.39564,0 132.35417,34.39534,0 132.35337,34.39498,0 132.35333,34.39496,0 132.34727,34.39203,0 132.34654,34.39164,0 132.34559,34.39111,0 132.34453,34.39046,0 132.344,34.39011,0 132.34321,34.38957,0 132.34104,34.388,0 132.3403,34.3874,0 132.33783,34.38536,0 132.33679,34.38449,0 132.33637,34.38412,0 132.33607,34.38382,0 132.33517,34.38292,0 132.33404,34.38162,0 132.33367,34.38119,0 132.33274,34.37999,0 132.33207,34.37908,0 132.33136,34.37813,0 132.33071,34.37716,0 132.33011,34.37624,0 132.33001,34.37609,0 132.3299,34.37591,0 132.3294,34.37513,0 132.32703,34.37093,0 132.32531,34.36792,0 132.32375,34.3652,0 132.32231,34.36265,0 132.32098,34.3603,0 132.32065,34.35974,0 132.3199,34.35845,0 132.31909,34.35702,0 132.31787,34.35487,0 132.31713,34.35366,0 132.3159,34.35164,0 132.31588,34.35161,0 132.31564,34.35121,0 132.31525,34.35062,0 132.31472,34.34982,0 132.31436,34.3493,0 132.31372,34.34841,0 132.31208,34.34611,0 132.31169,34.34558,0 132.31123,34.34496,0 132.31076,34.34431,0 132.30992,34.34315,0 132.30886,34.34168,0 132.30792,34.3404,0 132.30526,34.33658,0 132.3048,34.33584,0 132.30398,34.33455,0 132.30263,34.33242,0 132.30167,34.3309,0 132.30019,34.32856,0 132.29887,34.32648,0 132.29814,34.32531,0 132.29625,34.32237,0 132.29558,34.32128,0 132.29439,34.31936,0 132.29435,34.31928,0 132.29391,34.31861,0 132.29323,34.31755,0 132.2928,34.31687,0 132.29244,34.31632,0 132.29202,34.31571,0 132.29143,34.31489,0 132.29017,34.31309,0 132.28919,34.31175,0 132.28883,34.31125,0 132.28837,34.31063,0 132.28759,34.30964,0 132.28732,34.30931,0 132.28708,34.309,0 132.28681,34.3087,0 132.28647,34.3083,0 132.28527,34.30695,0 132.28497,34.30666,0 132.28415,34.30585,0 132.28339,34.3051,0 132.2831,34.30484,0 132.28169,34.30362,0 132.28158,34.30353,0 132.28135,34.30333,0 132.28049,34.30265,0 132.27995,34.30221,0 132.27922,34.30162,0 132.2785,34.30105,0 132.27798,34.30067,0 132.27771,34.30049,0 132.2757,34.29906,0 132.27488,34.29849,0 132.2741,34.29794,0 132.2734,34.29746,0 132.27201,34.2965,0 132.27068,34.29558,0 132.27004,34.29515,0 132.26962,34.29487,0 132.26958,34.29484,0 132.2685,34.29411,0 132.26104,34.2891,0 132.25908,34.28778,0 132.25691,34.28634,0 132.25553,34.28541,0 132.25324,34.28384,0 132.25252,34.28333,0 132.25229,34.28317,0 132.25175,34.28277,0 132.25072,34.28199,0 132.25002,34.28145,0 132.24914,34.28073,0 132.24867,34.28036,0 132.24833,34.28008,0 132.2475,34.27941,0 132.24483,34.27723,0 132.24243,34.2753,0 132.23852,34.27215,0 132.23455,34.26896,0 132.23374,34.26832,0 132.22968,34.26506,0 132.22739,34.26322,0 132.22582,34.26201,0 132.22547,34.26173,0 132.22479,34.26116,0 132.22415,34.26065,0 132.22351,34.26015,0 132.22264,34.25946,0 132.21498,34.25326,0 132.21311,34.25175,0 132.20826,34.24786,0 132.2071,34.24691,0 132.20368,34.24414,0 132.19922,34.24057,0 132.19918,34.24054,0 132.19571,34.23772,0 132.19519,34.23728,0 132.19439,34.23657,0 132.19388,34.23611,0 132.19279,34.2351,0 132.19167,34.23398,0 132.19138,34.2337,0 132.19113,34.23345,0 132.19092,34.23321,0 132.18984,34.23185,0 132.18959,34.23154,0 132.18936,34.23122,0 132.1892,34.231,0 132.18902,34.23073,0 132.18745,34.22812,0 132.18706,34.2275,0 132.18662,34.22679,0 132.18179,34.21867,0 132.1802,34.21601,0 132.17926,34.21438,0 132.17833,34.21279,0 132.177,34.21054,0 132.17515,34.20744,0 132.17421,34.20588,0 132.1725,34.20297,0 132.17216,34.20243,0 132.17128,34.20098,0 132.17081,34.20018,0 132.17006,34.19898,0 132.16765,34.195,0 132.16726,34.19434,0 132.16697,34.19385,0 132.16396,34.18874,0 132.1624,34.18624,0 132.16179,34.18525,0 132.16102,34.1839,0 132.16013,34.18242,0 132.1581,34.17908,0 132.15618,34.17579,0 132.15507,34.17388,0 132.15272,34.16993,0 132.15188,34.16854,0 132.15074,34.16661,0 132.1507,34.16656,0</coordinates></LineString>
                        </Placemark>
                        <Placemark>
                            <name>山陽新幹線</name>
                            <styleUrl>#style_blue</styleUrl>
                            <LineString><tessellate>1</tessellate><coordinates>132.47692,34.39738,0 132.47607,34.39792,0 132.47418,34.39908,0 132.47351,34.39948,0</coordinates></LineString>
                        </Placemark>
                        <Placemark>
                            <name>山陽新幹線</name>
                            <styleUrl>#style_blue</styleUrl>
                            <LineString><tessellate>1</tessellate><coordinates>132.48586,34.39405,0 132.48664,34.39399,0 132.48707,34.39397,0 132.4879,34.39388,0 132.4881,34.39386,0 132.48815,34.39385,0 132.48889,34.39377,0 132.48944,34.3937,0 132.4897,34.39366,0 132.48989,34.39363,0 132.49012,34.39359,0 132.49035,34.39357,0 132.49056,34.39353,0 132.49073,34.39351,0 132.49107,34.39345,0 132.49155,34.39337,0 132.49197,34.39332,0 132.49222,34.39328,0 132.4926,34.39321,0 132.49261,34.39321,0</coordinates></LineString>
                        </Placemark>
                        <Placemark>
                            <name>山陽新幹線</name>
                            <styleUrl>#style_blue</styleUrl>
                            <LineString><tessellate>1</tessellate><coordinates>132.75783,34.38816,0 132.75676,34.38748,0 132.75606,34.38704,0 132.75435,34.38598,0 132.75388,34.38568,0 132.75337,34.38535,0 132.75247,34.38475,0 132.75126,34.38396,0 132.74995,34.38309,0 132.74915,34.38255,0 132.74898,34.38245,0 132.74854,34.38213,0 132.74818,34.38188,0 132.74776,34.38159,0 132.74746,34.38137,0 132.74652,34.38062,0 132.74435,34.37891,0 132.74339,34.37815,0 132.74177,34.37693,0 132.74127,34.37655,0 132.7405,34.37591,0 132.73884,34.37453,0 132.73839,34.37416,0 132.73816,34.37398,0 132.73701,34.37306,0 132.73682,34.37291,0 132.73609,34.37232,0 132.73484,34.37134,0 132.73423,34.37086,0 132.73178,34.3689,0 132.73048,34.36784,0 132.72947,34.36703,0 132.72876,34.36648,0 132.72829,34.36613,0 132.72618,34.36467,0 132.72613,34.36464,0 132.72469,34.3637,0 132.72395,34.36326,0 132.72323,34.36282,0 132.72278,34.36257,0 132.72267,34.36251,0 132.71934,34.36071,0 132.71838,34.3602,0 132.71725,34.35957,0 132.71718,34.35953,0 132.71658,34.3592,0 132.71624,34.35901,0 132.71517,34.35842,0 132.71457,34.35809,0 132.71423,34.3579,0 132.71415,34.35786,0 132.71397,34.35776,0 132.71296,34.35721,0 132.711,34.35618,0 132.70988,34.35559,0 132.7084,34.3548,0 132.70808,34.35463,0 132.70673,34.35388,0 132.70634,34.35368,0 132.70576,34.35334,0 132.705,34.3529,0 132.70382,34.35226,0 132.70372,34.3522,0 132.70324,34.35194,0 132.70264,34.35162,0 132.70104,34.35082,0 132.70024,34.35044,0 132.6997,34.3502,0 132.69908,34.34993,0 132.69888,34.34984,0 132.69884,34.34983,0 132.69827,34.34959,0 132.69804,34.34949,0 132.69751,34.34927,0 132.69746,34.34926,0 132.69628,34.34879,0 132.69549,34.3485,0 132.69518,34.34839,0 132.69436,34.3481,0 132.69332,34.34775,0 132.69252,34.34751,0 132.6923,34.34744,0 132.69201,34.34735,0 132.69145,34.34719,0 132.69069,34.34699,0 132.69012,34.34685,0 132.68988,34.34679,0 132.68984,34.34678,0 132.6892,34.34663,0 132.68909,34.34661,0 132.68802,34.34644,0 132.68715,34.3463,0 132.6827,34.34559,0 132.67966,34.34519,0 132.67898,34.34512,0 132.67822,34.34505,0 132.67621,34.34488,0 132.6725,34.34458,0 132.66518,34.34404,0 132.66131,34.34376,0 132.6581,34.34351,0 132.65607,34.34337,0 132.65414,34.34322,0 132.64896,34.34281,0 132.64838,34.34277,0 132.64731,34.34273,0 132.64573,34.3427,0 132.64514,34.34271,0 132.64366,34.34277,0 132.64309,34.34279,0 132.64301,34.34279,0 132.6421,34.34287,0 132.64099,34.34297,0 132.63984,34.34311,0 132.63867,34.34324,0 132.63791,34.34336,0 132.63633,34.34361,0 132.63471,34.34386,0 132.63404,34.34401,0 132.63352,34.34412,0 132.63286,34.34431,0 132.63223,34.34447,0 132.63198,34.34454,0 132.63136,34.34472,0 132.63054,34.34497,0 132.62879,34.34557,0 132.62736,34.34613,0 132.62708,34.34626,0 132.62612,34.34669,0 132.62519,34.34714,0 132.62435,34.34757,0 132.62369,34.34794,0 132.62337,34.34812,0 132.62295,34.34838,0 132.62247,34.34866,0 132.62195,34.34899,0 132.6212,34.34948,0 132.62033,34.34999,0 132.61993,34.35022,0 132.61914,34.35066,0 132.61841,34.35106,0 132.61793,34.35134,0 132.61745,34.35161,0 132.61603,34.3524,0 132.61511,34.35291,0 132.61471,34.35313,0 132.61332,34.35391,0 132.61193,34.35467,0 132.61042,34.35549,0 132.60953,34.35598,0 132.6086,34.35651,0 132.60819,34.35674,0 132.60655,34.35768,0 132.60614,34.35791,0 132.60597,34.35801,0 132.60569,34.35816,0 132.60516,34.35846,0 132.60386,34.35918,0 132.60243,34.35996,0 132.60144,34.36056,0 132.60122,34.36066,0 132.60041,34.36104,0 132.59857,34.36203,0 132.5978,34.36245,0 132.5969,34.36295,0 132.59676,34.36303,0 132.59643,34.36323,0 132.5955,34.36375,0 132.59417,34.36452,0 132.59327,34.36503,0 132.59198,34.36576,0 132.59107,34.36627,0 132.59011,34.36682,0 132.58948,34.36719,0 132.58922,34.36731,0 132.5887,34.36762,0 132.58769,34.3682,0 132.58737,34.36837,0 132.58564,34.36931,0 132.58467,34.36983,0 132.58279,34.37088,0 132.58189,34.37139,0 132.58045,34.3722,0 132.5798,34.37257,0 132.57944,34.37275,0 132.57859,34.37321,0 132.57852,34.37326,0 132.57797,34.37359,0 132.5773,34.37396,0 132.57712,34.37405,0 132.57604,34.37466,0 132.57527,34.3751,0 132.57346,34.37607,0 132.57162,34.37704,0 132.57013,34.37782,0 132.56855,34.37862,0 132.56709,34.3794,0 132.56674,34.37957,0 132.56591,34.37996,0 132.56466,34.38056,0 132.56353,34.38104,0 132.56239,34.38143,0 132.56141,34.38172,0 132.56134,34.38174,0 132.56033,34.38198,0 132.5601,34.38204,0 132.55976,34.38211,0 132.55966,34.38213,0 132.5588,34.38231,0 132.55826,34.38242,0 132.55819,34.38243,0 132.55713,34.38262,0 132.55643,34.38272,0 132.55631,34.38275,0 132.55577,34.38282,0 132.55548,34.38286,0 132.55546,34.38287,0 132.55502,34.38292,0 132.55477,34.38296,0 132.55457,34.38298,0 132.55396,34.38305,0 132.55388,34.38306,0 132.55348,34.38311,0 132.55337,34.38312,0 132.55259,34.38318,0 132.55136,34.38328,0 132.55079,34.38332,0 132.55023,34.38336,0 132.54909,34.38345,0 132.54782,34.38354,0 132.54655,34.38365,0 132.54567,34.3837,0 132.544,34.38384,0 132.54334,34.38389,0 132.54269,34.38394,0 132.54192,34.384,0 132.54063,34.38407,0 132.53934,34.38415,0 132.53812,34.38423,0 132.53661,34.38432,0 132.53454,34.38444,0 132.53396,34.38448,0 132.53266,34.38455,0 132.53128,34.38462,0 132.5301,34.38469,0 132.52872,34.38477,0 132.52804,34.38481,0 132.52743,34.38486,0 132.5267,34.3849,0 132.52541,34.38499,0 132.52415,34.38506,0 132.52348,34.38512,0 132.52291,34.38516,0 132.52273,34.38518,0 132.52111,34.38537,0 132.52001,34.38553,0 132.51927,34.38566,0 132.51894,34.38571,0 132.51818,34.38585,0 132.51749,34.38599,0 132.51515,34.38657,0 132.5147,34.38667,0 132.51455,34.3867,0 132.51441,34.38674,0 132.51401,34.38683,0 132.51278,34.38713,0 132.51244,34.38721,0 132.51181,34.38737,0 132.51173,34.38738,0 132.51136,34.38748,0 132.51052,34.38769,0 132.51042,34.38771,0 132.50901,34.38808,0 132.50751,34.38846,0 132.50618,34.38882,0 132.50527,34.38908,0 132.50506,34.38915,0 132.50487,34.38921,0 132.50466,34.38928,0 132.50459,34.3893,0 132.50416,34.38945,0 132.50363,34.38963,0 132.50239,34.39007,0 132.50112,34.39053,0 132.50108,34.39054,0 132.50051,34.39075,0 132.50029,34.39083,0 132.49894,34.3913,0 132.49845,34.39147,0 132.49748,34.39179,0 132.49689,34.39198,0 132.49647,34.39211,0 132.49509,34.39259,0 132.49478,34.39269,0 132.49457,34.39275,0 132.4944,34.39281,0 132.49389,34.39297,0 132.49368,34.39303,0 132.49333,34.39311,0 132.49302,34.39316,0 132.4928,34.3932,0 132.49261,34.39321,0</coordinates></LineString>
                        </Placemark>
                        <Placemark>
                            <name>山陽新幹線</name>
                            <styleUrl>#style_blue</styleUrl>
                            <LineString><tessellate>1</tessellate><coordinates>132.48586,34.39405,0 132.48608,34.39398,0 132.48661,34.39385,0 132.48684,34.39379,0 132.4877,34.39361,0 132.48843,34.39352,0 132.48863,34.3935,0 132.48915,34.39344,0 132.48972,34.39337,0 132.49024,34.39332,0 132.49036,34.3933,0 132.49071,34.39327,0 132.49153,34.39324,0 132.49235,34.39322,0 132.49261,34.39321,0</coordinates></LineString>
                        </Placemark>
                        <Placemark>
                            <name>山陽新幹線</name>
                            <styleUrl>#style_blue</styleUrl>
                            <LineString><tessellate>1</tessellate><coordinates>132.1507,34.16656,0 132.14869,34.16314,0</coordinates></LineString>
                        </Placemark>
                        <Placemark>
                            <name>山陽新幹線</name>
                            <styleUrl>#style_blue</styleUrl>
                            <LineString><tessellate>1</tessellate><coordinates>132.47692,34.39738,0 132.47704,34.39731,0 132.47864,34.39625,0 132.47937,34.39577,0 132.48002,34.39536,0 132.48036,34.3952,0 132.48068,34.39507,0 132.48104,34.39493,0 132.48111,34.39492,0 132.48125,34.39487,0 132.48138,34.39483,0 132.48151,34.3948,0 132.48164,34.39477,0 132.48226,34.39464,0 132.48261,34.39459,0 132.48316,34.3945,0 132.48402,34.39436,0 132.48432,34.3943,0 132.48481,34.39422,0 132.48502,34.39419,0 132.4856,34.39408,0 132.48586,34.39405,0</coordinates></LineString>
                        </Placemark>
                        <Placemark>
                            <name>山陽新幹線</name>
                            <styleUrl>#style_blue</styleUrl>
                            <LineString><tessellate>1</tessellate><coordinates>132.14869,34.16314,0 132.14866,34.16308,0 132.14731,34.16085,0 132.14599,34.1586,0 132.14592,34.1585,0 132.14543,34.1577,0 132.1449,34.15686,0 132.14405,34.15544,0 132.14396,34.1553,0 132.14332,34.15425,0 132.14319,34.15404,0 132.14265,34.15302,0 132.14184,34.15166,0 132.14122,34.1506,0 132.1401,34.14881,0 132.13896,34.14696,0 132.13865,34.14645,0 132.13773,34.14493,0 132.13697,34.14369,0 132.1359,34.14195,0 132.13523,34.14088,0 132.13474,34.14009,0 132.1342,34.1393,0 132.13364,34.13841,0 132.13343,34.13809,0 132.13268,34.13693,0 132.1317,34.13533,0 132.13089,34.13411,0 132.12983,34.13259,0 132.12908,34.1314,0 132.12844,34.13045,0 132.12803,34.12984,0 132.12714,34.12857,0 132.12626,34.12735,0 132.12539,34.12621,0 132.12492,34.12564,0 132.12368,34.12413,0 132.12252,34.12284,0 132.12159,34.12197,0 132.12149,34.12188,0 132.12056,34.121,0 132.11939,34.11991,0 132.11858,34.11918,0 132.11761,34.11838,0 132.11654,34.11753,0 132.11577,34.1169,0 132.11489,34.11625,0 132.11449,34.11597,0 132.11374,34.11545,0 132.11288,34.11486,0 132.11009,34.11308,0 132.10799,34.11184,0 132.10768,34.11166,0 132.10564,34.11053,0 132.10322,34.1094,0 132.10153,34.10869,0 132.09996,34.10807,0 132.09798,34.10734,0 132.09783,34.10731,0 132.09739,34.10715,0 132.09678,34.10693,0 132.09662,34.10688,0 132.09617,34.10674,0 132.09597,34.10668,0 132.09408,34.10603,0 132.09233,34.1055,0 132.08961,34.10478,0 132.08751,34.10429,0 132.08624,34.10406,0 132.08535,34.10389,0 132.08355,34.10354,0 132.08173,34.10319,0 132.08139,34.10312,0 132.08101,34.10306,0 132.07756,34.10236,0 132.07475,34.10185,0 132.07185,34.1013,0 132.07057,34.10106,0 132.07031,34.10101,0 132.06888,34.10073,0 132.06768,34.10052,0 132.06632,34.10024,0 132.06393,34.09978,0 132.06168,34.09936,0 132.06004,34.09907,0 132.0595,34.09897,0 132.05936,34.09894,0 132.05904,34.09889,0 132.05871,34.09881,0 132.05818,34.09873,0 132.05624,34.09837,0 132.05424,34.09799,0 132.05366,34.09788,0 132.05027,34.09725,0 132.04774,34.09677,0 132.04246,34.09582,0 132.04164,34.09567,0 132.04129,34.09561,0 132.04034,34.09543,0 132.03993,34.09535,0 132.03784,34.09497,0 132.03521,34.09449,0 132.0341,34.09427,0 132.03299,34.09408,0 132.03224,34.09393,0 132.0312,34.0937,0 132.03011,34.09344,0 132.02843,34.09294,0 132.02762,34.0927,0 132.02499,34.09181,0 132.02462,34.09167,0 132.02367,34.0913,0 132.02247,34.09083,0 132.02236,34.09079,0 132.02002,34.08985,0 132.01804,34.08903,0 132.01654,34.08841,0 132.01505,34.08774,0 132.01368,34.08708,0 132.01269,34.0866,0 132.01164,34.086,0 132.0102,34.08512,0 132.00855,34.08405,0 132.00682,34.08292,0 132.00579,34.08223,0 132.00513,34.0818,0 132.00355,34.08076,0 132.00134,34.0793,0 131.99966,34.07818,0 131.99753,34.07678,0 131.99673,34.07619,0 131.99557,34.07543,0 131.99497,34.07505,0 131.99338,34.07398,0 131.99207,34.07315,0 131.99058,34.07214,0 131.98887,34.07102,0 131.98741,34.07006,0 131.98694,34.06977,0 131.98594,34.06914,0 131.98486,34.06846,0 131.9834,34.06759,0 131.98171,34.06671,0 131.98036,34.06598,0 131.97893,34.06529,0 131.97777,34.06473,0 131.97729,34.0645,0 131.97653,34.06414,0 131.97401,34.06297,0 131.97293,34.06248,0 131.97288,34.06246,0 131.97149,34.06186,0 131.96993,34.06122,0 131.96825,34.0605,0 131.96642,34.05967,0 131.96469,34.05891,0 131.96376,34.05851,0 131.96335,34.05827,0 131.96284,34.05798,0 131.96107,34.05698,0 131.9602,34.05649,0 131.95849,34.05543,0 131.95715,34.05443,0 131.95658,34.05402,0 131.95603,34.05362,0 131.9555,34.05323,0 131.95377,34.05191,0 131.95208,34.05061,0 131.951,34.0498,0 131.95026,34.04924,0 131.94935,34.04857,0 131.9488,34.04815,0 131.94674,34.0466,0 131.94578,34.04591,0 131.94413,34.04483,0 131.94325,34.04428,0 131.94219,34.04365,0 131.94114,34.04304,0 131.94052,34.04273,0 131.93983,34.04239,0 131.93807,34.04153,0 131.93686,34.04099,0 131.93526,34.04049,0 131.93291,34.03995,0 131.9328,34.03993,0 131.9309,34.03953,0 131.92859,34.03903,0 131.92618,34.03863,0 131.92498,34.0385,0 131.92353,34.03843,0 131.92207,34.03839,0 131.9206,34.03835,0 131.91882,34.03835,0 131.91776,34.03827,0 131.916,34.03827,0 131.91525,34.0383,0 131.91403,34.03839,0 131.91194,34.0384,0 131.91,34.03833,0 131.90862,34.03826,0 131.90765,34.03818,0 131.90456,34.03789,0 131.90448,34.03787,0 131.90222,34.03757,0 131.89953,34.03717,0 131.89692,34.03679,0 131.896,34.03668,0 131.8932,34.03623,0 131.89115,34.03589,0 131.88935,34.03556,0 131.8876,34.03528,0 131.88592,34.03508,0 131.88512,34.03501,0 131.88425,34.03494,0 131.88193,34.03482,0 131.88026,34.03483,0 131.87785,34.03498,0 131.87548,34.03512,0 131.87406,34.03522,0 131.87332,34.03527,0 131.87254,34.03529,0 131.86941,34.03544,0 131.86828,34.03548,0 131.86805,34.03549,0 131.86754,34.03549,0 131.86675,34.03551,0 131.86552,34.03557,0 131.86432,34.03563,0 131.863,34.03566,0 131.86219,34.03569,0 131.86133,34.0357,0 131.86008,34.0357,0 131.85931,34.03567,0 131.85869,34.03561,0 131.85809,34.03555,0 131.85722,34.03545,0 131.8562,34.03531,0 131.85471,34.03511,0 131.85332,34.03486,0 131.85253,34.03471,0 131.85096,34.03445,0 131.85016,34.03433,0 131.84937,34.03421,0 131.84779,34.03402,0 131.8471,34.03394,0 131.84604,34.03387,0 131.8448,34.03381,0 131.84475,34.03381,0 131.84287,34.03374,0 131.84169,34.03371,0 131.84032,34.03372,0 131.83893,34.03378,0 131.83769,34.03388,0 131.83592,34.03413,0 131.83479,34.03431,0 131.8338,34.03449,0 131.83344,34.03455,0 131.83233,34.03479,0 131.83118,34.03505,0 131.82958,34.03551,0 131.82833,34.03584,0 131.82772,34.03605,0 131.82706,34.03627,0 131.82437,34.03731,0 131.82289,34.03791,0 131.8218,34.03846,0 131.82174,34.03849,0 131.81938,34.03973,0 131.81779,34.04053,0 131.81592,34.04147,0 131.81363,34.04266,0 131.81243,34.04328,0 131.81189,34.04356,0 131.81024,34.04443,0 131.8087,34.04523,0 131.80738,34.04595,0 131.80672,34.04638,0 131.80598,34.04691,0 131.80528,34.04761,0 131.80401,34.04899,0</coordinates></LineString>
                        </Placemark>
                        <Placemark>
                            <name>山陽新幹線</name>
                            <styleUrl>#style_blue</styleUrl>
                            <LineString><tessellate>1</tessellate><coordinates>131.80401,34.04899,0 131.80273,34.05036,0 131.80213,34.05101,0 131.80173,34.05148,0 131.80135,34.05198,0 131.80082,34.05277,0</coordinates></LineString>
                        </Placemark>
                        <Placemark>
                            <name>山陽新幹線</name>
                            <styleUrl>#style_blue</styleUrl>
                            <LineString><tessellate>1</tessellate><coordinates>131.3954,34.09226,0 131.39433,34.09166,0 131.39269,34.09061,0 131.39078,34.08932,0 131.38871,34.08784,0 131.38698,34.08659,0 131.38591,34.08588,0 131.38482,34.08524,0 131.38394,34.08471,0 131.38029,34.08229,0 131.37952,34.08176,0 131.37922,34.08157,0 131.37487,34.07862,0 131.37323,34.07737,0 131.37258,34.07686,0 131.37162,34.07599,0 131.37085,34.07527,0 131.36962,34.0739,0 131.36867,34.07289,0 131.36854,34.07276,0 131.36519,34.06912,0 131.36421,34.0681,0 131.36321,34.067,0 131.36214,34.06584,0 131.36213,34.06582,0 131.36121,34.06485,0 131.35992,34.06356,0 131.3592,34.06286,0 131.35853,34.06224,0 131.35757,34.06146,0 131.35645,34.06053,0 131.35516,34.05955,0 131.35467,34.0592,0 131.35373,34.0586,0 131.35284,34.05803,0 131.35139,34.0571,0 131.3499,34.05622,0 131.34911,34.05578,0 131.34785,34.05515,0 131.34666,34.05461,0 131.34586,34.05426,0 131.34477,34.05383,0 131.34227,34.05296,0 131.34079,34.05246,0 131.33926,34.05204,0 131.33786,34.05167,0 131.33675,34.05142,0 131.33619,34.05131,0 131.33551,34.05117,0 131.3343,34.05098,0 131.33258,34.05085,0 131.33242,34.05084,0 131.33034,34.05072,0 131.32864,34.05068,0 131.32653,34.05064,0 131.32129,34.05055,0 131.31961,34.05064,0 131.31856,34.0507,0 131.31644,34.05075,0 131.3149,34.05078,0 131.31378,34.05077,0 131.31308,34.05079,0 131.31206,34.05074,0 131.31087,34.05067,0 131.30965,34.05056,0 131.30838,34.05038,0 131.30661,34.05012,0 131.30467,34.0498,0 131.30374,34.04963,0 131.30191,34.04923,0 131.30024,34.04881,0 131.29827,34.04816,0 131.29607,34.04741,0 131.29248,34.0462,0 131.28945,34.04523,0 131.28577,34.04408,0 131.2788,34.0418,0 131.27667,34.04111,0 131.27481,34.04061,0 131.27348,34.04026,0 131.27201,34.03988,0 131.27074,34.03959,0 131.26973,34.03938,0 131.26871,34.03919,0 131.26591,34.03874,0 131.26329,34.03832,0 131.26136,34.03805,0 131.25769,34.03756,0 131.25528,34.0373,0 131.25497,34.03728,0 131.25422,34.03723,0 131.25362,34.0372,0 131.25316,34.03718,0 131.25229,34.03716,0 131.24919,34.03711,0 131.24807,34.0371,0 131.24769,34.03709,0 131.24759,34.03709,0 131.24696,34.03707,0 131.24623,34.03707,0 131.24459,34.03704,0 131.243,34.03707,0 131.24191,34.0371,0 131.24135,34.03715,0 131.23919,34.0373,0 131.23863,34.03736,0 131.23766,34.0375,0 131.23647,34.03767,0 131.23489,34.03788,0 131.23359,34.03807,0 131.23279,34.03821,0 131.23219,34.03831,0 131.23122,34.03848,0 131.23054,34.03858,0 131.22939,34.03872,0 131.22778,34.03893,0 131.22691,34.03907,0 131.22633,34.03917,0 131.2259,34.03923,0 131.22515,34.03935,0 131.22398,34.03953,0 131.22239,34.03978,0 131.22103,34.03999,0 131.2193,34.04026,0 131.21582,34.04082,0 131.21436,34.04106,0 131.21392,34.04113,0 131.2101,34.04172,0 131.20728,34.04217,0 131.20449,34.04264,0 131.20411,34.04271,0 131.20373,34.04276,0 131.20258,34.04293,0 131.2018,34.04306,0 131.2006,34.04322,0 131.20028,34.04326,0 131.19792,34.0436,0 131.19534,34.04398,0 131.19487,34.04405,0 131.19426,34.04414,0 131.19383,34.04421,0 131.19228,34.04445,0 131.19072,34.0447,0 131.18967,34.04487,0 131.18846,34.04507,0 131.18787,34.04516,0 131.18547,34.04556,0 131.18487,34.04566,0 131.18364,34.04589,0 131.18342,34.04594,0 131.18132,34.04635,0 131.18097,34.04642,0 131.17926,34.04681,0 131.17724,34.04729,0 131.17582,34.04761,0 131.175,34.04782,0 131.17285,34.0484,0 131.17244,34.04854,0 131.17229,34.04859,0 131.17147,34.04884,0 131.17,34.04931,0 131.16876,34.04973,0 131.1675,34.05017,0 131.16601,34.05073,0 131.16473,34.0512,0 131.16377,34.0516,0 131.16218,34.05227,0</coordinates></LineString>
                        </Placemark>
                        <Placemark>
                            <name>山陽新幹線</name>
                            <styleUrl>#style_blue</styleUrl>
                            <LineString><tessellate>1</tessellate><coordinates>131.80082,34.05277,0 131.80059,34.05311,0 131.80031,34.05357,0 131.79999,34.05413,0 131.79955,34.05506,0 131.79922,34.05588,0 131.79884,34.05711,0 131.79841,34.05837,0 131.79803,34.05959,0 131.79798,34.05976,0 131.7976,34.06085,0 131.79726,34.06183,0 131.79703,34.06247,0 131.79685,34.06303,0 131.79654,34.06399,0 131.79615,34.06514,0 131.79596,34.06572,0 131.79559,34.06692,0 131.79514,34.06829,0 131.79492,34.06894,0 131.79477,34.06936,0 131.79458,34.06991,0 131.7942,34.07061,0 131.79387,34.07123,0 131.79362,34.07173,0 131.79328,34.07239,0 131.79299,34.07294,0 131.79275,34.07339,0 131.79242,34.07401,0 131.7922,34.07449,0 131.79198,34.07494,0 131.79183,34.07523,0 131.79158,34.07564,0 131.79126,34.07622,0 131.79098,34.07668,0 131.79065,34.07724,0 131.79021,34.07789,0 131.78965,34.07868,0 131.78922,34.07926,0 131.78877,34.07981,0 131.78833,34.08031,0 131.78766,34.08095,0 131.78713,34.08139,0 131.78649,34.08194,0 131.78588,34.08236,0 131.78543,34.08269,0 131.78495,34.08304,0 131.78438,34.08343,0 131.78373,34.08393,0 131.78315,34.08433,0 131.78262,34.08472,0 131.78189,34.08524,0 131.78117,34.08578,0 131.78071,34.08609,0 131.7802,34.08641,0 131.77985,34.0866,0 131.77872,34.08738,0 131.77785,34.08783,0 131.77631,34.08853,0 131.77622,34.08858,0 131.77449,34.08925,0 131.77326,34.08963,0 131.77158,34.09013,0 131.76962,34.09065,0 131.76698,34.09112,0 131.76581,34.0913,0 131.76479,34.09146,0 131.76319,34.09165,0 131.76255,34.09171,0 131.76205,34.09175,0 131.76083,34.09184,0 131.75962,34.09193,0 131.75811,34.09199,0 131.75686,34.09197,0 131.75578,34.09194,0 131.75512,34.0919,0 131.75413,34.0918,0 131.75338,34.0917,0 131.75149,34.09137,0 131.75036,34.09119,0 131.74934,34.09102,0 131.7483,34.09084,0 131.74755,34.0907,0 131.746,34.09042,0 131.74438,34.0901,0 131.74345,34.08989,0 131.74224,34.08957,0 131.73926,34.08887,0 131.73687,34.0883,0 131.73664,34.08825,0 131.73587,34.08807,0 131.7325,34.08727,0 131.73043,34.0868,0 131.72956,34.0866,0 131.72921,34.08655,0 131.7287,34.08642,0 131.72824,34.08633,0 131.72795,34.08627,0 131.72735,34.08616,0 131.72636,34.08597,0 131.72536,34.08577,0 131.72428,34.08556,0 131.72319,34.08536,0 131.72211,34.08518,0 131.72077,34.0849,0 131.71961,34.08471,0 131.71908,34.08461,0 131.71773,34.08436,0 131.71599,34.08405,0 131.71412,34.0837,0 131.71322,34.08353,0 131.71159,34.08321,0 131.7094,34.08276,0 131.70822,34.08256,0 131.70697,34.08231,0 131.70656,34.08224,0 131.70605,34.08215,0 131.70529,34.082,0 131.70466,34.08187,0 131.70404,34.08176,0 131.70343,34.08165,0 131.70264,34.08153,0 131.70187,34.08139,0 131.7011,34.08129,0 131.70025,34.08119,0 131.69944,34.08112,0 131.69909,34.08109,0 131.69841,34.08103,0 131.69762,34.08096,0 131.69684,34.08093,0 131.69593,34.08092,0 131.6951,34.08089,0 131.69501,34.08089,0 131.69403,34.08088,0 131.69264,34.08086,0 131.69255,34.08087,0 131.69225,34.08087,0 131.69204,34.08087,0 131.69167,34.08087,0 131.69043,34.08088,0 131.68991,34.08089,0 131.68879,34.08089,0 131.68768,34.0809,0 131.68657,34.08091,0 131.68546,34.08092,0 131.68427,34.08093,0 131.68367,34.08093,0 131.68234,34.08093,0 131.68171,34.08093,0 131.67957,34.08087,0 131.67902,34.08083,0 131.6784,34.08078,0 131.67779,34.08071,0 131.67729,34.08068,0 131.67618,34.08059,0 131.67509,34.08054,0 131.67399,34.08046,0 131.67288,34.08037,0 131.67178,34.08025,0 131.67068,34.08011,0 131.67067,34.08011,0 131.66957,34.07996,0 131.66846,34.07983,0 131.66736,34.07969,0 131.66626,34.07954,0 131.66517,34.07939,0 131.66407,34.07922,0 131.66297,34.07907,0 131.66187,34.07891,0 131.66078,34.07875,0 131.65976,34.0786,0 131.65968,34.07859,0 131.65858,34.07844,0 131.65749,34.07831,0 131.65639,34.07816,0 131.65529,34.07801,0 131.65419,34.07786,0 131.65309,34.07772,0 131.65199,34.07756,0 131.65089,34.07741,0 131.64979,34.07727,0 131.64882,34.07715,0 131.64868,34.07713,0 131.64758,34.07698,0 131.64647,34.07684,0 131.64537,34.07669,0 131.64426,34.07653,0 131.64314,34.07638,0 131.64203,34.07624,0 131.64198,34.07623,0 131.64091,34.07609,0 131.6398,34.07595,0 131.63869,34.0758,0 131.63758,34.07564,0 131.63647,34.07548,0 131.63536,34.07534,0 131.63426,34.0752,0 131.63316,34.07506,0 131.63205,34.07491,0 131.63104,34.07477,0 131.63095,34.07476,0 131.62984,34.07461,0 131.62874,34.07446,0 131.62763,34.07435,0 131.62685,34.07424,0 131.62587,34.07412,0 131.62489,34.074,0 131.62386,34.07387,0 131.62287,34.07375,0 131.62256,34.07371,0 131.62146,34.07357,0 131.61998,34.07338,0 131.61325,34.07248,0 131.61049,34.0723,0 131.60953,34.07227,0 131.60923,34.07226,0 131.60904,34.07225,0 131.60874,34.07224,0 131.60746,34.07219,0 131.60696,34.07217,0 131.60666,34.07216,0 131.60627,34.07215,0 131.60601,34.07214,0 131.60562,34.07212,0 131.60525,34.07211,0 131.60507,34.0721,0 131.6031,34.07204,0 131.60299,34.07204,0 131.60154,34.07203,0 131.60106,34.07205,0 131.59984,34.07209,0 131.59943,34.0721,0 131.5991,34.07212,0 131.59896,34.07212,0 131.59862,34.07215,0 131.59831,34.07217,0 131.59798,34.0722,0 131.59732,34.07225,0 131.59693,34.07228,0 131.59631,34.07234,0 131.59624,34.07234,0 131.59569,34.07239,0 131.5956,34.0724,0 131.59102,34.07278,0 131.58933,34.07293,0 131.58094,34.07365,0 131.57831,34.07388,0 131.57792,34.07391,0 131.57479,34.07419,0 131.57461,34.07421,0 131.57075,34.07455,0 131.57065,34.07456,0 131.57025,34.0746,0 131.57015,34.07461,0 131.56828,34.07478,0 131.56821,34.07479,0 131.56791,34.07481,0 131.56785,34.07482,0 131.56591,34.075,0 131.56577,34.07502,0 131.56554,34.07503,0 131.56546,34.07504,0 131.565,34.07508,0 131.56483,34.0751,0 131.56447,34.07514,0 131.56434,34.07515,0 131.56199,34.07536,0 131.56189,34.07537,0 131.55213,34.07628,0 131.55179,34.07631,0 131.55002,34.07647,0 131.54672,34.07679,0 131.54086,34.07735,0 131.53902,34.07754,0 131.53748,34.07769,0 131.52806,34.07887,0 131.52797,34.07889,0 131.52707,34.07901,0 131.52701,34.07901,0 131.52194,34.07964,0 131.51769,34.08019,0 131.51726,34.08024,0 131.51454,34.08057,0 131.50977,34.08118,0 131.50631,34.08162,0 131.50594,34.08167,0 131.50514,34.08177,0 131.5051,34.08178,0 131.5047,34.08183,0 131.50465,34.08184,0 131.50399,34.08193,0 131.5039,34.08194,0 131.50305,34.08205,0 131.50296,34.08206,0 131.50278,34.08209,0 131.50233,34.08215,0 131.50112,34.08231,0 131.50108,34.08231,0 131.49849,34.08266,0 131.49757,34.08279,0 131.49556,34.08304,0 131.49377,34.08333,0 131.493,34.08349,0 131.4923,34.08365,0 131.49151,34.08387,0 131.49078,34.08413,0 131.48941,34.0847,0 131.4856,34.08591,0 131.48349,34.08659,0 131.48187,34.08706,0 131.4794,34.08791,0 131.47786,34.08845,0 131.47752,34.08857,0 131.47553,34.0892,0 131.47458,34.08951,0 131.47147,34.09063,0 131.46702,34.09223,0 131.46659,34.09238,0 131.46214,34.09395,0 131.46186,34.09405,0 131.45697,34.09577,0 131.45374,34.09691,0 131.45169,34.09764,0 131.44958,34.09839,0 131.44866,34.09872,0 131.44721,34.09923,0 131.44291,34.10076,0 131.44264,34.10083,0 131.44194,34.10102,0 131.44102,34.10125,0 131.43827,34.10194,0 131.43557,34.10255,0 131.43308,34.10298,0 131.43192,34.10318,0 131.43076,34.10333,0 131.43026,34.10338,0 131.42769,34.1035,0 131.42738,34.10351,0 131.42466,34.10333,0 131.42317,34.10315,0 131.42037,34.10269,0 131.41849,34.10238,0 131.41643,34.1019,0 131.41411,34.10128,0 131.41314,34.10094,0 131.41,34.09964,0 131.40978,34.09955,0 131.40929,34.09931,0 131.409,34.09917,0 131.40857,34.09897,0 131.40718,34.0983,0 131.40283,34.09624,0 131.39988,34.0948,0 131.39907,34.09434,0</coordinates></LineString>
                        </Placemark>
                        <Placemark>
                            <name>山陽新幹線</name>
                            <styleUrl>#style_blue</styleUrl>
                            <LineString><tessellate>1</tessellate><coordinates>131.39907,34.09434,0 131.3954,34.09226,0</coordinates></LineString>
                        </Placemark>
                        <Placemark>
                            <name>山陽新幹線</name>
                            <styleUrl>#style_blue</styleUrl>
                            <LineString><tessellate>1</tessellate><coordinates>131.16218,34.05227,0 131.16093,34.05279,0 131.15811,34.05396,0</coordinates></LineString>
                        </Placemark>
                        <Placemark>
                            <name>山陽新幹線</name>
                            <styleUrl>#style_blue</styleUrl>
                            <LineString><tessellate>1</tessellate><coordinates>131.15811,34.05396,0 131.1565,34.05462,0 131.15404,34.05564,0 131.15255,34.05628,0 131.15052,34.05714,0 131.14855,34.05794,0 131.14792,34.0582,0 131.14642,34.05881,0 131.1461,34.05894,0 131.14556,34.05917,0 131.14389,34.05984,0 131.14184,34.06068,0 131.13944,34.06168,0 131.13716,34.06261,0 131.13458,34.06356,0 131.13321,34.06401,0 131.13187,34.06445,0 131.13065,34.06483,0 131.12846,34.06549,0 131.12809,34.06559,0 131.12666,34.06599,0 131.12638,34.06606,0 131.12585,34.06621,0 131.12494,34.06645,0 131.12383,34.06669,0 131.12324,34.0668,0 131.1226,34.06692,0 131.1222,34.06697,0 131.12058,34.06717,0 131.11806,34.06753,0 131.11125,34.06833,0 131.1091,34.06856,0 131.10576,34.069,0 131.10437,34.06914,0 131.1025,34.06937,0 131.1006,34.06959,0 131.09899,34.06979,0 131.09669,34.07005,0 131.09381,34.07037,0 131.0906,34.07073,0 131.08962,34.07085,0 131.0874,34.0711,0 131.08418,34.07147,0 131.08153,34.07177,0 131.07865,34.07209,0 131.07833,34.07212,0 131.07593,34.07241,0 131.07244,34.07282,0 131.06926,34.0732,0 131.06819,34.07332,0 131.0672,34.07342,0 131.06443,34.07375,0 131.0627,34.07395,0 131.06167,34.07407,0 131.05965,34.07431,0 131.05891,34.07439,0 131.05616,34.0747,0 131.05337,34.07499,0 131.05201,34.07512,0 131.05062,34.07523,0 131.04923,34.07534,0 131.04865,34.07539,0 131.04828,34.07543,0 131.04758,34.07546,0 131.04642,34.07556,0 131.04555,34.07561,0 131.04344,34.07561,0 131.043,34.0756,0 131.04296,34.0756,0 131.042,34.07556,0 131.04185,34.07555,0 131.04093,34.07553,0 131.03919,34.07546,0 131.0368,34.07527,0 131.03552,34.07514,0 131.03411,34.07498,0 131.03258,34.07478,0 131.03242,34.07475,0 131.03119,34.07455,0 131.02983,34.07431,0 131.02818,34.07399,0 131.02676,34.0737,0 131.0258,34.07347,0 131.02405,34.073,0 131.02263,34.07264,0 131.02173,34.0724,0 131.02064,34.07211,0 131.01995,34.0719,0 131.01777,34.07124,0 131.01645,34.07085,0 131.01593,34.07068,0 131.01171,34.06929,0 131.01069,34.06895,0 131.00634,34.06754,0 131.00482,34.06703,0 131.00222,34.06617,0 130.99964,34.06531,0 130.99761,34.06461,0 130.99492,34.06371,0 130.99485,34.06366,0 130.99463,34.06357,0 130.99311,34.06308,0 130.99062,34.06224,0 130.9891,34.06172,0 130.9881,34.06134,0 130.98697,34.06088,0 130.98596,34.06049,0 130.98594,34.06049,0 130.98496,34.06007,0 130.98359,34.05944,0 130.98223,34.05873,0 130.98123,34.05816,0 130.97988,34.05735,0 130.97894,34.05676,0 130.9782,34.05624,0 130.97752,34.05573,0 130.97708,34.05539,0 130.97695,34.05529,0 130.97635,34.05481,0 130.97561,34.05421,0 130.97502,34.05373,0 130.97405,34.05283,0 130.97331,34.05215,0 130.97268,34.05151,0 130.97204,34.05084,0 130.97162,34.05035,0 130.97099,34.04962,0 130.96998,34.04832,0 130.96992,34.04824,0 130.96895,34.04697,0 130.96889,34.04689,0 130.96867,34.0466,0 130.9686,34.0465,0 130.9683,34.04606,0 130.96804,34.04569,0 130.968,34.04563,0 130.96758,34.04502,0 130.96757,34.045,0 130.9675,34.04491,0 130.96733,34.04466,0 130.96726,34.04456,0 130.96723,34.04452,0 130.96636,34.04322,0 130.96627,34.04312,0 130.96601,34.04274,0 130.96509,34.04138,0 130.96391,34.03969,0 130.96286,34.03812,0 130.96282,34.03806,0 130.96265,34.03781,0 130.96253,34.03762,0 130.96238,34.0374,0 130.96188,34.03665,0 130.96172,34.03642,0 130.96052,34.03461,0 130.95854,34.03167,0 130.95776,34.03049,0 130.957,34.02936,0 130.95609,34.02799,0 130.9549,34.0262,0 130.95475,34.02593,0 130.95455,34.02556,0 130.95425,34.02498,0 130.95384,34.0241,0 130.9536,34.02351,0 130.9534,34.02301,0 130.95313,34.02232,0 130.9528,34.02153,0 130.95259,34.02101,0 130.95236,34.02019,0 130.95186,34.01858,0 130.95164,34.01782,0 130.95135,34.01679,0 130.95105,34.01553,0 130.95058,34.01347,0 130.95024,34.01207,0 130.95013,34.01162,0 130.94993,34.01076,0 130.94986,34.01047,0 130.9497,34.00972,0 130.94955,34.00889,0</coordinates></LineString>
                        </Placemark>
                        <Placemark>
                            <name>山陽新幹線</name>
                            <styleUrl>#style_blue</styleUrl>
                            <LineString><tessellate>1</tessellate><coordinates>130.88528,33.88655,0 130.88441,33.88694,0 130.8831,33.88731,0 130.88103,33.88768,0</coordinates></LineString>
                        </Placemark>
                        <Placemark>
                            <name>山陽新幹線</name>
                            <styleUrl>#style_blue</styleUrl>
                            <LineString><tessellate>1</tessellate><coordinates>130.94955,34.00889,0 130.94942,34.00852,0 130.94938,34.00833,0 130.94937,34.00827,0 130.94933,34.00809,0 130.94892,34.00632,0 130.94875,34.00557,0 130.94868,34.00525,0</coordinates></LineString>
                        </Placemark>
                        <Placemark>
                            <name>山陽新幹線</name>
                            <styleUrl>#style_blue</styleUrl>
                            <LineString><tessellate>1</tessellate><coordinates>130.88103,33.88768,0 130.87581,33.88864,0 130.87262,33.88929,0 130.87159,33.88945,0 130.87084,33.88955,0 130.86951,33.88974,0 130.86895,33.88983,0 130.86851,33.8899,0 130.86815,33.88995,0 130.86799,33.88997,0 130.86777,33.88999,0 130.8673,33.89004,0 130.86695,33.89007,0 130.86659,33.8901,0 130.86583,33.89014,0 130.8649,33.89017,0 130.8639,33.89013,0 130.86284,33.89004,0 130.86147,33.88981,0 130.85973,33.88939,0 130.85931,33.88928,0 130.85847,33.88902,0 130.85678,33.88852,0 130.85431,33.88749,0 130.85353,33.88717,0 130.85325,33.88706,0 130.85077,33.88596,0 130.84981,33.88544,0 130.84859,33.88479,0 130.84658,33.88328,0 130.84236,33.87996,0 130.84136,33.87917,0 130.83717,33.87587,0 130.83464,33.87391,0 130.83438,33.87371,0 130.83351,33.87304,0 130.83092,33.87101,0 130.8299,33.87021,0 130.82872,33.8693,0 130.82677,33.86791,0 130.82491,33.86666,0 130.82399,33.86606,0 130.82144,33.86443,0 130.82142,33.86442,0 130.81701,33.8618,0 130.81438,33.86027,0 130.81244,33.85913,0 130.81061,33.85805,0 130.80657,33.85569,0 130.80374,33.85402,0 130.80346,33.85385,0 130.80103,33.85241,0 130.79825,33.85077,0 130.79449,33.84854,0 130.79411,33.84831,0 130.78918,33.84543,0 130.78563,33.84313,0 130.78548,33.84303,0 130.78465,33.84249,0 130.78152,33.84026,0 130.77888,33.83832,0 130.77718,33.83705,0 130.77659,33.8366,0 130.77564,33.83591,0 130.77303,33.83376,0 130.77124,33.83228,0 130.77035,33.83151,0 130.76884,33.83017,0 130.76789,33.82933,0 130.76677,33.82827,0 130.76495,33.82643,0 130.76355,33.82498,0 130.76181,33.8232,0 130.76174,33.82312,0 130.76134,33.82273,0 130.76108,33.82246,0 130.76028,33.82163,0 130.75981,33.82113,0 130.75887,33.8201,0 130.75699,33.81794,0 130.75608,33.81689,0 130.75593,33.81671,0 130.75576,33.81653,0 130.75559,33.81633,0 130.75475,33.81538,0 130.75346,33.81394,0 130.75259,33.81297,0 130.75212,33.81244,0 130.75019,33.81025,0 130.74789,33.80764,0 130.74764,33.8073,0 130.74674,33.80628,0 130.74598,33.80528,0 130.74574,33.80495,0 130.74483,33.80373,0 130.74418,33.80286,0 130.7435,33.80195,0 130.74199,33.79993,0 130.74136,33.79907,0 130.74083,33.79839,0 130.74023,33.79759,0 130.73965,33.79689,0 130.73948,33.7967,0 130.73935,33.79653,0 130.73832,33.79535,0 130.73791,33.79487,0 130.73773,33.79466,0 130.7368,33.79359,0 130.73658,33.79333,0 130.73639,33.79311,0 130.73604,33.79272,0 130.73514,33.7918,0 130.73475,33.79146,0 130.73458,33.79133,0 130.73434,33.79114,0 130.73388,33.79079,0 130.73332,33.79037,0 130.73292,33.79009,0 130.73267,33.78991,0 130.73241,33.78974,0 130.73165,33.78926,0 130.73137,33.78909,0 130.7309,33.7888,0 130.73034,33.78845,0 130.73,33.78822,0 130.72942,33.78787,0 130.72808,33.78712,0 130.72636,33.78628,0 130.72575,33.78601,0 130.72432,33.78546,0 130.72354,33.78519,0 130.72209,33.78469,0 130.72171,33.78458,0 130.72071,33.78428,0 130.71979,33.78403,0 130.7194,33.78392,0 130.71813,33.78357,0 130.71711,33.78335,0 130.71563,33.78303,0 130.71246,33.78234,0 130.71115,33.78204,0 130.70982,33.78173,0 130.7095,33.78166,0 130.70797,33.7813,0 130.7069,33.78105,0 130.70608,33.78084,0 130.70571,33.78076,0 130.70501,33.78056,0 130.70439,33.78038,0 130.70398,33.78025,0 130.70313,33.77997,0 130.70263,33.77981,0 130.70221,33.77965,0 130.70162,33.77943,0 130.7009,33.77916,0 130.69866,33.77819,0 130.69823,33.77801,0 130.69648,33.77711,0 130.69564,33.77664,0 130.69358,33.77546,0 130.69277,33.775,0 130.6916,33.77435,0 130.6899,33.7734,0 130.68788,33.77224,0 130.68686,33.7716,0 130.68582,33.7709,0 130.68382,33.76946,0 130.68316,33.76897,0 130.67853,33.76503,0 130.6762,33.76297,0 130.6752,33.76206,0 130.67491,33.76179,0 130.67417,33.76112,0 130.67384,33.76083,0 130.67249,33.75961,0 130.67021,33.75758,0 130.6692,33.75666,0 130.66819,33.75576,0 130.66723,33.75487,0 130.66645,33.75418,0 130.66612,33.75392,0 130.6658,33.75363,0 130.66545,33.75332,0 130.6654,33.75328,0 130.66508,33.753,0 130.66431,33.75234,0 130.66243,33.75082,0 130.66155,33.75014,0 130.66124,33.7499,0 130.66056,33.7494,0 130.66003,33.74904,0 130.65973,33.74883,0 130.65952,33.74868,0 130.65935,33.74856,0 130.65895,33.74829,0 130.65816,33.74779,0 130.65798,33.74764,0 130.65747,33.74732,0 130.65686,33.74694,0 130.65655,33.74671,0 130.65638,33.7466,0 130.65589,33.7463,0 130.65548,33.74606,0 130.65507,33.74581,0 130.65464,33.74557,0 130.65418,33.74532,0 130.65414,33.7453,0 130.6535,33.74495,0 130.65215,33.74427,0 130.6517,33.74404,0 130.65163,33.744,0 130.64693,33.7419,0 130.6464,33.74165,0 130.64616,33.74159,0 130.64478,33.74108,0 130.64438,33.74092,0 130.64379,33.74071,0 130.64326,33.74051,0 130.64303,33.74044,0 130.64079,33.73966,0 130.64026,33.73948,0 130.63975,33.73929,0 130.63935,33.73917,0 130.6388,33.73902,0 130.63762,33.73872,0 130.63734,33.73864,0 130.6362,33.73835,0 130.63531,33.73811,0 130.63468,33.73795,0 130.63356,33.73766,0 130.63119,33.73703,0 130.63077,33.73693,0 130.63004,33.73673,0 130.62982,33.73668,0 130.62838,33.73629,0 130.62265,33.73478,0 130.62125,33.73442,0 130.61921,33.73388,0 130.6176,33.73342,0 130.61642,33.73305,0 130.61575,33.73285,0 130.61432,33.73235,0 130.61408,33.73226,0 130.61401,33.73224,0 130.61293,33.73183,0 130.6127,33.73174,0 130.61191,33.73145,0 130.61107,33.73112,0 130.61021,33.73077,0 130.60948,33.73047,0 130.608,33.72983,0 130.60669,33.72921,0 130.60567,33.72872,0 130.60477,33.72828,0 130.60318,33.72739,0 130.60185,33.72662,0 130.60084,33.72599,0 130.60024,33.72562,0 130.59921,33.72495,0 130.59758,33.72381,0 130.59664,33.72311,0 130.59436,33.72133,0 130.59264,33.71993,0 130.59081,33.71837,0 130.58927,33.71707,0 130.58716,33.71529,0 130.58635,33.71465,0 130.5851,33.71367,0 130.58393,33.71283,0 130.58312,33.71227,0 130.58256,33.71192,0 130.5805,33.71078,0 130.57855,33.7097,0 130.57427,33.70731,0 130.57134,33.7057,0 130.57109,33.70556,0 130.56648,33.70302,0 130.56333,33.70132,0 130.56216,33.70066,0 130.56074,33.69987,0 130.55828,33.69851,0 130.55604,33.69727,0 130.55397,33.69614,0 130.55299,33.69559,0 130.55054,33.69423,0 130.5472,33.69239,0 130.54484,33.69106,0 130.54384,33.69051,0 130.54322,33.69017,0 130.5405,33.68865,0 130.53881,33.68772,0 130.53765,33.68705,0 130.53625,33.68628,0 130.53511,33.68566,0 130.53405,33.68507,0 130.5313,33.68353,0 130.52908,33.68231,0 130.52711,33.68119,0 130.5268,33.68103,0 130.52596,33.68057,0 130.52476,33.67992,0 130.52396,33.67946,0 130.52221,33.67851,0 130.52112,33.67788,0 130.52016,33.67736,0 130.51832,33.67633,0 130.51682,33.67547,0 130.51614,33.67509,0 130.51471,33.67424,0 130.51383,33.67373,0 130.51205,33.67266,0 130.50937,33.67087,0 130.50806,33.66995,0 130.5076,33.66967,0 130.50699,33.66925,0 130.50626,33.66873,0 130.50596,33.6685,0 130.50559,33.66822,0 130.50517,33.66789,0 130.50493,33.6677,0 130.50437,33.66725,0 130.50294,33.66612,0 130.50271,33.66594,0 130.50256,33.66582,0 130.50049,33.66418,0 130.50004,33.66382,0 130.49985,33.66367,0 130.49927,33.66321,0 130.49899,33.66299,0 130.49804,33.66224,0 130.49766,33.66195,0 130.49671,33.6612,0 130.49611,33.6607,0 130.49531,33.66006,0 130.49376,33.65883,0 130.4936,33.65871,0 130.49343,33.65857,0 130.491,33.65665,0 130.4877,33.65405,0 130.48676,33.65333,0 130.485,33.65193,0 130.48417,33.65128,0 130.48341,33.65067,0 130.48189,33.64947,0 130.48133,33.64899,0 130.48019,33.64802,0 130.47889,33.64679,0 130.47623,33.64439,0 130.475,33.64329,0 130.47352,33.64194,0 130.47259,33.64113,0 130.47054,33.63926,0 130.47035,33.63909,0 130.46802,33.63701,0 130.46783,33.63684,0 130.46593,33.63517,0 130.46347,33.63296,0 130.46039,33.63027,0 130.46032,33.63021,0 130.45965,33.62968,0 130.45879,33.62904,0 130.45795,33.62848,0 130.45715,33.62795,0 130.45502,33.62669,0 130.45346,33.6258,0 130.45156,33.62472,0 130.4496,33.6236,0 130.44826,33.62283,0 130.44621,33.62166,0 130.4453,33.62115,0 130.44249,33.61954,0 130.44224,33.61939,0 130.44025,33.61825,0 130.43823,33.61709,0 130.43658,33.61617,0 130.43405,33.61472,0 130.43341,33.61436,0 130.43273,33.61396,0 130.43169,33.61336,0 130.43101,33.61294,0 130.43035,33.61253,0 130.42974,33.6121,0 130.4289,33.61149,0 130.42851,33.61118,0 130.4283,33.61103,0 130.42728,33.61017,0 130.42666,33.60957,0 130.42587,33.60872,0 130.42544,33.60819,0 130.42513,33.60781,0 130.42441,33.60681,0 130.4236,33.6056,0 130.423,33.60454,0 130.4228,33.6041,0 130.42274,33.60395,0 130.42237,33.6031,0 130.42202,33.60201,0 130.42178,33.60095,0 130.42175,33.60069,0 130.42164,33.59978,0 130.42147,33.59647,0 130.42144,33.59598,0 130.42129,33.5933,0 130.42128,33.59251,0 130.42127,33.59139,0</coordinates></LineString>
                        </Placemark>
                        <Placemark>
                            <name>山陽新幹線</name>
                            <styleUrl>#style_blue</styleUrl>
                            <LineString><tessellate>1</tessellate><coordinates>130.42127,33.59139,0 130.42108,33.58776,0</coordinates></LineString>
                        </Placemark>
                        <Placemark>
                            <name>山陽新幹線</name>
                            <styleUrl>#style_blue</styleUrl>
                            <LineString><tessellate>1</tessellate><coordinates>133.67663,34.56397,0 133.67656,34.56392,0 133.67615,34.56365,0 133.67505,34.56295,0 133.67337,34.56187,0 133.67264,34.5614,0 133.66994,34.55968,0 133.66693,34.55778,0 133.66392,34.55583,0 133.6637,34.55569,0 133.66282,34.55515,0 133.66243,34.55492,0 133.66182,34.55458,0 133.66141,34.55436,0 133.66114,34.5542,0 133.66042,34.55384,0 133.65984,34.55356,0 133.65887,34.55311,0 133.65734,34.55249,0 133.65641,34.55212,0 133.6547,34.5515,0 133.65433,34.55138,0 133.65212,34.55068,0 133.65141,34.55049,0 133.64977,34.55009,0 133.64918,34.54996,0 133.64797,34.54971,0 133.64661,34.54948,0 133.64604,34.54939,0 133.64543,34.5493,0 133.64404,34.54912,0 133.64365,34.54908,0 133.64325,34.54903,0 133.64148,34.54889,0 133.64007,34.54881,0 133.63982,34.54881,0 133.63934,34.54879,0 133.63929,34.54879,0 133.63864,34.54879,0 133.63783,34.54879,0 133.63678,34.5488,0 133.63555,34.54885,0 133.63437,34.54893,0 133.63289,34.54904,0 133.63215,34.54912,0 133.63196,34.54914,0 133.6307,34.54932,0 133.62692,34.54985,0 133.62456,34.5502,0 133.62431,34.55025,0 133.62237,34.55048,0 133.62088,34.55067,0 133.61982,34.55082,0 133.6174,34.55108,0 133.61444,34.55135,0 133.61136,34.55148,0 133.61008,34.55153,0 133.60772,34.5516,0 133.60486,34.55168,0 133.60461,34.55169,0 133.60424,34.55168,0 133.60163,34.55162,0 133.5997,34.55152,0 133.59804,34.55133,0 133.59533,34.5509,0 133.59526,34.55089,0 133.59518,34.55087,0 133.59276,34.55035,0 133.59274,34.55034,0 133.59267,34.55033,0 133.59172,34.55008,0 133.59075,34.54984,0 133.59065,34.54982,0 133.59041,34.54976,0 133.58665,34.54864,0 133.58659,34.54862,0 133.57651,34.54487,0 133.56676,34.54123,0 133.56669,34.54121,0 133.5645,34.54039,0 133.56433,34.54033,0 133.56369,34.54009,0 133.56357,34.54004,0 133.56303,34.53984,0 133.55347,34.53633,0 133.55272,34.53605,0 133.55245,34.53596,0 133.55237,34.53593,0 133.55201,34.53581,0 133.55036,34.53537,0 133.54551,34.53418,0 133.54494,34.53405,0 133.54233,34.53348,0 133.53858,34.53281,0 133.53812,34.53272,0 133.53501,34.53222,0 133.53413,34.53211,0 133.53326,34.532,0 133.53035,34.53163,0 133.52863,34.53144,0 133.52392,34.5311,0 133.52381,34.53109,0 133.52264,34.531,0 133.52254,34.531,0 133.52218,34.53097,0 133.5182,34.53064,0 133.51483,34.5303,0 133.51172,34.53001,0 133.51153,34.52998,0 133.51034,34.52979,0 133.50611,34.52926,0 133.50055,34.52877,0 133.49738,34.52848,0 133.49527,34.52821,0 133.49414,34.52802,0 133.49404,34.528,0 133.494,34.52799,0 133.49252,34.52774,0 133.49051,34.52737,0 133.49044,34.52735,0 133.48935,34.52715,0 133.48782,34.52685,0 133.48662,34.52661,0 133.48452,34.5261,0 133.48356,34.52586,0 133.48292,34.52569,0 133.48179,34.52539,0 133.47982,34.52482,0 133.47871,34.52449,0 133.47715,34.52402,0 133.47498,34.52328,0 133.47403,34.52294,0 133.47268,34.52245,0 133.47166,34.52209,0 133.46959,34.52134,0 133.46915,34.52118,0 133.46851,34.52095,0 133.46844,34.52093,0 133.46292,34.51896,0 133.46281,34.51892,0 133.46237,34.5188,0 133.46135,34.5184,0 133.46012,34.51788,0 133.45895,34.51735,0 133.45785,34.51683,0 133.45693,34.51638,0 133.45596,34.51589,0 133.45446,34.51511,0 133.45321,34.51445,0 133.45232,34.51398,0 133.45012,34.51285,0 133.44976,34.51265,0 133.44871,34.51208,0 133.44859,34.51202,0 133.44681,34.5111,0 133.44657,34.51097,0 133.44533,34.5103,0 133.4441,34.50968,0 133.44032,34.50765,0 133.43788,34.50633,0 133.43729,34.50603,0 133.43528,34.50502,0 133.4332,34.50391,0 133.43242,34.50351,0 133.43219,34.50344,0 133.43179,34.50325,0 133.43051,34.50254,0 133.42943,34.50196,0 133.42756,34.50103,0 133.4262,34.50044,0 133.42527,34.50008,0 133.42454,34.4998,0 133.42293,34.49924,0 133.42199,34.49893,0 133.42116,34.49869,0 133.42066,34.49855,0 133.41999,34.49838,0 133.41888,34.4981,0 133.41792,34.49789,0 133.41727,34.49775,0 133.41625,34.49753,0 133.41529,34.49735,0 133.41355,34.49699,0 133.4124,34.49677,0 133.41121,34.49654,0 133.41042,34.49638,0 133.40894,34.4961,0 133.40752,34.49583,0 133.40677,34.49568,0 133.40649,34.49563,0 133.40559,34.49546,0 133.4051,34.49536,0 133.40418,34.49519,0 133.40339,34.49503,0 133.40276,34.49491,0 133.40148,34.49467,0 133.39999,34.49439,0 133.39959,34.49431,0 133.39886,34.49418,0 133.39833,34.49408,0 133.39745,34.49392,0 133.3959,34.49364,0 133.39569,34.4936,0 133.39526,34.49352,0 133.3939,34.49327,0 133.39302,34.49311,0 133.39224,34.49297,0 133.39164,34.49287,0 133.39039,34.49269,0 133.38991,34.49263,0 133.3893,34.49258,0 133.38886,34.49256,0 133.3882,34.49252,0 133.38764,34.49251,0 133.38622,34.49249,0 133.38474,34.49248,0 133.38327,34.49247,0</coordinates></LineString>
                        </Placemark>
                        <Placemark>
                            <name>山陽新幹線</name>
                            <styleUrl>#style_blue</styleUrl>
                            <LineString><tessellate>1</tessellate><coordinates>133.38327,34.49247,0 133.38048,34.49244,0 133.37981,34.49243,0 133.37904,34.49238,0 133.37812,34.49232,0 133.37669,34.4922,0 133.37607,34.49213,0 133.37477,34.49198,0 133.37379,34.49185,0 133.37371,34.49183,0 133.37239,34.49158,0</coordinates></LineString>
                        </Placemark>
                        <Placemark>
                            <name>山陽新幹線</name>
                            <styleUrl>#style_blue</styleUrl>
                            <LineString><tessellate>1</tessellate><coordinates>130.94868,34.00525,0 130.94867,34.00516,0 130.94824,34.00326,0 130.94822,34.00321,0 130.9482,34.00313,0 130.94809,34.00265,0 130.9478,34.00143,0 130.94737,33.9992,0 130.94718,33.99727,0 130.94716,33.99508,0 130.94725,33.99369,0 130.94731,33.99288,0 130.94752,33.99124,0 130.94801,33.98893,0 130.94866,33.98681,0 130.94948,33.9849,0 130.95024,33.98313,0 130.9512,33.98148,0 130.9523,33.9798,0 130.95453,33.97691,0 130.96049,33.96938,0 130.96053,33.96932,0 130.96277,33.96642,0 130.96345,33.96557,0 130.96393,33.96495,0 130.96537,33.96312,0 130.96647,33.96172,0 130.96824,33.95947,0 130.9707,33.95624,0 130.97237,33.95408,0 130.97363,33.95245,0 130.97583,33.94899,0 130.97657,33.94746,0 130.97718,33.94599,0 130.9776,33.9447,0 130.97809,33.94287,0 130.97841,33.94118,0 130.97869,33.93865,0 130.97871,33.93709,0 130.97871,33.9368,0 130.97866,33.93501,0 130.97842,33.93288,0 130.978,33.93075,0 130.97727,33.92829,0 130.97723,33.92819,0 130.97639,33.92598,0 130.97543,33.92394,0 130.97434,33.92205,0 130.97288,33.91993,0 130.97232,33.91915,0 130.97107,33.91768,0 130.96779,33.9145,0 130.96703,33.91375,0 130.96404,33.91085,0 130.95991,33.90684,0 130.95835,33.90532,0 130.95381,33.90088,0 130.9528,33.89993,0 130.95091,33.89812,0 130.94628,33.89358,0 130.94565,33.89304,0 130.94441,33.89195,0 130.94141,33.88979,0 130.93853,33.88808,0 130.9371,33.88735,0 130.93627,33.88693,0 130.93324,33.88566,0 130.93083,33.88488,0 130.92692,33.88388,0 130.92661,33.8838,0 130.92407,33.88337,0 130.92176,33.88311,0 130.91992,33.88298,0 130.91593,33.88292,0 130.90956,33.88283,0 130.9029,33.88273,0 130.90012,33.88276,0 130.89849,33.88288,0 130.89661,33.88316,0 130.89565,33.88341,0 130.89471,33.88365,0 130.88929,33.88511,0 130.88745,33.88569,0 130.88528,33.88655,0</coordinates></LineString>
                        </Placemark>
                        <Placemark>
                            <name>博多南線</name>
                            <styleUrl>#style_green</styleUrl>
                            <LineString><tessellate>1</tessellate><coordinates>130.42127,33.59139,0 130.42108,33.58776,0</coordinates></LineString>
                        </Placemark>
                        <Placemark>
                            <name>博多南線</name>
                            <styleUrl>#style_green</styleUrl>
                            <LineString><tessellate>1</tessellate><coordinates>130.42108,33.58776,0 130.42107,33.58769,0 130.42099,33.58662,0 130.42088,33.5852,0 130.42083,33.58458,0 130.42082,33.58404,0 130.42081,33.5833,0 130.42081,33.58295,0 130.42086,33.58248,0 130.42095,33.58208,0 130.42097,33.58193,0 130.42111,33.58147,0 130.42126,33.58103,0 130.42151,33.58044,0 130.42175,33.57997,0 130.42197,33.57959,0 130.4222,33.57926,0 130.42252,33.57881,0 130.42286,33.57841,0 130.42508,33.57593,0 130.42599,33.57491,0 130.42647,33.57437,0 130.4267,33.57411,0 130.42749,33.57323,0 130.4282,33.57248,0 130.42831,33.57236,0 130.42875,33.57194,0 130.42926,33.57141,0 130.42971,33.57096,0 130.43066,33.56999,0 130.43129,33.56937,0 130.43165,33.56899,0 130.43207,33.56856,0 130.4326,33.56787,0 130.43281,33.56757,0 130.43329,33.56688,0 130.4336,33.5664,0 130.434,33.56564,0 130.43432,33.56502,0 130.43434,33.56498,0 130.43484,33.56381,0 130.43496,33.56355,0 130.43557,33.56219,0 130.43588,33.56141,0 130.43598,33.56119,0 130.43633,33.56015,0 130.43637,33.56003,0 130.43641,33.55983,0 130.43655,33.55932,0 130.43665,33.55874,0 130.43674,33.55832,0 130.43682,33.55763,0 130.43686,33.55712,0 130.43688,33.55645,0 130.43689,33.55591,0 130.43685,33.55532,0 130.43678,33.55475,0 130.43676,33.55453,0 130.43671,33.55416,0 130.43668,33.55399,0 130.43664,33.55377,0 130.43654,33.55327,0 130.43644,33.55284,0 130.43641,33.55273,0 130.43625,33.55217,0 130.43607,33.55166,0 130.43586,33.55096,0 130.43541,33.54949,0 130.43477,33.54722,0 130.43439,33.54578,0 130.43421,33.54498,0 130.43421,33.54495,0 130.43395,33.54357,0 130.43329,33.53974,0 130.43286,33.5371,0 130.43274,33.53633,0 130.43271,33.53605,0 130.43264,33.53529,0 130.4326,33.53371,0 130.432603,33.533255,0 130.432701,33.531977,0 130.432831,33.53096,0 130.432906,33.530482,0 130.432958,33.530128,0 130.43303,33.529762,0 130.433149,33.529292,0 130.433294,33.528739,0 130.433445,33.52829,0 130.433749,33.527254,0 130.433941,33.526592,0</coordinates></LineString>
                        </Placemark>
                        <Placemark>
                            <name>博多南線</name>
                            <styleUrl>#style_green</styleUrl>
                            <LineString><tessellate>1</tessellate><coordinates>130.43709,33.51729,0 130.43668,33.51863,0</coordinates></LineString>
                        </Placemark>
                        <Placemark>
                            <name>博多南線</name>
                            <styleUrl>#style_green</styleUrl>
                            <LineString><tessellate>1</tessellate><coordinates>130.43668,33.51863,0 130.43626,33.5202,0 130.43616,33.52044,0 130.43584,33.52116,0</coordinates></LineString>
                        </Placemark>
                        <Placemark>
                            <name>博多南線</name>
                            <styleUrl>#style_green</styleUrl>
                            <LineString><tessellate>1</tessellate><coordinates>130.433941,33.526592,0 130.434051,33.526035,0 130.434174,33.525382,0 130.43441,33.52423,0 130.43462,33.52355,0 130.43467,33.52337,0 130.43477,33.52302,0 130.43491,33.52261,0 130.43506,33.52232,0 130.43529,33.52197,0 130.43568,33.5214,0 130.43584,33.52116,0</coordinates></LineString>
                        </Placemark>
                        <Placemark>
                            <name>博多南線</name>
                            <styleUrl>#style_green</styleUrl>
                            <LineString><tessellate>1</tessellate><coordinates>130.433941,33.526592,0 130.434153,33.526134,0 130.43435,33.52558,0 130.434809,33.524058,0 130.434978,33.523481,0 130.435191,33.522704,0 130.435281,33.522419,0 130.435371,33.522206,0 130.43557,33.521733,0 130.435691,33.521493,0 130.43584,33.52116,0</coordinates></LineString>
                        </Placemark>
                        <Placemark>
                            <name>東海道新幹線</name>
                            <styleUrl>#style_orange</styleUrl>
                            <LineString><tessellate>1</tessellate><coordinates>139.76807,35.68296,0 139.76811,35.68099,0 139.76746,35.67936,0</coordinates></LineString>
                        </Placemark>
                        <Placemark>
                            <name>東海道新幹線</name>
                            <styleUrl>#style_orange</styleUrl>
                            <LineString><tessellate>1</tessellate><coordinates>139.7406,35.63128,0 139.74032,35.63058,0 139.74021,35.63017,0 139.74007,35.62964,0 139.73993,35.62907,0 139.73989,35.62894,0 139.73987,35.62883,0 139.73966,35.628,0</coordinates></LineString>
                        </Placemark>
                        <Placemark>
                            <name>東海道新幹線</name>
                            <styleUrl>#style_orange</styleUrl>
                            <LineString><tessellate>1</tessellate><coordinates>139.61943,35.50876,0 139.62179,35.51065,0 139.62332,35.5119,0 139.62406,35.51253,0 139.62525,35.5135,0 139.62632,35.51438,0 139.62748,35.51542,0 139.62816,35.5161,0 139.62893,35.51694,0 139.62923,35.51731,0 139.62982,35.51803,0 139.63084,35.51935,0 139.63191,35.5208,0 139.63219,35.5212,0 139.63239,35.52146,0 139.63377,35.52324,0 139.63469,35.52455,0 139.63579,35.52617,0 139.63726,35.5282,0 139.63905,35.53065,0 139.64048,35.53263,0 139.64143,35.53393,0 139.64206,35.53479,0 139.64415,35.53766,0 139.64556,35.53958,0 139.64708,35.54169,0 139.64715,35.54178,0 139.64895,35.54452,0 139.65006,35.54621,0 139.65063,35.54713,0 139.65121,35.54801,0 139.65254,35.55005,0 139.65306,35.55083,0 139.65378,35.55196,0 139.65497,35.55375,0 139.65532,35.55429,0 139.65596,35.55523,0 139.65607,35.55547,0 139.65626,35.55576,0 139.65789,35.55822,0 139.65857,35.55915,0 139.65953,35.5603,0 139.6604,35.56121,0 139.66109,35.56195,0 139.66184,35.56282,0 139.66222,35.56334,0 139.66223,35.56334,0 139.66271,35.56407,0 139.66316,35.56484,0 139.66346,35.56535,0 139.6637,35.56588,0 139.66394,35.56637,0 139.66416,35.56695,0 139.66432,35.56748,0 139.66443,35.56806,0 139.66452,35.56861,0 139.66455,35.5689,0 139.66457,35.5692,0 139.66452,35.56976,0 139.66448,35.57011,0 139.66443,35.57035,0 139.66434,35.57066,0 139.66426,35.57088,0 139.66407,35.57146,0 139.66391,35.57193,0 139.66389,35.57199,0 139.66353,35.57308,0 139.66335,35.57365,0 139.66318,35.57421,0 139.66311,35.57454,0 139.6631,35.57465,0 139.66309,35.57478,0 139.66307,35.57508,0 139.66307,35.57534,0 139.66312,35.57569,0 139.66317,35.57593,0 139.66323,35.57621,0 139.66325,35.57629,0 139.66327,35.57639,0 139.66336,35.57662,0 139.6635,35.57697,0 139.66364,35.57725,0 139.66395,35.57776,0 139.6641,35.57795,0 139.66427,35.57815,0 139.66446,35.57836,0 139.66481,35.57866,0 139.66509,35.5789,0 139.66539,35.57911,0 139.66579,35.57935,0 139.66618,35.57952,0 139.66653,35.57967,0 139.66696,35.57983,0 139.66756,35.58004,0 139.66809,35.58022,0 139.66841,35.58032,0 139.67011,35.58095,0 139.67059,35.58112,0 139.67217,35.58166,0 139.67294,35.58193,0 139.6746,35.58251,0 139.67474,35.58255,0 139.67558,35.58284,0 139.67651,35.58315,0 139.67783,35.58358,0 139.67807,35.58366,0 139.67906,35.58395,0 139.68033,35.58429,0 139.68142,35.58461,0 139.68234,35.58487,0 139.68322,35.58514,0 139.68551,35.58578,0 139.68714,35.58625,0 139.68828,35.58658,0 139.68839,35.58661,0 139.68974,35.58702,0 139.69013,35.58714,0 139.69026,35.58718,0 139.69109,35.58744,0 139.69126,35.58749,0 139.69157,35.58758,0 139.69173,35.58763,0 139.69251,35.58787,0 139.69275,35.58795,0 139.69308,35.58804,0 139.69331,35.58811,0 139.69557,35.58876,0 139.69606,35.5889,0 139.69624,35.58894,0 139.69649,35.58901,0 139.69668,35.58907,0 139.69735,35.58926,0 139.69749,35.5893,0 139.69769,35.58935,0 139.69792,35.58942,0 139.69818,35.58949,0 139.69974,35.58992,0 139.70041,35.59011,0 139.70076,35.59021,0 139.70107,35.5903,0 139.70144,35.5904,0 139.70209,35.59058,0 139.70242,35.59067,0 139.70336,35.59092,0 139.70369,35.59101,0 139.70473,35.5913,0 139.70492,35.59136,0 139.70508,35.5914,0 139.70579,35.5916,0 139.70602,35.59166,0 139.70628,35.59173,0 139.70758,35.5921,0 139.7079,35.59219,0 139.7087,35.59242,0 139.71351,35.59378,0 139.71508,35.59422,0 139.71614,35.59455,0 139.71658,35.59473,0 139.71697,35.59491,0 139.71738,35.59516,0 139.71777,35.59544,0 139.71811,35.59568,0 139.71875,35.59624,0 139.7191,35.59659,0 139.71947,35.597,0 139.71958,35.59718,0 139.7199,35.59778,0 139.72107,35.60045,0 139.72124,35.60082,0 139.72199,35.60255,0 139.72244,35.6036,0 139.72317,35.60532,0 139.72359,35.60622,0 139.72406,35.60703,0 139.7245,35.6077,0 139.72492,35.60826,0 139.72547,35.60894,0 139.72572,35.60922,0 139.72611,35.60974,0 139.72639,35.61006,0 139.72668,35.61055,0 139.72734,35.61165,0 139.7274,35.61174,0 139.72896,35.61431,0 139.72917,35.61464,0 139.72932,35.61484,0 139.72943,35.61495,0 139.72954,35.61509,0 139.72967,35.61522,0 139.72985,35.61538,0 139.72994,35.61546,0 139.73007,35.61556,0 139.7302,35.61565,0 139.73036,35.61575,0 139.7306,35.61589,0 139.73074,35.61595,0 139.73083,35.616,0 139.73097,35.61606,0 139.73121,35.61615,0 139.73137,35.6162,0 139.73164,35.61629,0 139.73176,35.61632,0 139.73192,35.61636,0 139.73214,35.61639,0 139.73236,35.61643,0 139.7328,35.61649,0 139.73344,35.61656,0 139.73394,35.61663,0 139.73474,35.61686,0 139.73533,35.61708,0 139.73619,35.6177,0 139.73697,35.61863,0 139.73726,35.61907,0 139.73758,35.61957,0 139.73791,35.62038,0 139.73795,35.6205,0 139.73799,35.62066,0 139.73835,35.62238,0 139.73844,35.62279,0 139.73853,35.62318,0 139.7387,35.62392,0 139.73879,35.62432,0 139.73884,35.62453,0 139.73893,35.62493,0 139.73939,35.62693,0 139.73966,35.628,0</coordinates></LineString>
                        </Placemark>
                        <Placemark>
                            <name>東海道新幹線</name>
                            <styleUrl>#style_orange</styleUrl>
                            <LineString><tessellate>1</tessellate><coordinates>139.15582,35.25741,0 139.15594,35.25752,0 139.16043,35.26191,0 139.16057,35.26205,0 139.1608,35.26227,0 139.16119,35.26265,0 139.16123,35.26269,0 139.16157,35.26302,0 139.16268,35.26411,0 139.16291,35.26433,0 139.1658,35.26716,0 139.16615,35.2675,0 139.16642,35.26776,0 139.16782,35.26913,0 139.17077,35.272,0 139.17232,35.27352,0 139.1732,35.27431,0 139.17399,35.27499,0 139.17413,35.2751,0 139.17476,35.27562,0 139.17489,35.27573,0 139.17511,35.27591,0 139.17527,35.27604,0 139.17536,35.27611,0 139.17595,35.27653,0 139.17608,35.27662,0 139.17675,35.2771,0 139.17916,35.27864,0 139.18203,35.28019,0 139.1826,35.28047,0 139.18883,35.28337,0 139.18949,35.28367,0 139.18961,35.28372,0 139.1897,35.28377,0 139.19055,35.28416,0 139.1912,35.28446,0 139.19142,35.28456,0 139.19148,35.28459,0 139.19184,35.28475,0 139.19213,35.28489,0 139.19313,35.28534,0 139.19636,35.28683,0 139.19667,35.28697,0 139.19836,35.28778,0 139.1999,35.28849,0 139.20357,35.29016,0 139.20401,35.29036,0 139.20512,35.29088,0 139.21261,35.29431,0 139.21476,35.29532,0 139.21687,35.29631,0 139.21743,35.29655,0 139.21757,35.29661,0 139.2188,35.29718,0 139.21941,35.29746,0 139.21976,35.29762,0 139.22111,35.29825,0 139.22125,35.29831,0 139.22133,35.29835,0 139.22144,35.2984,0 139.22265,35.29896,0 139.22277,35.29901,0 139.22322,35.29922,0 139.22345,35.29933,0 139.22368,35.29943,0 139.22389,35.29953,0 139.22395,35.29956,0 139.22517,35.30009,0 139.2253,35.30014,0 139.22619,35.3005,0 139.22631,35.30054,0 139.22752,35.30102,0 139.22925,35.30165,0 139.23048,35.30206,0 139.2322,35.30253,0 139.23346,35.30288,0 139.23456,35.3032,0 139.23535,35.30342,0 139.23557,35.30348,0 139.23674,35.3038,0 139.23691,35.30385,0 139.23771,35.30408,0 139.23832,35.30425,0 139.2431,35.30562,0 139.24682,35.3067,0 139.24687,35.30677,0 139.24716,35.30687,0 139.24725,35.30691,0 139.2477,35.30704,0 139.24795,35.30712,0 139.24839,35.30725,0 139.24857,35.3073,0 139.24908,35.30746,0 139.24915,35.30748,0 139.25056,35.30789,0 139.25197,35.30831,0 139.25325,35.30868,0 139.25426,35.30898,0 139.25494,35.30918,0 139.255,35.3092,0 139.25545,35.30934,0 139.25557,35.30937,0 139.2563,35.30958,0 139.25639,35.3096,0 139.2572,35.30983,0 139.25729,35.30985,0 139.2575,35.30992,0 139.25793,35.31004,0 139.25798,35.31005,0 139.25836,35.31016,0 139.25843,35.31018,0 139.25905,35.31037,0 139.2603,35.31072,0 139.26066,35.31082,0 139.26101,35.31092,0 139.26112,35.31095,0 139.26157,35.3111,0 139.26166,35.31112,0 139.26256,35.31138,0 139.26442,35.31189,0 139.26488,35.31201,0 139.26602,35.31231,0 139.26668,35.31252,0 139.26761,35.31282,0 139.26785,35.31291,0 139.27007,35.31376,0 139.27121,35.31428,0 139.27225,35.31478,0 139.27272,35.31504,0 139.27337,35.31543,0 139.27471,35.31619,0 139.276,35.31693,0 139.27675,35.31738,0 139.2775,35.31782,0 139.278,35.31811,0 139.27975,35.31913,0 139.28082,35.31976,0 139.28225,35.32059,0 139.28377,35.32148,0 139.28532,35.3224,0 139.28652,35.32306,0 139.28731,35.32354,0 139.28831,35.32418,0 139.2889,35.32462,0 139.28944,35.32509,0 139.28993,35.32552,0 139.29089,35.32638,0 139.29167,35.32711,0 139.29285,35.3282,0 139.29306,35.3284,0 139.29328,35.32861,0 139.29477,35.32995,0 139.29567,35.33076,0 139.29589,35.33095,0 139.29684,35.33178,0 139.29721,35.33215,0 139.2978,35.33269,0 139.29853,35.33335,0 139.29902,35.3338,0 139.29925,35.33401,0 139.30023,35.33489,0 139.30081,35.33539,0 139.301,35.33556,0 139.30126,35.3358,0 139.30187,35.33631,0 139.3022,35.33661,0 139.30247,35.33685,0 139.30302,35.33745,0 139.30407,35.33857,0 139.30507,35.33965,0 139.30633,35.341,0 139.30661,35.3413,0 139.30725,35.34199,0 139.30758,35.34235,0 139.30886,35.3437,0 139.30909,35.34395,0 139.30913,35.344,0 139.30947,35.34437,0 139.31056,35.34554,0 139.31075,35.34574,0 139.31103,35.34605,0 139.31116,35.34619,0 139.31199,35.34707,0 139.3122,35.34731,0 139.31277,35.34792,0 139.31296,35.34815,0 139.314,35.34923,0 139.31528,35.35058,0 139.31626,35.3516,0 139.31649,35.35183,0 139.3173,35.35268,0 139.31738,35.35277,0 139.3189,35.35436,0 139.31961,35.35501,0 139.31996,35.35532,0 139.32022,35.35553,0 139.3214,35.35642,0 139.32223,35.35701,0 139.32321,35.3577,0 139.32521,35.35913,0 139.32595,35.35965,0 139.327,35.36042,0 139.32733,35.36066,0 139.32858,35.36156,0 139.32997,35.36256,0 139.3302,35.36273,0 139.33412,35.36555,0 139.33439,35.36573,0 139.33623,35.36707,0 139.3365,35.36726,0 139.3381,35.36841,0 139.33868,35.36884,0 139.34055,35.37018,0 139.34172,35.37102,0 139.3425,35.37157,0 139.3429,35.37187,0 139.3439,35.37259,0 139.34509,35.37345,0 139.34541,35.37369,0 139.34651,35.37447,0 139.3473,35.37504,0 139.34785,35.37544,0 139.34847,35.37589,0 139.34902,35.37628,0 139.34932,35.37652,0 139.35091,35.37766,0 139.35117,35.37785,0 139.35229,35.37864,0 139.35272,35.37896,0 139.35284,35.37904,0 139.35306,35.37921,0 139.3548,35.38046,0 139.35505,35.38064,0 139.35525,35.38079,0 139.35539,35.38089,0 139.3555,35.38098,0 139.356,35.38134,0 139.35615,35.38145,0 139.35624,35.38152,0 139.35742,35.38237,0 139.35772,35.38258,0 139.35935,35.38376,0 139.36037,35.3845,0 139.36145,35.38525,0 139.36151,35.3853,0 139.36171,35.38542,0 139.36194,35.38556,0 139.36203,35.38562,0 139.3623,35.38579,0 139.36362,35.38661,0 139.36462,35.38718,0 139.36506,35.38739,0 139.36553,35.38763,0 139.36611,35.3879,0 139.36667,35.38818,0 139.36808,35.38882,0 139.36927,35.38937,0 139.36979,35.3896,0 139.37024,35.38981,0 139.3714,35.39034,0 139.3718,35.39053,0 139.37397,35.39145,0 139.374,35.39146,0 139.37573,35.39223,0 139.37805,35.39323,0 139.37843,35.39341,0 139.37963,35.39394,0 139.38162,35.39481,0 139.38216,35.39505,0 139.38239,35.39516,0 139.38262,35.39526,0 139.38378,35.39577,0 139.38404,35.39588,0 139.38435,35.39602,0 139.38469,35.39616,0 139.38515,35.39636,0 139.38674,35.39706,0 139.3876,35.39744,0 139.3884,35.39779,0 139.38934,35.39821,0 139.38986,35.39844,0 139.39136,35.3991,0 139.39182,35.3993,0 139.39277,35.39973,0 139.39423,35.40035,0 139.39533,35.40084,0 139.39666,35.40142,0 139.39689,35.40152,0 139.3995,35.40267,0 139.39974,35.40278,0 139.40106,35.40335,0 139.40382,35.40455,0 139.40527,35.4052,0 139.40643,35.40571,0 139.40796,35.40638,0 139.41148,35.40793,0 139.4121,35.4082,0 139.41234,35.4083,0 139.41462,35.40933,0 139.41508,35.40952,0 139.41868,35.41114,0 139.42113,35.41224,0 139.42307,35.41308,0 139.42479,35.41386,0 139.42638,35.41458,0 139.42861,35.41562,0 139.42898,35.41579,0 139.43033,35.41641,0 139.43088,35.41666,0 139.4311,35.41676,0 139.43321,35.41774,0 139.43436,35.41826,0 139.43586,35.41894,0 139.43754,35.4197,0 139.43785,35.41984,0 139.43805,35.41993,0 139.43957,35.42062,0 139.44045,35.42101,0 139.44099,35.42126,0 139.44102,35.42127,0 139.44228,35.42184,0 139.44262,35.42199,0 139.44294,35.42213,0 139.44343,35.42236,0 139.44374,35.4225,0 139.4449,35.42302,0 139.44506,35.42309,0 139.44583,35.42344,0 139.44693,35.42394,0 139.44785,35.42436,0 139.44832,35.42457,0 139.45085,35.42573,0 139.45102,35.4258,0 139.45107,35.42583,0 139.45259,35.42652,0 139.4533,35.42685,0 139.45342,35.4269,0 139.45524,35.42769,0 139.45541,35.42776,0 139.45697,35.42844,0 139.45761,35.42874,0 139.45795,35.42889,0 139.45889,35.42933,0 139.45912,35.42943,0 139.45981,35.42974,0 139.45992,35.42979,0 139.46018,35.42991,0 139.46086,35.43022,0 139.46107,35.43031,0 139.46113,35.43033,0 139.46139,35.43045,0 139.46187,35.43065,0 139.46207,35.43073,0 139.46211,35.43075,0 139.46303,35.43113,0 139.46358,35.43135,0 139.46374,35.43141,0 139.46382,35.43144,0 139.46393,35.43149,0 139.46408,35.43154,0 139.46441,35.43167,0 139.46626,35.4324,0 139.46726,35.43274,0 139.4679,35.43297,0 139.46912,35.4334,0 139.47025,35.43381,0 139.47062,35.43395,0 139.47291,35.43481,0 139.47321,35.43492,0 139.47356,35.43505,0 139.47397,35.43519,0 139.47429,35.4353,0 139.47587,35.43587,0 139.47741,35.43644,0 139.47747,35.43646,0 139.47772,35.43656,0 139.47778,35.43658,0 139.47823,35.43675,0 139.47829,35.43677,0 139.47846,35.43683,0 139.47854,35.43686,0 139.47893,35.43701,0 139.47986,35.43736,0 139.48004,35.43742,0 139.48177,35.43808,0 139.48185,35.43811,0 139.48193,35.43814,0 139.48201,35.43817,0 139.48226,35.43826,0 139.48258,35.43838,0 139.48329,35.43864,0 139.48339,35.43868,0 139.48362,35.43876,0 139.48419,35.43896,0 139.48431,35.439,0 139.48454,35.43907,0 139.48466,35.43912,0 139.4853,35.43935,0 139.48538,35.43938,0 139.48548,35.43942,0 139.48554,35.43944,0 139.48705,35.44001,0 139.48713,35.44004,0 139.4885,35.44054,0 139.48894,35.44069,0 139.48926,35.44081,0 139.49138,35.44158,0 139.49167,35.44168,0 139.49217,35.44186,0 139.49383,35.44246,0 139.49401,35.44253,0 139.49404,35.44253,0 139.49523,35.44299,0 139.49571,35.44316,0 139.49594,35.44324,0 139.4968,35.4435,0 139.49855,35.44415,0 139.50027,35.44479,0 139.50249,35.44562,0 139.5042,35.44627,0 139.50492,35.44653,0 139.50649,35.44704,0 139.50939,35.4479,0 139.50986,35.44804,0 139.51347,35.4491,0 139.51615,35.44996,0 139.51626,35.44999,0 139.51872,35.45104,0 139.52105,35.45223,0 139.52268,35.45313,0 139.52548,35.45479,0 139.52569,35.45492,0 139.52718,35.4558,0 139.52737,35.45591,0 139.53057,35.45782,0 139.53146,35.45837,0 139.53247,35.45893,0 139.53461,35.46023,0 139.53629,35.46122,0 139.53903,35.46284,0 139.5415,35.46432,0 139.54216,35.46469,0 139.54233,35.4648,0 139.54251,35.46491,0 139.54346,35.46547,0 139.54474,35.46625,0 139.54654,35.4673,0 139.54751,35.46786,0 139.54783,35.46805,0 139.54791,35.46809,0 139.5502,35.46949,0 139.55044,35.46963,0 139.55053,35.46968,0 139.55066,35.46976,0 139.55126,35.47012,0 139.55244,35.47082,0 139.5535,35.47145,0 139.55366,35.47155,0 139.55405,35.47177,0 139.55524,35.47248,0 139.55619,35.47303,0 139.55771,35.47393,0 139.5586,35.47449,0 139.56025,35.47544,0 139.5611,35.47594,0 139.56133,35.47608,0 139.56229,35.47665,0 139.5629,35.477,0 139.56368,35.47743,0 139.56386,35.47753,0 139.56473,35.47796,0 139.56532,35.47828,0 139.56582,35.47853,0 139.56651,35.47885,0 139.56687,35.479,0 139.56941,35.47996,0 139.57003,35.48018,0 139.57048,35.48032,0 139.57156,35.48064,0 139.57202,35.48078,0 139.57253,35.48091,0 139.57409,35.48128,0 139.57544,35.48162,0 139.57662,35.48192,0 139.57718,35.48205,0 139.58086,35.48293,0 139.58127,35.48303,0 139.58172,35.48314,0 139.58294,35.48344,0 139.58528,35.48409,0 139.5854,35.48413,0 139.58569,35.48421,0 139.58577,35.48423,0 139.588,35.485,0 139.58914,35.48547,0 139.58987,35.48578,0 139.59002,35.48585,0 139.5907,35.48617,0 139.59083,35.48624,0 139.59111,35.48638,0</coordinates></LineString>
                        </Placemark>
                        <Placemark>
                            <name>東海道新幹線</name>
                            <styleUrl>#style_orange</styleUrl>
                            <LineString><tessellate>1</tessellate><coordinates>139.59111,35.48638,0 139.59171,35.48669,0 139.59274,35.48724,0 139.59446,35.48835,0 139.59627,35.48966,0 139.59718,35.49038,0 139.59803,35.49103,0 139.5994,35.4921,0 139.60042,35.49298,0 139.60148,35.49391,0 139.60339,35.49556,0 139.60364,35.49578,0 139.60394,35.49603,0 139.60414,35.49623,0 139.60507,35.49701,0 139.60528,35.49721,0 139.60732,35.49898,0 139.60756,35.49919,0 139.60782,35.4994,0 139.60921,35.5006,0 139.61025,35.50148,0 139.61096,35.50207,0 139.61159,35.50254,0 139.61252,35.50326,0 139.61585,35.50592,0</coordinates></LineString>
                        </Placemark>
                        <Placemark>
                            <name>東海道新幹線</name>
                            <styleUrl>#style_orange</styleUrl>
                            <LineString><tessellate>1</tessellate><coordinates>139.61585,35.50592,0 139.61639,35.50634,0 139.61711,35.50691,0 139.61943,35.50876,0</coordinates></LineString>
                        </Placemark>
                        <Placemark>
                            <name>東海道新幹線</name>
                            <styleUrl>#style_orange</styleUrl>
                            <LineString><tessellate>1</tessellate><coordinates>139.0763,35.10305,0 139.07605,35.10288,0 139.07573,35.10267,0 139.07495,35.10221,0 139.07477,35.10211,0 139.07377,35.10154,0 139.07293,35.10112,0 139.07243,35.10087,0 139.07197,35.10062,0 139.07099,35.1002,0 139.07048,35.10003,0 139.06935,35.09973,0 139.06904,35.09968,0 139.06896,35.09964,0 139.0686,35.09958,0 139.06803,35.09946,0 139.06767,35.09938,0 139.06728,35.09932,0 139.06656,35.09923,0 139.06589,35.09917,0 139.06555,35.09915,0 139.06478,35.09914,0 139.06421,35.09914,0 139.06367,35.09916,0 139.0633,35.09918,0 139.06308,35.09921,0 139.06207,35.09931,0 139.06121,35.09941,0 139.06018,35.09952,0 139.05903,35.09965,0 139.05743,35.09982,0 139.05645,35.09994,0 139.05478,35.10012,0 139.05367,35.10025,0 139.0521,35.10042,0 139.05197,35.10044,0 139.05092,35.10054,0 139.05035,35.1006,0 139.04932,35.10072,0 139.04869,35.10078,0 139.04723,35.10094,0 139.04509,35.10117,0 139.0429,35.10143,0 139.04111,35.10162,0 139.04061,35.10168,0 139.03919,35.10183,0 139.03808,35.10197,0 139.03551,35.10224,0 139.03544,35.10224,0 139.03466,35.10232,0 139.0335,35.10246,0 139.03251,35.10257,0 139.03094,35.10274,0 139.02916,35.10292,0 139.02656,35.10322,0 139.02552,35.10334,0 139.02453,35.10345,0 139.02447,35.10346,0 139.02264,35.10366,0 139.02166,35.10378,0 139.02006,35.10395,0 139.01902,35.10406,0 139.01814,35.10416,0 139.01693,35.10429,0 139.01544,35.10444,0 139.01411,35.1046,0 139.01355,35.10466,0 139.01249,35.10478,0 139.01195,35.10484,0 139.01078,35.10498,0 139.0092,35.10515,0 139.00754,35.10532,0 139.00593,35.10549,0 139.00431,35.10567,0 139.00308,35.10581,0 139.00257,35.10586,0 139.00108,35.10601,0 139.00046,35.10608,0 138.99949,35.1062,0 138.99786,35.1064,0 138.99721,35.10647,0 138.99685,35.1065,0 138.99471,35.10676,0 138.99362,35.10689,0 138.99296,35.10694,0 138.99194,35.10705,0 138.99134,35.10712,0 138.99076,35.10718,0 138.9898,35.10729,0 138.98857,35.10742,0 138.98756,35.10752,0 138.9864,35.10764,0 138.9843,35.10788,0 138.98368,35.10795,0 138.98306,35.10801,0 138.98204,35.10809,0 138.98097,35.10821,0 138.97938,35.10841,0 138.97815,35.10853,0 138.97719,35.10862,0 138.97658,35.10873,0 138.97507,35.10893,0 138.97395,35.10912,0 138.97332,35.10925,0 138.97305,35.1093,0 138.9724,35.10946,0 138.9717,35.10968,0 138.97107,35.10988,0 138.96962,35.11037,0 138.96857,35.11073,0 138.96723,35.11118,0 138.96548,35.11178,0 138.96506,35.11191,0 138.96466,35.11205,0 138.96365,35.11238,0 138.96252,35.11275,0 138.96152,35.11311,0 138.96047,35.11348,0 138.95943,35.11387,0 138.95854,35.11419,0 138.95833,35.11426,0 138.9575,35.11455,0 138.95642,35.11494,0 138.95532,35.11531,0 138.95408,35.11573,0 138.95322,35.11604,0 138.95232,35.11637,0 138.95118,35.11678,0 138.95058,35.117,0 138.95009,35.11721,0 138.94972,35.11738,0 138.94923,35.11764,0 138.94808,35.11824,0 138.94572,35.11951,0 138.94384,35.12054,0 138.94267,35.12115,0 138.94222,35.12139,0 138.94011,35.12256,0 138.93833,35.12352,0 138.93641,35.1245,0 138.93591,35.12478,0 138.93498,35.12533,0 138.93443,35.12557,0 138.93378,35.12585,0 138.93342,35.12599,0 138.93258,35.12628,0 138.93174,35.12655,0 138.93156,35.1266,0 138.93018,35.12701,0 138.92911,35.12727,0 138.92805,35.12751,0 138.9267,35.12776,0 138.92618,35.12784,0 138.92571,35.1279,0 138.92461,35.12804,0 138.92377,35.12812,0 138.92331,35.12816,0 138.92246,35.1282,0 138.92203,35.12822,0 138.92113,35.12822,0 138.92018,35.1282,0 138.91936,35.12815,0 138.91832,35.12804,0 138.91718,35.1279,0 138.91669,35.12785,0 138.91622,35.12778,0 138.9148,35.12755,0 138.91463,35.12752,0 138.91446,35.1275,0 138.91367,35.12736,0 138.91156,35.12702,0</coordinates></LineString>
                        </Placemark>
                        <Placemark>
                            <name>東海道新幹線</name>
                            <styleUrl>#style_orange</styleUrl>
                            <LineString><tessellate>1</tessellate><coordinates>138.90782,35.1264,0 138.91156,35.12702,0</coordinates></LineString>
                        </Placemark>
                        <Placemark>
                            <name>東海道新幹線</name>
                            <styleUrl>#style_orange</styleUrl>
                            <LineString><tessellate>1</tessellate><coordinates>139.15371,35.25501,0 139.15368,35.25497,0 139.15338,35.25458,0 139.15301,35.25412,0 139.15248,35.25344,0 139.15236,35.25328,0 139.15154,35.25219,0 139.15075,35.25112,0 139.15043,35.25066,0 139.15015,35.25031,0 139.14982,35.24987,0 139.14954,35.24948,0 139.14915,35.24896,0 139.14848,35.24805,0 139.14783,35.24716,0 139.14719,35.24629,0 139.14682,35.24582,0 139.14636,35.24512,0 139.14584,35.24437,0 139.14524,35.2433,0 139.14492,35.24271,0 139.14468,35.24227,0 139.14438,35.24175,0 139.14414,35.24122,0 139.144,35.24093,0 139.14367,35.24009,0 139.14356,35.23978,0 139.1432,35.23901,0 139.14277,35.23773,0 139.14237,35.23667,0 139.14221,35.23616,0 139.14185,35.23523,0 139.14173,35.23489,0 139.14145,35.23412,0 139.14105,35.23299,0 139.14073,35.23208,0 139.14028,35.23084,0 139.14003,35.23007,0 139.1397,35.22897,0 139.13945,35.22814,0 139.13922,35.22721,0 139.13907,35.22659,0 139.13897,35.22617,0 139.13891,35.22575,0 139.13885,35.2253,0 139.13874,35.22449,0 139.13872,35.22419,0 139.13859,35.2234,0 139.13836,35.22171,0 139.13819,35.22046,0 139.13801,35.21928,0 139.13785,35.2181,0 139.13771,35.21701,0 139.1376,35.21627,0 139.1375,35.21545,0 139.13744,35.21516,0 139.13729,35.21411,0 139.13722,35.21338,0 139.13717,35.21292,0 139.13714,35.2126,0 139.13706,35.21194,0 139.1369,35.21063,0 139.13684,35.21012,0 139.13678,35.20954,0 139.13668,35.20869,0 139.13659,35.20794,0 139.13647,35.20702,0 139.13638,35.20618,0 139.13619,35.20495,0 139.136,35.20381,0 139.13584,35.20284,0 139.1357,35.20192,0 139.13558,35.20117,0 139.13547,35.20079,0 139.13543,35.2005,0 139.13539,35.20014,0 139.13536,35.1996,0 139.13534,35.19874,0 139.13524,35.19732,0 139.13517,35.19652,0 139.13511,35.19598,0 139.13495,35.19475,0 139.13481,35.19365,0 139.13467,35.19272,0 139.13449,35.19196,0 139.13424,35.19092,0 139.13403,35.19001,0 139.13381,35.1892,0 139.13344,35.18815,0 139.13327,35.18766,0 139.13326,35.18763,0 139.13228,35.18554,0 139.13204,35.18506,0 139.132,35.18495,0 139.13195,35.18484,0 139.13173,35.18448,0 139.1314,35.184,0 139.13067,35.18292,0 139.12976,35.18162,0 139.12925,35.18091,0 139.12859,35.17999,0 139.12832,35.17962,0 139.12782,35.17891,0 139.12773,35.17879,0 139.12732,35.17819,0 139.1269,35.17762,0 139.12633,35.17685,0 139.12591,35.17627,0 139.12545,35.17565,0 139.12491,35.175,0 139.12438,35.17434,0 139.12381,35.17367,0 139.12335,35.17315,0 139.12277,35.17245,0 139.12241,35.17201,0 139.12184,35.17132,0 139.12147,35.17092,0 139.12124,35.17067,0 139.12061,35.16996,0 139.12051,35.16986,0 139.12029,35.16963,0 139.11994,35.16924,0 139.11965,35.16892,0 139.11897,35.16821,0 139.11857,35.16777,0 139.11794,35.16715,0 139.11765,35.16679,0 139.11735,35.16647,0 139.117,35.16609,0 139.11699,35.16608,0 139.11666,35.16572,0 139.11636,35.16541,0 139.11603,35.16507,0 139.11562,35.16461,0 139.11504,35.16399,0 139.11437,35.16323,0 139.11401,35.16284,0 139.11374,35.16253,0 139.11305,35.16181,0 139.11239,35.16109,0 139.11211,35.16078,0 139.11142,35.16001,0 139.11074,35.15929,0 139.11036,35.15887,0 139.11024,35.15873,0 139.10957,35.15801,0 139.10948,35.15792,0 139.10911,35.15753,0 139.10892,35.15732,0 139.10864,35.15703,0 139.10812,35.15643,0 139.10746,35.15566,0 139.10731,35.15551,0 139.10665,35.1548,0 139.10621,35.15434,0 139.10558,35.15366,0 139.10494,35.15298,0 139.10461,35.15262,0 139.1043,35.15229,0 139.10397,35.15193,0 139.10333,35.15123,0 139.10299,35.15087,0 139.10261,35.15046,0 139.10196,35.14976,0 139.10132,35.14907,0 139.10098,35.1487,0 139.10027,35.14795,0 139.09958,35.14719,0 139.09894,35.14648,0 139.09861,35.14612,0 139.09795,35.14542,0 139.09786,35.14532,0 139.09708,35.14447,0 139.09652,35.14387,0 139.09641,35.14375,0 139.09635,35.14368,0 139.09578,35.14307,0 139.09527,35.14253,0 139.09493,35.14217,0 139.09476,35.14199,0 139.0947,35.14192,0 139.09448,35.14167,0 139.09405,35.14119,0 139.094,35.14112,0 139.09369,35.14072,0 139.09355,35.14054,0 139.09324,35.14012,0 139.09315,35.13992,0 139.093,35.13948,0 139.09269,35.13859,0 139.09269,35.13857,0 139.09242,35.13775,0 139.09223,35.13724,0 139.09195,35.13638,0 139.09169,35.13557,0 139.09139,35.13469,0 139.0911,35.1338,0 139.09082,35.13298,0 139.09061,35.13237,0 139.09052,35.13209,0 139.09037,35.13164,0 139.09007,35.13076,0 139.08981,35.12993,0 139.08979,35.12987,0 139.08961,35.12933,0 139.08937,35.12857,0 139.08919,35.12802,0 139.08908,35.12776,0 139.08879,35.1269,0 139.08864,35.12642,0 139.08835,35.12558,0 139.08807,35.12473,0 139.08779,35.12389,0 139.08751,35.12302,0 139.08722,35.12216,0 139.08693,35.12125,0 139.0869,35.12117,0 139.08677,35.12079,0 139.08663,35.12036,0 139.08648,35.11991,0 139.08636,35.11953,0 139.08603,35.11857,0 139.08586,35.11809,0 139.08572,35.11764,0 139.08555,35.11714,0 139.08542,35.11671,0 139.08529,35.11633,0 139.085,35.11548,0 139.08469,35.11453,0 139.08449,35.1139,0 139.08412,35.1129,0 139.08398,35.11247,0 139.08385,35.11208,0 139.08378,35.1119,0 139.08371,35.11168,0 139.08359,35.11134,0 139.08341,35.11086,0 139.08307,35.11015,0 139.08288,35.10981,0 139.08254,35.10926,0 139.08217,35.10873,0 139.08148,35.10775,0 139.08112,35.10727,0 139.08085,35.10697,0 139.0804,35.10646,0 139.08012,35.10617,0 139.07997,35.106,0 139.07952,35.10548,0</coordinates></LineString>
                        </Placemark>
                        <Placemark>
                            <name>東海道新幹線</name>
                            <styleUrl>#style_orange</styleUrl>
                            <LineString><tessellate>1</tessellate><coordinates>139.07952,35.10548,0 139.07899,35.10499,0 139.07786,35.10413,0 139.0763,35.10305,0</coordinates></LineString>
                        </Placemark>
                        <Placemark>
                            <name>東海道新幹線</name>
                            <styleUrl>#style_orange</styleUrl>
                            <LineString><tessellate>1</tessellate><coordinates>139.15371,35.25501,0 139.15582,35.25741,0</coordinates></LineString>
                        </Placemark>
                        <Placemark>
                            <name>東海道新幹線</name>
                            <styleUrl>#style_orange</styleUrl>
                            <LineString><tessellate>1</tessellate><coordinates>138.01727,34.76941,0 138.01731,34.76941,0 138.01816,34.76957,0 138.01868,34.76967,0 138.01889,34.76971,0 138.01901,34.76973,0 138.0193,34.76979,0 138.01969,34.76987,0 138.02041,34.7701,0 138.02164,34.77046,0 138.02211,34.77061,0 138.02248,34.77072,0 138.02292,34.77085,0 138.02385,34.77113,0 138.02559,34.77167,0 138.02576,34.77172,0 138.02581,34.77174,0 138.02594,34.77177,0 138.02713,34.77214,0 138.02779,34.77234,0 138.0279,34.77238,0 138.02817,34.77246,0 138.02875,34.77264,0 138.03089,34.7733,0 138.03161,34.77349,0 138.03234,34.77364,0 138.03343,34.77382,0 138.03396,34.7739,0 138.03414,34.77392,0 138.03467,34.77398,0 138.03541,34.77403,0 138.03635,34.77411,0 138.03717,34.77412,0 138.03725,34.77412,0 138.03797,34.77415,0 138.03944,34.7742,0 138.04034,34.77422,0 138.04065,34.7742,0 138.04124,34.77414,0 138.04134,34.77413,0 138.04147,34.77412,0 138.04161,34.7741,0 138.04291,34.77395,0 138.04406,34.77375,0 138.04422,34.77372,0 138.04437,34.77369,0 138.04466,34.77364,0 138.04536,34.77349,0 138.04695,34.7731,0 138.04827,34.77277,0 138.05001,34.77235,0 138.05105,34.77213,0 138.05141,34.77205,0 138.05221,34.77189,0 138.05344,34.77162,0 138.05415,34.77149,0 138.05457,34.77144,0 138.05518,34.77138,0 138.05585,34.77134,0 138.05635,34.77132,0 138.05708,34.77131,0 138.05914,34.77128,0 138.0607,34.77126,0 138.06127,34.77126,0 138.0617,34.77127,0 138.06228,34.77128,0 138.0623,34.77128,0 138.06278,34.77129,0 138.06314,34.7713,0 138.06409,34.77132,0 138.0643,34.77132,0 138.06445,34.77132,0 138.06448,34.77132,0 138.06457,34.77133,0 138.06508,34.77134,0 138.06529,34.77134,0 138.06692,34.77138,0 138.06718,34.77138,0 138.06755,34.77139,0 138.06785,34.7714,0 138.06827,34.77141,0 138.06833,34.77142,0 138.06853,34.77142,0 138.06907,34.77143,0 138.06919,34.77144,0 138.06956,34.77144,0 138.07038,34.77146,0 138.07154,34.77148,0 138.07356,34.77154,0 138.07457,34.77156,0 138.07479,34.77157,0 138.07664,34.77167,0 138.0776,34.77172,0 138.0783,34.77176,0 138.07841,34.77177,0 138.0791,34.77183,0 138.07982,34.77191,0 138.0806,34.77199,0 138.08075,34.772,0 138.0809,34.77202,0 138.08104,34.77203,0 138.08272,34.77221,0 138.08446,34.77239,0 138.08479,34.77242,0 138.08559,34.7725,0 138.08666,34.7726,0 138.0869,34.77263,0 138.08741,34.77268,0 138.08902,34.77285,0 138.09105,34.77306,0 138.09147,34.7731,0 138.09178,34.77313,0 138.09211,34.77317,0 138.09307,34.77325,0 138.09316,34.77326,0 138.09446,34.7734,0 138.09459,34.7734,0 138.09696,34.77364,0 138.09758,34.77369,0 138.09779,34.77371,0 138.09816,34.77377,0 138.09981,34.77397,0 138.10008,34.77401,0 138.10015,34.77401,0 138.10097,34.77411,0 138.10113,34.77413,0 138.10153,34.77418,0 138.10167,34.77419,0 138.10191,34.77422,0 138.10205,34.77424,0 138.10275,34.77433,0 138.10303,34.77437,0 138.10333,34.77442,0 138.10349,34.77445,0 138.1037,34.77449,0 138.10375,34.7745,0 138.10483,34.77472,0 138.10746,34.77532,0 138.10795,34.77542,0 138.10822,34.77552,0 138.11001,34.77602,0 138.11008,34.77605,0 138.11095,34.77629,0 138.11464,34.77735,0 138.11511,34.77748,0 138.11553,34.7776,0 138.1191,34.77859,0 138.11932,34.77866,0 138.12125,34.77922,0 138.12194,34.77941,0 138.12393,34.77999,0 138.12534,34.78039,0 138.12649,34.78073,0 138.12751,34.78101,0 138.12896,34.78144,0 138.13052,34.78189,0 138.13063,34.78192,0 138.13266,34.78249,0 138.13435,34.78297,0 138.13564,34.78333,0 138.13792,34.78401,0 138.13862,34.78422,0 138.13939,34.78442,0 138.14109,34.7849,0 138.14148,34.78501,0 138.14426,34.78581,0 138.14832,34.78697,0 138.14967,34.78735,0 138.14986,34.78741,0 138.15016,34.78749,0 138.15042,34.78757,0 138.15065,34.78763,0 138.15236,34.78812,0 138.1538,34.78852,0 138.15416,34.78862,0 138.15434,34.78867,0 138.15451,34.78872,0 138.1556,34.78904,0 138.15617,34.7892,0 138.15737,34.78956,0 138.15877,34.78996,0 138.16029,34.7904,0 138.16153,34.79076,0 138.16364,34.79137,0 138.16525,34.79184,0 138.16584,34.79201,0 138.16748,34.79248,0 138.17019,34.79325,0 138.17188,34.79373,0 138.17227,34.79385,0 138.1725,34.79391,0 138.17427,34.79442,0 138.17586,34.79488,0 138.17587,34.79488,0 138.17728,34.79529,0 138.17894,34.79576,0 138.18139,34.79647,0 138.18418,34.79726,0 138.18563,34.79768,0 138.18632,34.79788,0 138.18843,34.7985,0 138.19063,34.79913,0 138.19233,34.79961,0 138.1936,34.79997,0 138.19382,34.80003,0 138.19406,34.8001,0 138.19489,34.80034,0 138.19565,34.80056,0 138.19639,34.80077,0 138.19657,34.80082,0 138.19911,34.80156,0 138.20006,34.80183,0 138.20028,34.80189,0 138.20077,34.80203,0 138.20125,34.80218,0 138.20146,34.80225,0 138.20212,34.80246,0 138.20241,34.80255,0 138.20262,34.80262,0 138.20292,34.80273,0 138.20363,34.80297,0 138.20378,34.80302,0 138.20382,34.80304,0 138.20462,34.80336,0 138.20472,34.80341,0 138.2049,34.80348,0 138.20579,34.80388,0 138.20585,34.8039,0 138.20605,34.80399,0 138.20653,34.80421,0 138.20693,34.8044,0 138.20712,34.80448,0 138.20762,34.80473,0 138.20779,34.80481,0 138.20808,34.80497,0 138.20894,34.80545,0 138.20955,34.80581,0 138.20982,34.80598,0 138.20996,34.80608,0 138.21042,34.80639,0 138.21113,34.80689,0 138.21275,34.80801,0 138.21359,34.80859,0 138.21465,34.80932,0 138.21616,34.81036,0 138.21705,34.81099,0 138.21721,34.81111,0 138.21734,34.8112,0 138.21765,34.81141,0 138.21791,34.81159,0 138.21848,34.81198,0 138.22043,34.81334,0 138.22236,34.81467,0 138.22257,34.81482,0 138.22346,34.81544,0 138.22437,34.81606,0 138.22458,34.81621,0 138.22479,34.81635,0 138.22551,34.81685,0 138.22582,34.81705,0 138.22786,34.81845,0 138.22959,34.81966,0 138.22988,34.81985,0 138.2309,34.82056,0 138.23258,34.82173,0 138.23411,34.82278,0 138.23507,34.82344,0 138.23668,34.82456,0 138.23698,34.82476,0 138.23841,34.82574,0 138.23976,34.82667,0 138.23987,34.82675,0 138.23999,34.82683,0 138.24128,34.82772,0 138.24242,34.82849,0 138.24248,34.82853,0 138.2427,34.82868,0 138.24341,34.82918,0 138.24356,34.82928,0 138.24367,34.82936,0 138.24401,34.8296,0 138.24494,34.83024,0 138.24599,34.83096,0 138.24693,34.83166,0 138.24772,34.83218,0 138.24889,34.83293,0 138.24993,34.83362,0 138.25094,34.83428,0 138.25107,34.83436,0 138.25153,34.83467,0 138.252,34.83498,0 138.25203,34.835,0 138.25257,34.83535,0 138.2531,34.8357,0 138.25448,34.83664,0 138.25511,34.83707,0 138.25649,34.83798,0 138.2566,34.83804,0 138.2569,34.83825,0 138.25855,34.83933,0 138.25929,34.83983,0 138.25955,34.84001,0 138.25971,34.84011,0 138.26103,34.84098,0 138.2623,34.84183,0 138.26248,34.84195,0 138.263,34.8423,0 138.26423,34.84312,0 138.26427,34.84315,0 138.26491,34.84357,0 138.26549,34.84395,0 138.26658,34.84468,0 138.26711,34.84503,0 138.26779,34.84548,0 138.26789,34.84555,0 138.26905,34.84633,0 138.26947,34.84661,0 138.26981,34.84684,0 138.27014,34.84706,0 138.27112,34.84772,0 138.27143,34.84792,0 138.27169,34.8481,0 138.27224,34.84847,0 138.27336,34.84923,0 138.27453,34.85003,0 138.27525,34.8505,0 138.27549,34.85066,0 138.27571,34.8508,0 138.27694,34.85163,0 138.27815,34.85243,0 138.27931,34.85321,0 138.27959,34.8534,0 138.27982,34.85355,0 138.28023,34.85382,0 138.28055,34.85403,0 138.28164,34.85477,0 138.28178,34.85487,0 138.282,34.85501,0 138.28256,34.8554,0 138.28354,34.85605,0 138.28466,34.8568,0 138.2858,34.85756,0 138.28711,34.85842,0 138.28717,34.85846,0 138.28758,34.85873,0 138.28807,34.85906,0 138.28835,34.85925,0 138.28839,34.85928,0 138.28891,34.85963,0 138.28919,34.85982,0 138.28925,34.85986,0 138.2904,34.86062,0 138.29135,34.86125,0 138.29138,34.86127,0 138.29193,34.86164,0 138.2922,34.86182,0 138.29247,34.862,0 138.29261,34.8621,0 138.29266,34.86213,0 138.29301,34.86237,0 138.29365,34.8628,0 138.29418,34.86315,0 138.29434,34.86326,0 138.29533,34.86391,0 138.2956,34.8641,0 138.29631,34.86457,0 138.29732,34.86524,0 138.29824,34.86585,0 138.29831,34.8659,0 138.29878,34.86621,0 138.29948,34.86667,0 138.29988,34.86693,0 138.30042,34.8673,0 138.30067,34.86746,0 138.3013,34.86788,0 138.30145,34.86798,0 138.30182,34.86822,0 138.30223,34.8685,0 138.30294,34.86899,0 138.30353,34.86938,0 138.30396,34.86966,0 138.30419,34.86982,0 138.30433,34.86992,0 138.30511,34.87045,0 138.30535,34.87061,0 138.3054,34.87065,0 138.30635,34.87133,0 138.30647,34.87142,0 138.30674,34.87162,0 138.30732,34.87204,0 138.30751,34.87219,0 138.30753,34.8722,0 138.30849,34.87292,0 138.30975,34.87388,0 138.3103,34.8743,0 138.31118,34.87498,0 138.31154,34.87526,0 138.31203,34.87563,0 138.31252,34.87601,0 138.31269,34.87614,0 138.31304,34.8764,0 138.31339,34.87668,0 138.31481,34.87775,0 138.31559,34.87835,0 138.31646,34.87902,0 138.31655,34.87909,0 138.31787,34.88011,0 138.3184,34.88052,0 138.31862,34.88069,0 138.32018,34.8819,0 138.32049,34.88215,0 138.32093,34.8825,0 138.32128,34.88277,0 138.3218,34.88317,0 138.3225,34.88376,0 138.32329,34.88448,0 138.32432,34.88545,0 138.32479,34.88592,0 138.32502,34.88615,0 138.32558,34.8867,0 138.3271,34.88825,0 138.32713,34.88828,0 138.32727,34.88842,0 138.32794,34.88909,0 138.32888,34.89003,0 138.32982,34.89096,0 138.32999,34.89112,0 138.33003,34.89117,0 138.33097,34.89209,0 138.33216,34.89328,0 138.33242,34.89354,0 138.33251,34.89362,0 138.33261,34.89372,0 138.33322,34.89433,0 138.33386,34.89496,0 138.334,34.89511,0 138.33403,34.89513,0 138.33534,34.89647,0 138.33647,34.89765,0 138.33746,34.89864,0 138.33816,34.89934,0 138.33884,34.90002,0 138.33957,34.90076,0 138.33989,34.90108,0 138.34028,34.90147,0 138.34098,34.90215,0 138.3415,34.90267,0 138.34167,34.90283,0 138.34303,34.90419,0 138.34444,34.9056,0 138.34485,34.90601,0 138.34552,34.90669,0 138.34616,34.90731,0 138.3469,34.90807,0 138.34757,34.90873,0 138.34831,34.90949,0 138.34849,34.90966,0 138.34898,34.91015,0 138.34965,34.91082,0 138.35037,34.91156,0 138.35111,34.91231,0 138.35165,34.91285,0 138.35229,34.91353,0 138.35242,34.91368,0 138.3532,34.91453,0 138.35375,34.91522,0 138.35429,34.91593,0 138.35489,34.9167,0 138.35547,34.91747,0 138.35595,34.91809,0 138.35624,34.91847,0 138.35638,34.91866,0 138.35658,34.91891,0 138.35676,34.91914,0 138.35705,34.91951,0 138.35737,34.91997,0 138.35759,34.92023,0 138.35779,34.92048,0 138.35814,34.92103,0 138.35896,34.92214,0 138.35947,34.92287,0 138.35987,34.92346,0 138.36001,34.92363,0 138.36031,34.92409,0 138.36058,34.92453,0 138.36091,34.92527,0 138.36098,34.92541,0 138.36104,34.92554,0 138.36126,34.92605,0 138.36165,34.92696,0 138.362,34.92775,0 138.36201,34.92778,0 138.36208,34.92799,0 138.36224,34.92851,0 138.36253,34.92977,0 138.36273,34.93071,0 138.36277,34.93098,0 138.3628,34.93112,0 138.36282,34.93126,0</coordinates></LineString>
                        </Placemark>
                        <Placemark>
                            <name>東海道新幹線</name>
                            <styleUrl>#style_orange</styleUrl>
                            <LineString><tessellate>1</tessellate><coordinates>138.36282,34.93126,0 138.36289,34.93184,0 138.36296,34.93272,0 138.36299,34.93347,0 138.36299,34.93348,0 138.36299,34.93362,0 138.36297,34.93498,0 138.36297,34.93577,0 138.36297,34.93671,0 138.36297,34.93685,0 138.36297,34.93727,0 138.36297,34.93775,0 138.36296,34.93785,0 138.36296,34.93795,0 138.36295,34.93889,0 138.36295,34.93982,0 138.36299,34.94143,0 138.36306,34.94202,0 138.36328,34.94352,0 138.36334,34.94385,0 138.3634,34.94414,0 138.36346,34.94445,0 138.36382,34.94583,0 138.36397,34.94629,0 138.36447,34.94751,0 138.36481,34.9483,0 138.36544,34.94954,0 138.36574,34.95005,0 138.36581,34.95018,0 138.36584,34.95022,0 138.36649,34.95126,0 138.3672,34.95218,0 138.36791,34.95306,0 138.36884,34.95403,0 138.36906,34.95425,0 138.36934,34.95452,0 138.37035,34.95551,0 138.37191,34.95707,0 138.37208,34.95726,0 138.37308,34.95824,0 138.3737,34.95888,0 138.37407,34.95925,0 138.37451,34.95969,0 138.37464,34.95981,0 138.37486,34.96004,0 138.37527,34.96047,0 138.37547,34.96067,0 138.37627,34.96146,0 138.37722,34.96243,0 138.37839,34.96359,0 138.37901,34.96422,0 138.37946,34.96466,0 138.37997,34.96515,0 138.38075,34.96597,0 138.38138,34.96663,0 138.38201,34.96717,0 138.38266,34.96769,0 138.38346,34.96829,0 138.38456,34.96895,0 138.38532,34.96939,0 138.38644,34.96999,0 138.38688,34.97022,0 138.38765,34.97062,0</coordinates></LineString>
                        </Placemark>
                        <Placemark>
                            <name>東海道新幹線</name>
                            <styleUrl>#style_orange</styleUrl>
                            <LineString><tessellate>1</tessellate><coordinates>138.39156,34.97277,0 138.39089,34.97242,0 138.3886,34.97116,0 138.38765,34.97062,0</coordinates></LineString>
                        </Placemark>
                        <Placemark>
                            <name>東海道新幹線</name>
                            <styleUrl>#style_orange</styleUrl>
                            <LineString><tessellate>1</tessellate><coordinates>138.39156,34.97277,0 138.39293,34.97352,0 138.39397,34.9741,0 138.39522,34.9748,0 138.39585,34.97512,0 138.39643,34.9754,0 138.39792,34.97601,0 138.39872,34.97638,0 138.4001,34.97699,0 138.40107,34.97738,0 138.40121,34.97744,0 138.40188,34.97778,0 138.4031,34.97832,0 138.40365,34.97858,0 138.40484,34.97921,0 138.4058,34.97974,0 138.40733,34.98072,0 138.40788,34.98106,0 138.40802,34.98115,0 138.40922,34.98195,0 138.41056,34.98283,0 138.41213,34.98383,0 138.41282,34.98432,0 138.41327,34.98462,0 138.41347,34.98473,0 138.41454,34.98545,0 138.41585,34.98632,0 138.41766,34.9875,0 138.41846,34.98804,0 138.41967,34.98884,0 138.42007,34.9891,0 138.42093,34.98967,0 138.42176,34.9902,0 138.42207,34.99041,0 138.42311,34.99107,0 138.42352,34.99134,0 138.42371,34.99146,0 138.42482,34.99216,0 138.42649,34.99327,0 138.42672,34.99342,0 138.42675,34.99344,0 138.42724,34.99374,0 138.42872,34.99472,0 138.43006,34.99558,0 138.43158,34.99655,0 138.43237,34.99708,0 138.43263,34.99725,0 138.43423,34.99825,0 138.43444,34.99838,0 138.43511,34.99882,0 138.43518,34.99887,0 138.43557,34.99912,0 138.43662,34.99977,0 138.43684,34.99992,0 138.43862,35.00106,0 138.43968,35.00174,0 138.44103,35.00264,0 138.44199,35.00329,0 138.44304,35.00396,0 138.44326,35.0041,0 138.44386,35.00448,0 138.44452,35.0049,0 138.44536,35.00544,0 138.44582,35.00573,0 138.44611,35.00592,0 138.44677,35.00634,0 138.44697,35.00648,0 138.44814,35.00723,0 138.44923,35.00793,0 138.45044,35.0087,0 138.45072,35.00888,0 138.45155,35.0094,0 138.45265,35.01011,0 138.45298,35.01032,0 138.45373,35.01081,0 138.45484,35.01152,0 138.45558,35.01202,0 138.45583,35.01218,0 138.45601,35.01231,0 138.45668,35.01279,0 138.45741,35.01334,0 138.45815,35.01392,0 138.45907,35.01469,0 138.4594,35.01497,0 138.46,35.01548,0 138.4605,35.0159,0 138.46088,35.01623,0 138.46118,35.01649,0 138.46176,35.01698,0 138.46279,35.01785,0 138.46374,35.01865,0 138.46428,35.01912,0 138.46495,35.01969,0 138.46586,35.02046,0 138.46665,35.02115,0 138.46762,35.02196,0 138.46882,35.02298,0 138.46884,35.023,0 138.46986,35.02386,0 138.47011,35.02408,0 138.47019,35.02414,0 138.47027,35.02421,0 138.47036,35.02428,0 138.47044,35.02435,0 138.47086,35.0247,0 138.47094,35.02477,0 138.47102,35.02484,0 138.47107,35.02488,0 138.47112,35.02493,0 138.47118,35.02498,0 138.47138,35.02514,0 138.47161,35.02534,0 138.47208,35.02574,0 138.47306,35.02657,0 138.47315,35.02665,0 138.47405,35.02742,0 138.47494,35.02817,0 138.47587,35.02894,0 138.47618,35.0292,0 138.47691,35.02981,0 138.47707,35.02994,0 138.47772,35.03048,0 138.47784,35.03058,0 138.47812,35.03081,0 138.47843,35.03106,0 138.47882,35.03137,0 138.47913,35.03162,0 138.47931,35.03177,0 138.47973,35.03211,0 138.4799,35.03225,0 138.48084,35.03295,0 138.48152,35.03343,0 138.48241,35.034,0 138.48253,35.03407,0 138.48293,35.03432,0 138.48334,35.03457,0 138.48359,35.03472,0 138.48406,35.03502,0 138.48464,35.03538,0 138.48468,35.0354,0 138.48472,35.03543,0 138.48477,35.03546,0 138.48481,35.03549,0 138.48582,35.0361,0 138.48586,35.03613,0 138.4859,35.03615,0 138.48591,35.03616,0 138.48595,35.03618,0 138.48598,35.0362,0 138.48703,35.03686,0 138.4871,35.0369,0 138.48721,35.03697,0 138.48821,35.03758,0 138.48842,35.03771,0 138.48872,35.0379,0 138.48909,35.03813,0 138.48917,35.03818,0 138.48926,35.03823,0 138.48933,35.03828,0 138.48941,35.03833,0 138.49015,35.03879,0 138.49035,35.03891,0 138.4906,35.03906,0 138.49161,35.03971,0 138.49168,35.03976,0 138.49179,35.03983,0 138.49275,35.04046,0 138.49389,35.04121,0 138.49438,35.04156,0 138.49478,35.04185,0 138.49496,35.04197,0 138.49612,35.04284,0 138.4969,35.04345,0 138.49734,35.04382,0 138.49796,35.04445,0 138.49806,35.04456,0 138.49843,35.045,0 138.49912,35.04581,0 138.50037,35.04726,0 138.5014,35.04849,0 138.50211,35.04932,0 138.50246,35.04969,0 138.50374,35.05115,0 138.5046,35.05217,0 138.50549,35.05321,0 138.50572,35.05348,0 138.50641,35.0543,0 138.5071,35.0551,0 138.50923,35.05758,0 138.51054,35.05909,0 138.51188,35.06061,0 138.51209,35.06086,0 138.51305,35.06198,0 138.51463,35.06381,0 138.51572,35.0651,0 138.51815,35.06791,0 138.51842,35.06826,0 138.52041,35.07054,0 138.5206,35.07076,0 138.52126,35.07151,0 138.52204,35.0724,0 138.52353,35.0741,0 138.52446,35.07517,0 138.5247,35.07545,0 138.52583,35.07682,0 138.52789,35.0792,0 138.52853,35.07995,0 138.53009,35.0817,0 138.53164,35.08357,0 138.53276,35.08494,0 138.53385,35.08625,0 138.53418,35.08662,0 138.53433,35.08672,0 138.53467,35.08705,0 138.53499,35.0874,0 138.53561,35.08809,0 138.53626,35.08883,0 138.53644,35.08904,0 138.53692,35.08958,0 138.53756,35.0903,0 138.53821,35.09098,0 138.53858,35.09135,0 138.53892,35.09171,0 138.53922,35.09205,0 138.53957,35.09241,0 138.54019,35.09305,0 138.54081,35.09369,0 138.54117,35.09408,0 138.5418,35.09475,0 138.54248,35.09547,0 138.54317,35.09616,0 138.54384,35.09686,0 138.54445,35.09747,0 138.54506,35.09811,0 138.54539,35.09846,0 138.54541,35.09848,0 138.54596,35.09909,0 138.5466,35.09977,0 138.54724,35.10048,0 138.54789,35.10119,0 138.54856,35.10187,0 138.54933,35.10265,0 138.5496,35.10293,0 138.55024,35.10356,0 138.55092,35.10427,0 138.55159,35.10497,0 138.5522,35.10557,0 138.55284,35.10624,0 138.55339,35.10681,0 138.5535,35.10693,0 138.55394,35.10736,0 138.55438,35.1078,0 138.55539,35.10861,0 138.55648,35.10945,0 138.55665,35.10958,0 138.55688,35.10975,0 138.55704,35.10986,0 138.55753,35.11019,0 138.55872,35.11095,0 138.55883,35.11102,0 138.55895,35.11109,0 138.55945,35.11141,0 138.5597,35.11156,0 138.55997,35.11173,0 138.56081,35.11221,0 138.56099,35.11232,0 138.56149,35.1126,0 138.56181,35.11278,0 138.56194,35.11285,0 138.56207,35.11293,0 138.5622,35.113,0 138.56234,35.11307,0 138.56248,35.11315,0 138.56319,35.11354,0 138.56379,35.11382,0 138.56475,35.11425,0 138.5662,35.1149,0 138.56721,35.11536,0 138.56812,35.11577,0 138.56906,35.1162,0 138.57006,35.11666,0 138.57105,35.1171,0 138.57231,35.11768,0 138.57253,35.11778,0 138.5734,35.11817,0 138.57431,35.11859,0 138.57529,35.11904,0 138.57614,35.11941,0 138.57621,35.11944,0 138.57712,35.11986,0 138.57812,35.12031,0 138.57907,35.12075,0 138.58003,35.12118,0 138.58057,35.12142,0 138.58147,35.12182,0 138.58238,35.12224,0 138.58328,35.12264,0 138.58428,35.1231,0 138.58523,35.12355,0 138.58588,35.12385,0 138.58616,35.12398,0 138.58674,35.12425,0 138.58807,35.12485,0 138.58902,35.12528,0 138.58993,35.1257,0 138.59091,35.12614,0 138.59189,35.12657,0 138.59283,35.12701,0 138.59368,35.12739,0 138.59466,35.12783,0 138.59556,35.12824,0 138.59603,35.12845,0 138.59696,35.12887,0 138.59795,35.12932,0 138.59895,35.12977,0 138.59986,35.13018,0 138.60085,35.13061,0 138.60181,35.13105,0 138.60269,35.13147,0 138.60366,35.1319,0 138.60417,35.13213,0 138.60469,35.13234,0 138.60525,35.13262,0 138.60564,35.13281,0 138.60671,35.1333,0 138.60768,35.13373,0 138.60798,35.13389,0 138.609,35.13434,0 138.60984,35.13471,0 138.61072,35.13509,0 138.61109,35.13523,0 138.61162,35.13542,0 138.61186,35.1355,0 138.61207,35.13557,0 138.61233,35.13564,0 138.61286,35.1358,0 138.61412,35.13615,0 138.61445,35.13622,0 138.61506,35.13637,0 138.61549,35.13645,0 138.61604,35.13656,0 138.61649,35.13664,0 138.61705,35.13675,0 138.61729,35.13678,0 138.61764,35.13683,0 138.61799,35.13687,0 138.6185,35.13693,0 138.61974,35.13708,0 138.62102,35.13719,0 138.62166,35.13724,0 138.62189,35.13728,0 138.62221,35.13731,0 138.62407,35.13749,0 138.62833,35.13788,0 138.62838,35.13788,0 138.63384,35.13837,0 138.63889,35.13884,0 138.64185,35.13913,0 138.64273,35.1392,0 138.6428,35.13922,0 138.64306,35.13924,0 138.64412,35.13933,0 138.64437,35.13935,0 138.64536,35.13945,0 138.64574,35.13949,0 138.64683,35.13963,0 138.64707,35.13965,0 138.64824,35.1398,0 138.64843,35.13982,0 138.64866,35.13985,0 138.64887,35.13988,0 138.64901,35.1399,0 138.64916,35.13992,0 138.64939,35.13995,0 138.64974,35.14,0 138.64997,35.14004,0 138.6502,35.14008,0 138.65306,35.14053,0 138.65328,35.14056,0 138.65435,35.14073,0 138.65464,35.14077,0 138.65669,35.1411,0 138.65702,35.14114,0 138.65751,35.14122,0 138.65776,35.14126,0 138.65947,35.14153,0 138.65977,35.14158,0 138.66128,35.14181,0</coordinates></LineString>
                        </Placemark>
                        <Placemark>
                            <name>東海道新幹線</name>
                            <styleUrl>#style_orange</styleUrl>
                            <LineString><tessellate>1</tessellate><coordinates>138.66128,35.14181,0 138.66154,35.14185,0 138.66181,35.14189,0 138.66209,35.14193,0 138.66255,35.142,0 138.66449,35.14229,0 138.66476,35.14233,0 138.66555,35.14244,0</coordinates></LineString>
                        </Placemark>
                        <Placemark>
                            <name>東海道新幹線</name>
                            <styleUrl>#style_orange</styleUrl>
                            <LineString><tessellate>1</tessellate><coordinates>138.66555,35.14244,0 138.66692,35.14267,0 138.66705,35.1427,0 138.66731,35.14274,0 138.67004,35.14316,0 138.67039,35.14322,0 138.67091,35.14331,0 138.67121,35.14335,0 138.67148,35.14339,0 138.67187,35.14346,0 138.67463,35.14391,0 138.67611,35.14416,0 138.67801,35.14453,0 138.67931,35.14485,0 138.68194,35.1456,0 138.68257,35.14581,0 138.68372,35.14619,0 138.68571,35.14691,0 138.68604,35.14703,0 138.68841,35.14786,0 138.69037,35.14855,0 138.69126,35.14879,0 138.69251,35.14915,0 138.69282,35.14923,0 138.6933,35.14937,0 138.69467,35.14968,0 138.69577,35.1499,0 138.69646,35.15004,0 138.69802,35.15026,0 138.70166,35.15065,0 138.7037,35.15079,0 138.70583,35.15094,0 138.709,35.15121,0 138.71191,35.15146,0 138.71473,35.15169,0 138.71486,35.15171,0 138.71504,35.15172,0 138.71521,35.15173,0 138.71555,35.15176,0 138.71592,35.15179,0 138.71615,35.15181,0 138.71855,35.15209,0 138.71884,35.15212,0 138.7232,35.15263,0 138.72332,35.15264,0 138.72343,35.15265,0 138.72642,35.15303,0 138.72672,35.15305,0 138.72717,35.15312,0 138.72752,35.15316,0 138.72798,35.15322,0 138.72887,35.15334,0 138.72919,35.15337,0 138.73137,35.15364,0 138.73153,35.15366,0 138.73174,35.15368,0 138.73403,35.15396,0 138.73435,35.15399,0 138.73618,35.15423,0 138.73652,35.15427,0 138.73813,35.15448,0 138.73838,35.15451,0 138.73999,35.15473,0 138.74021,35.15475,0 138.7412,35.15488,0 138.74149,35.1549,0 138.74437,35.1553,0 138.7447,35.15535,0 138.74512,35.15541,0 138.74551,35.15546,0 138.7457,35.15549,0 138.74687,35.15564,0 138.74812,35.15574,0 138.74926,35.15583,0 138.74993,35.15588,0 138.75024,35.1559,0 138.75176,35.15602,0 138.7522,35.15608,0 138.75296,35.15611,0 138.75425,35.15611,0 138.75585,35.15606,0 138.75689,35.15597,0 138.75693,35.15597,0 138.75795,35.15588,0 138.75927,35.15576,0 138.76051,35.1556,0 138.7617,35.15543,0 138.76326,35.1552,0 138.76422,35.15499,0 138.76539,35.15466,0 138.76672,35.15428,0 138.7677,35.15401,0 138.76791,35.15395,0 138.76908,35.15362,0 138.7706,35.15316,0 138.77184,35.15281,0 138.77238,35.15265,0 138.77454,35.15204,0 138.7751,35.15187,0 138.77646,35.15148,0 138.77727,35.15125,0 138.77828,35.15096,0 138.78149,35.15007,0 138.78314,35.14958,0 138.78381,35.14939,0 138.7843,35.14925,0 138.78559,35.14889,0 138.78601,35.14877,0 138.78811,35.1482,0 138.79046,35.14753,0 138.79195,35.1471,0 138.79252,35.14693,0 138.79256,35.14692,0 138.7939,35.14653,0 138.79392,35.14652,0 138.79641,35.1458,0 138.79665,35.14574,0 138.79875,35.14515,0 138.80091,35.14454,0 138.80194,35.14426,0 138.80197,35.14425,0 138.80318,35.1439,0 138.80373,35.14374,0 138.80493,35.14341,0 138.80632,35.14302,0 138.80702,35.14281,0 138.80838,35.14235,0 138.80908,35.1421,0 138.80911,35.14209,0 138.80998,35.14177,0 138.81036,35.14163,0 138.81075,35.14149,0 138.81089,35.14143,0 138.81158,35.14118,0 138.81253,35.14074,0 138.81338,35.14029,0 138.81399,35.13992,0 138.81428,35.13973,0 138.81433,35.1397,0 138.81556,35.13889,0 138.81618,35.13845,0 138.817,35.13786,0 138.81837,35.13677,0 138.81839,35.13676,0 138.82009,35.13539,0 138.82103,35.13458,0 138.82174,35.13402,0 138.82316,35.13288,0 138.82354,35.13251,0 138.82468,35.13159,0 138.82553,35.13097,0 138.82628,35.13048,0 138.82631,35.13047,0 138.82713,35.12998,0 138.82806,35.12949,0 138.82963,35.12877,0 138.83211,35.12779,0 138.83274,35.12758,0 138.83415,35.12714,0 138.83514,35.12692,0 138.83575,35.1268,0 138.8363,35.12672,0 138.83765,35.12653,0 138.83846,35.12645,0 138.84031,35.12627,0 138.84307,35.12604,0 138.84463,35.12592,0 138.84587,35.12583,0 138.84681,35.12575,0 138.84749,35.1257,0 138.84818,35.12564,0 138.84835,35.12563,0 138.8509,35.12542,0 138.85464,35.12509,0 138.85739,35.12487,0 138.85862,35.12477,0 138.85937,35.1247,0 138.85991,35.12466,0 138.86129,35.12454,0 138.86157,35.12452,0 138.8629,35.1244,0 138.8637,35.12433,0 138.86537,35.12419,0 138.86616,35.12412,0 138.86836,35.12392,0 138.86987,35.12378,0 138.87149,35.12367,0 138.87151,35.12367,0 138.87177,35.12365,0 138.87182,35.12365,0 138.87186,35.12365,0 138.87211,35.12364,0 138.87261,35.1236,0 138.87419,35.12348,0 138.87444,35.12345,0 138.87621,35.12331,0 138.87649,35.12329,0 138.87883,35.12309,0 138.87914,35.12305,0 138.87995,35.12299,0 138.88038,35.12296,0 138.88092,35.12293,0 138.88192,35.12289,0 138.88309,35.12287,0 138.88436,35.12289,0 138.88572,35.12293,0 138.88596,35.12294,0 138.8862,35.12295,0 138.8872,35.12302,0 138.88756,35.12305,0 138.88821,35.12312,0 138.88966,35.12332,0 138.88998,35.12337,0 138.89265,35.12384,0 138.89473,35.1242,0 138.89705,35.12457,0 138.8991,35.12491,0 138.89926,35.12494,0 138.90107,35.12525,0 138.90159,35.12534,0 138.90294,35.12558,0 138.90295,35.12558,0 138.90449,35.12584,0 138.9059,35.12607,0 138.90782,35.1264,0</coordinates></LineString>
                        </Placemark>
                        <Placemark>
                            <name>東海道新幹線</name>
                            <styleUrl>#style_orange</styleUrl>
                            <LineString><tessellate>1</tessellate><coordinates>136.84975,35.17912,0 136.85322,35.1817,0 136.85342,35.18185,0 136.85406,35.18233,0 136.85487,35.18296,0 136.85502,35.18307,0 136.85537,35.18328,0 136.85663,35.18406,0 136.85983,35.18605,0 136.86073,35.18663,0 136.86102,35.18673,0 136.86157,35.18683,0 136.86227,35.18694,0 136.86505,35.187,0 136.86643,35.18701,0 136.86738,35.18698,0 136.8678,35.18692,0 136.86838,35.18677,0 136.86873,35.18665,0 136.86888,35.18659,0 136.86907,35.1865,0 136.86954,35.18628,0</coordinates></LineString>
                        </Placemark>
                        <Placemark>
                            <name>東海道新幹線</name>
                            <styleUrl>#style_orange</styleUrl>
                            <LineString><tessellate>1</tessellate><coordinates>136.88027,35.17229,0 136.88023,35.17244,0 136.87983,35.1737,0 136.87981,35.17378,0 136.87978,35.17386,0 136.87964,35.17423,0 136.87959,35.17434,0 136.87938,35.17487,0 136.87934,35.17497,0 136.87809,35.1775,0 136.87747,35.17852,0 136.87706,35.17906,0 136.87628,35.17995,0 136.87495,35.18128,0 136.87371,35.18252,0 136.87364,35.18259,0 136.87338,35.18285,0 136.87328,35.18294,0 136.87275,35.18346,0 136.87205,35.18405,0 136.86954,35.18628,0</coordinates></LineString>
                        </Placemark>
                        <Placemark>
                            <name>東海道新幹線</name>
                            <styleUrl>#style_orange</styleUrl>
                            <LineString><tessellate>1</tessellate><coordinates>136.88194,35.16874,0 136.88129,35.16989,0 136.88033,35.17208,0 136.88027,35.17229,0</coordinates></LineString>
                        </Placemark>
                        <Placemark>
                            <name>東海道新幹線</name>
                            <styleUrl>#style_orange</styleUrl>
                            <LineString><tessellate>1</tessellate><coordinates>136.68425,35.31701,0 136.68726,35.31447,0</coordinates></LineString>
                        </Placemark>
                        <Placemark>
                            <name>東海道新幹線</name>
                            <styleUrl>#style_orange</styleUrl>
                            <LineString><tessellate>1</tessellate><coordinates>136.68726,35.31447,0 136.6884,35.31346,0 136.68941,35.31258,0 136.69029,35.31181,0 136.69057,35.31156,0 136.69126,35.31097,0 136.69164,35.31064,0 136.69226,35.3101,0 136.69289,35.30962,0 136.69353,35.30914,0 136.69457,35.30843,0 136.69532,35.30792,0 136.69587,35.30756,0 136.69639,35.30724,0 136.69701,35.30687,0 136.69726,35.30673,0 136.69753,35.30657,0 136.69787,35.3064,0 136.69849,35.30609,0 136.69921,35.30573,0 136.69971,35.30549,0 136.69992,35.30539,0 136.70037,35.30518,0 136.701,35.30491,0 136.70157,35.30469,0 136.70216,35.30449,0 136.70297,35.30419,0 136.70411,35.30376,0 136.70535,35.30331,0 136.70661,35.30283,0 136.70777,35.30239,0 136.7089,35.30194,0 136.70964,35.30164,0 136.71008,35.30146,0 136.71057,35.30127,0 136.71081,35.30116,0 136.71103,35.30106,0 136.71178,35.30072,0 136.71362,35.29995,0 136.71495,35.29938,0 136.7162,35.29883,0 136.71802,35.29806,0 136.71977,35.29732,0 136.72045,35.29702,0 136.722,35.29634,0 136.7234,35.29575,0 136.72522,35.29498,0 136.72551,35.29485,0 136.72673,35.29432,0 136.72792,35.29381,0 136.7294,35.29317,0 136.73164,35.29221,0 136.73267,35.29177,0 136.73375,35.29131,0 136.7347,35.2909,0 136.73559,35.29052,0 136.73639,35.29014,0 136.73769,35.28949,0 136.73805,35.28932,0 136.73855,35.28904,0 136.73885,35.28886,0 136.73968,35.28836,0 136.7401,35.2881,0 136.74032,35.28793,0 136.74092,35.28754,0 136.74149,35.28715,0 136.74189,35.28684,0 136.7424,35.28643,0 136.74324,35.28572,0 136.74409,35.28493,0 136.74456,35.28444,0 136.74484,35.28413,0 136.74529,35.28365,0 136.74579,35.28308,0 136.7464,35.28229,0 136.74694,35.28154,0 136.74706,35.28138,0 136.74755,35.28068,0 136.74841,35.27938,0 136.74851,35.27924,0 136.74934,35.27804,0 136.74979,35.27739,0 136.75059,35.27622,0 136.75116,35.2754,0 136.75127,35.27525,0 136.75136,35.27514,0 136.75241,35.27361,0 136.75346,35.27209,0 136.75365,35.27182,0 136.7544,35.27078,0 136.75506,35.26981,0 136.75613,35.26827,0 136.75637,35.26791,0 136.75656,35.26765,0 136.75702,35.26699,0 136.75716,35.26678,0 136.75746,35.26633,0 136.75766,35.26604,0 136.75846,35.26488,0 136.75874,35.26447,0 136.75895,35.26416,0 136.75948,35.26338,0 136.7596,35.26321,0 136.75973,35.26301,0 136.76015,35.26239,0 136.76041,35.26201,0 136.76089,35.2613,0 136.7611,35.26103,0 136.76229,35.25932,0 136.76258,35.2589,0 136.76291,35.25844,0 136.76356,35.25751,0 136.76412,35.25671,0 136.76484,35.25567,0 136.76564,35.25453,0 136.76628,35.25366,0 136.76655,35.25325,0 136.76658,35.25321,0 136.76672,35.25295,0 136.76685,35.25272,0 136.7669,35.25264,0 136.76698,35.25253,0 136.76774,35.2514,0 136.76787,35.25122,0 136.76833,35.2506,0 136.76846,35.25041,0 136.769,35.24967,0 136.76915,35.24946,0 136.76964,35.24878,0 136.76977,35.24861,0 136.77032,35.24787,0 136.77059,35.24753,0 136.77074,35.24733,0 136.77129,35.24666,0 136.77143,35.24649,0 136.77254,35.24524,0 136.77337,35.2444,0 136.77423,35.24363,0 136.77521,35.24283,0 136.77638,35.24196,0 136.7775,35.24116,0 136.77828,35.24067,0 136.77913,35.24018,0 136.78065,35.23937,0 136.7808,35.2393,0 136.78122,35.23908,0 136.78199,35.23872,0 136.78308,35.23821,0 136.78542,35.23707,0 136.78555,35.237,0 136.78706,35.23629,0 136.7895,35.23511,0 136.78987,35.23495,0 136.79019,35.23478,0 136.79064,35.23457,0 136.79097,35.23443,0 136.79136,35.23423,0 136.79169,35.23406,0 136.79279,35.23356,0 136.79304,35.23343,0 136.79396,35.23297,0 136.79411,35.23291,0 136.79428,35.23284,0 136.79529,35.23235,0 136.7955,35.23224,0 136.79644,35.23179,0 136.79687,35.2316,0 136.79726,35.2314,0 136.80221,35.22907,0 136.80268,35.22887,0 136.80362,35.2285,0 136.80452,35.22818,0 136.80543,35.22787,0 136.80626,35.2276,0 136.80683,35.22741,0 136.80726,35.22729,0 136.80802,35.22707,0 136.80878,35.22689,0 136.81037,35.22659,0 136.81187,35.22634,0 136.81297,35.22618,0 136.81529,35.22592,0 136.81619,35.22582,0 136.81644,35.2258,0 136.81754,35.22567,0 136.82002,35.22541,0 136.82131,35.22529,0 136.82239,35.22516,0 136.8227,35.22513,0 136.82358,35.22501,0 136.82395,35.22497,0 136.82494,35.22482,0 136.82526,35.22478,0 136.82622,35.22463,0 136.82652,35.22458,0 136.82748,35.22437,0 136.82778,35.2243,0 136.8287,35.22405,0 136.82906,35.22395,0 136.8302,35.22363,0 136.83128,35.22329,0 136.83209,35.22298,0 136.83336,35.22243,0 136.83414,35.22205,0 136.83466,35.22179,0 136.83502,35.22161,0 136.83527,35.22147,0 136.837,35.22054,0 136.83779,35.22004,0 136.83875,35.2193,0 136.83937,35.21884,0 136.84008,35.21821,0 136.84094,35.21739,0 136.84161,35.21667,0 136.84224,35.21595,0 136.84308,35.21504,0 136.84338,35.21469,0 136.84551,35.21225,0 136.84582,35.21189,0 136.8477,35.20969,0 136.84786,35.2095,0 136.84884,35.20835,0 136.84945,35.20769,0 136.84964,35.2075,0 136.8503,35.20685,0 136.85103,35.20619,0 136.85126,35.20601,0 136.85191,35.20548,0 136.85246,35.20506,0 136.85365,35.20422,0 136.85488,35.20345,0 136.85544,35.20312,0 136.85604,35.20278,0 136.85651,35.20252,0 136.85738,35.20204,0 136.85793,35.2017,0 136.85811,35.20158,0 136.85831,35.20147,0 136.85942,35.20072,0 136.85999,35.20029,0 136.86041,35.19996,0 136.8609,35.1995,0 136.86154,35.19887,0 136.862,35.19834,0 136.86253,35.19767,0 136.86299,35.19701,0 136.86358,35.1961,0 136.86412,35.19517,0 136.86457,35.1943,0 136.86497,35.19339,0 136.8651,35.1931,0 136.86542,35.19233,0 136.86574,35.1916,0 136.86597,35.19106,0 136.86627,35.19034,0 136.86661,35.18964,0 136.86702,35.189,0 136.86756,35.18831,0 136.86848,35.18731,0 136.86903,35.18677,0 136.86954,35.18628,0</coordinates></LineString>
                        </Placemark>
                        <Placemark>
                            <name>東海道新幹線</name>
                            <styleUrl>#style_orange</styleUrl>
                            <LineString><tessellate>1</tessellate><coordinates>137.73368,34.70293,0 137.73485,34.70355,0 137.73548,34.70384,0 137.7375,34.70472,0</coordinates></LineString>
                        </Placemark>
                        <Placemark>
                            <name>東海道新幹線</name>
                            <styleUrl>#style_orange</styleUrl>
                            <LineString><tessellate>1</tessellate><coordinates>138.01727,34.76941,0 138.0169,34.76936,0 138.01648,34.76931,0 138.01637,34.76929,0 138.01596,34.76924,0 138.01301,34.76889,0</coordinates></LineString>
                        </Placemark>
                        <Placemark>
                            <name>東海道新幹線</name>
                            <styleUrl>#style_orange</styleUrl>
                            <LineString><tessellate>1</tessellate><coordinates>138.01301,34.76889,0 138.01296,34.76889,0 138.01183,34.76876,0 138.01103,34.76867,0 138.01051,34.76862,0 138.00954,34.76851,0 138.0082,34.76836,0 138.00803,34.76834,0 138.00782,34.76832,0 138.00707,34.76822,0 138.00696,34.76821,0 138.00636,34.76812,0 138.00607,34.76808,0 138.00586,34.76805,0 138.00534,34.76794,0 138.00446,34.7677,0 138.0036,34.76744,0 138.00349,34.7674,0 138.00336,34.76737,0 138.00257,34.76713,0 138.00232,34.76705,0 138.00218,34.76701,0 138.0011,34.76668,0 137.9989,34.76605,0 137.9985,34.76594,0 137.99823,34.76587,0 137.99733,34.76562,0 137.99695,34.7655,0 137.9963,34.76531,0 137.99491,34.76486,0 137.99462,34.76477,0 137.99453,34.76474,0 137.99231,34.76404,0 137.99136,34.76371,0 137.99023,34.7633,0 137.98854,34.76274,0 137.98795,34.76253,0 137.98437,34.76114,0 137.98418,34.76107,0 137.98285,34.76055,0 137.98267,34.76048,0 137.98074,34.75973,0 137.97688,34.75822,0 137.97357,34.7569,0 137.97331,34.7568,0 137.97326,34.75678,0 137.97275,34.75658,0 137.97255,34.75651,0 137.97209,34.75633,0 137.97021,34.75559,0 137.96619,34.75403,0 137.96598,34.75395,0 137.96557,34.7538,0 137.96529,34.75368,0 137.96505,34.75358,0 137.96453,34.75331,0 137.96342,34.75287,0 137.96194,34.7523,0 137.96134,34.75206,0 137.96102,34.75194,0 137.96056,34.75176,0 137.9599,34.75149,0 137.95914,34.75124,0 137.95784,34.75081,0 137.95662,34.75046,0 137.95428,34.74976,0 137.95409,34.74971,0 137.95377,34.74962,0 137.95097,34.74878,0 137.94982,34.74844,0 137.94726,34.74766,0 137.94533,34.74708,0 137.94429,34.74676,0 137.94253,34.74625,0 137.94232,34.74615,0 137.94192,34.74599,0 137.94152,34.74581,0 137.94071,34.74541,0 137.94055,34.74533,0 137.94051,34.74532,0 137.93986,34.74497,0 137.93976,34.74491,0 137.93922,34.74462,0 137.93775,34.74382,0 137.9375,34.74369,0 137.9373,34.74358,0 137.93694,34.74339,0 137.93585,34.74281,0 137.93482,34.74225,0 137.93437,34.74201,0 137.93412,34.74187,0 137.93359,34.74157,0 137.93309,34.74127,0 137.93177,34.7405,0 137.93122,34.74017,0 137.93114,34.74013,0 137.93112,34.74012,0 137.93056,34.73983,0 137.9304,34.73976,0 137.92972,34.73942,0 137.92878,34.73895,0 137.92851,34.73882,0 137.92794,34.73857,0 137.92623,34.73775,0 137.92576,34.73755,0 137.92496,34.73719,0 137.92373,34.73672,0 137.92361,34.73668,0 137.92214,34.73611,0 137.9211,34.73572,0 137.92098,34.73567,0 137.92082,34.73561,0 137.91976,34.73522,0 137.91968,34.73518,0 137.9196,34.73516,0 137.91943,34.73509,0 137.91816,34.73462,0 137.91796,34.73455,0 137.91772,34.73446,0 137.91659,34.73403,0 137.91654,34.73401,0 137.91601,34.73382,0 137.91515,34.73351,0 137.915,34.73345,0 137.91409,34.7331,0 137.9138,34.733,0 137.91295,34.73268,0 137.91281,34.73263,0 137.91251,34.73252,0 137.91116,34.73204,0 137.91091,34.73194,0 137.90981,34.73152,0 137.90931,34.73133,0 137.90917,34.73128,0 137.90833,34.73097,0 137.90706,34.73048,0 137.90682,34.73039,0 137.90667,34.73033,0 137.9064,34.73022,0 137.90572,34.72995,0 137.90565,34.72992,0 137.90467,34.72953,0 137.904,34.72925,0 137.90317,34.7289,0 137.90306,34.72886,0 137.90301,34.72883,0 137.90293,34.7288,0 137.90121,34.72799,0 137.90021,34.7275,0 137.89891,34.7268,0 137.89744,34.72602,0 137.89694,34.72576,0 137.89678,34.72568,0 137.89663,34.72559,0 137.89625,34.7254,0 137.89543,34.72492,0 137.89526,34.72482,0 137.8951,34.72473,0 137.89489,34.72461,0 137.89388,34.724,0 137.89368,34.72387,0 137.89289,34.72339,0 137.89159,34.72252,0 137.89143,34.72241,0 137.89046,34.72175,0 137.88958,34.72113,0 137.88916,34.72082,0 137.88851,34.72034,0 137.8881,34.72006,0 137.88648,34.71879,0 137.88514,34.71772,0 137.88428,34.71696,0 137.88347,34.71628,0 137.88337,34.71619,0 137.88264,34.71557,0 137.88248,34.71544,0 137.88109,34.71429,0 137.88055,34.71386,0 137.88018,34.71357,0 137.87963,34.71317,0 137.87954,34.7131,0 137.87947,34.71306,0 137.87882,34.71263,0 137.87845,34.7124,0 137.87816,34.71221,0 137.8779,34.71206,0 137.87692,34.71147,0 137.87623,34.71111,0 137.876,34.71099,0 137.87553,34.71075,0 137.87415,34.71015,0 137.87387,34.71004,0 137.87364,34.70996,0 137.87277,34.70965,0 137.87197,34.7094,0 137.87166,34.70932,0 137.87151,34.70928,0 137.87132,34.70923,0 137.87111,34.70917,0 137.87055,34.70903,0 137.87032,34.70897,0 137.86972,34.70882,0 137.8691,34.70869,0 137.86856,34.70858,0 137.86757,34.7084,0 137.86741,34.70837,0 137.86722,34.70833,0 137.86622,34.70814,0 137.86531,34.708,0 137.86516,34.70798,0 137.86504,34.70796,0 137.86446,34.70787,0 137.86405,34.7078,0 137.86329,34.70768,0 137.8626,34.70758,0 137.86136,34.70738,0 137.86097,34.70732,0 137.86016,34.7072,0 137.85787,34.70684,0 137.85509,34.7064,0 137.85424,34.70627,0 137.85344,34.70615,0 137.85227,34.70598,0 137.85194,34.70593,0 137.85088,34.70577,0 137.8505,34.7057,0 137.84934,34.70551,0 137.84808,34.70531,0 137.84662,34.70509,0 137.84611,34.70501,0 137.84401,34.70469,0 137.84254,34.70445,0 137.84233,34.70442,0 137.8421,34.70439,0 137.84107,34.70424,0 137.84087,34.70421,0 137.84006,34.70405,0 137.8388,34.70388,0 137.83856,34.70385,0 137.83827,34.7038,0 137.83687,34.70361,0 137.836,34.70347,0 137.83578,34.70345,0 137.83541,34.70341,0 137.83503,34.70337,0 137.83423,34.70329,0 137.83416,34.70329,0 137.8334,34.70323,0 137.83104,34.70306,0 137.82981,34.70301,0 137.82958,34.703,0 137.82925,34.70299,0 137.82702,34.70291,0 137.82641,34.70289,0 137.82625,34.70289,0 137.82537,34.70286,0 137.82293,34.70278,0 137.82289,34.70278,0 137.82286,34.70278,0 137.8225,34.70277,0 137.82137,34.70273,0 137.81966,34.7027,0 137.81823,34.70268,0 137.81782,34.70268,0 137.81621,34.70272,0 137.81583,34.70274,0 137.81483,34.7028,0 137.81377,34.70289,0 137.81306,34.70299,0 137.8122,34.70312,0 137.81167,34.70321,0 137.81142,34.70325,0 137.81119,34.70329,0 137.80963,34.70359,0 137.80958,34.7036,0 137.80919,34.70368,0 137.80768,34.704,0 137.80668,34.70422,0 137.80633,34.7043,0 137.80606,34.70436,0 137.80567,34.70445,0 137.8055,34.70449,0 137.80532,34.70454,0 137.80512,34.70458,0 137.80482,34.70465,0 137.80208,34.70531,0 137.80096,34.70557,0 137.80034,34.70571,0 137.79911,34.70602,0 137.79756,34.70638,0 137.79617,34.70671,0 137.79562,34.70684,0 137.79517,34.70695,0 137.79488,34.70702,0 137.79438,34.70714,0 137.79228,34.7076,0 137.79164,34.70773,0 137.79032,34.70797,0 137.79003,34.70803,0 137.78986,34.70806,0 137.78913,34.70818,0 137.78888,34.70822,0 137.78884,34.70822,0 137.78785,34.70836,0 137.78774,34.70837,0 137.78739,34.70839,0 137.78736,34.7084,0 137.7855,34.70857,0 137.78548,34.70857,0 137.78513,34.70858,0 137.78427,34.70862,0 137.7842,34.70862,0 137.7838,34.70863,0 137.78312,34.70865,0 137.78275,34.70866,0 137.78214,34.70867,0 137.78204,34.70867,0 137.78191,34.70868,0 137.78093,34.70869,0 137.78076,34.70869,0 137.7806,34.70869,0 137.78017,34.7087,0 137.77917,34.70869,0 137.77865,34.70868,0 137.77845,34.70868,0 137.77708,34.70869,0 137.77672,34.7087,0 137.7759,34.7087,0 137.77554,34.70871,0 137.77518,34.70871,0 137.77479,34.70871,0 137.77466,34.70871,0 137.77446,34.70871,0 137.77259,34.70872,0 137.77245,34.70872,0 137.77226,34.70872,0 137.7718,34.70872,0 137.76846,34.70875,0 137.7651,34.70874,0 137.76169,34.70868,0 137.76118,34.70867,0 137.76013,34.70864,0 137.75864,34.70851,0 137.75833,34.70848,0 137.75819,34.70847,0 137.75716,34.70835,0 137.75526,34.70813,0 137.75478,34.70806,0 137.75426,34.70802,0 137.75155,34.70769,0 137.75077,34.7076,0 137.75038,34.70755,0 137.74839,34.70731,0 137.74769,34.70723,0 137.74698,34.70711,0 137.74618,34.70697,0 137.74578,34.7069,0 137.74508,34.70676,0 137.74455,34.70665,0 137.74389,34.70649,0 137.74293,34.70625,0 137.74217,34.70605,0 137.74105,34.70579,0 137.74031,34.7056,0 137.73946,34.70535,0 137.73879,34.70515,0 137.73813,34.70494,0 137.73782,34.70483,0 137.7375,34.70472,0</coordinates></LineString>
                        </Placemark>
                        <Placemark>
                            <name>東海道新幹線</name>
                            <styleUrl>#style_orange</styleUrl>
                            <LineString><tessellate>1</tessellate><coordinates>137.38196,34.76133,0 137.38247,34.7603,0 137.38256,34.76012,0 137.38367,34.75789,0 137.38468,34.75605,0 137.38599,34.75399,0 137.38627,34.75359,0 137.38645,34.75329,0 137.38662,34.75305,0 137.387,34.75257,0 137.38744,34.75209,0 137.38761,34.75191,0 137.38815,34.7513,0 137.38923,34.7501,0 137.39014,34.74903,0 137.39077,34.74833,0 137.3915,34.7476,0 137.39185,34.74727,0 137.39256,34.74667,0 137.39347,34.74599,0 137.39399,34.74562,0 137.39456,34.74524,0 137.39467,34.74516,0 137.39546,34.74464,0 137.39571,34.74448,0 137.39588,34.74437,0 137.39648,34.744,0 137.39667,34.74388,0 137.39733,34.74347,0 137.39747,34.74339,0 137.39765,34.74329,0 137.39767,34.74328,0 137.39909,34.7424,0 137.40032,34.74163,0 137.40135,34.74099,0 137.40345,34.7397,0 137.40356,34.73963,0 137.4037,34.73955,0 137.40676,34.73766,0 137.40699,34.73751,0 137.40713,34.73743,0 137.40833,34.73671,0 137.40932,34.73608,0 137.41143,34.73477,0 137.41199,34.73444,0 137.4122,34.73432,0 137.41231,34.73425,0 137.41435,34.73297,0 137.41446,34.7329,0 137.41508,34.73253,0 137.41596,34.73205,0 137.41631,34.73185,0 137.4168,34.73162,0 137.41738,34.73135,0 137.41858,34.7308,0 137.41924,34.73052,0 137.41975,34.73034,0 137.42066,34.73007,0 137.42184,34.72972,0 137.42416,34.72909,0 137.42426,34.72907,0 137.42543,34.72878,0 137.42719,34.72832,0 137.43045,34.72753,0 137.43247,34.72703,0 137.43487,34.72645,0 137.43522,34.72637,0 137.44051,34.72509,0 137.44232,34.72466,0 137.44253,34.72462,0 137.44433,34.72419,0 137.44448,34.72416,0 137.44457,34.72413,0 137.44682,34.72363,0 137.44705,34.72357,0 137.44789,34.72338,0 137.44842,34.72324,0 137.44862,34.7232,0 137.45137,34.72255,0 137.4516,34.72249,0 137.45519,34.72165,0 137.45525,34.72164,0 137.4554,34.7216,0 137.45609,34.72144,0 137.45712,34.7212,0 137.45942,34.72066,0 137.45962,34.72061,0 137.4597,34.72059,0 137.46074,34.72035,0 137.46135,34.72021,0 137.46343,34.71971,0 137.46371,34.71965,0 137.46411,34.71955,0 137.46562,34.7192,0 137.46582,34.71916,0 137.46684,34.71892,0 137.46705,34.71887,0 137.46793,34.71867,0 137.46801,34.71865,0 137.46814,34.71862,0 137.46904,34.71841,0 137.46926,34.71835,0 137.47141,34.71785,0 137.47161,34.7178,0 137.47162,34.7178,0 137.47304,34.71746,0 137.47328,34.71741,0 137.47431,34.71716,0 137.47452,34.71711,0 137.47559,34.71686,0 137.47581,34.71681,0 137.47668,34.7166,0 137.4771,34.7165,0 137.47731,34.71646,0 137.47883,34.7161,0 137.48009,34.71578,0 137.48142,34.71549,0 137.48162,34.71545,0 137.48487,34.71469,0 137.48522,34.71461,0 137.48584,34.71446,0 137.48609,34.7144,0 137.48713,34.71416,0 137.48735,34.71411,0 137.48766,34.71404,0 137.48854,34.71382,0 137.48882,34.71375,0 137.48903,34.7137,0 137.48976,34.71353,0 137.48999,34.71348,0 137.4914,34.71315,0 137.49164,34.7131,0 137.49167,34.71309,0 137.49414,34.7125,0 137.49468,34.71237,0 137.4949,34.71232,0 137.49593,34.71208,0 137.497,34.71183,0 137.49822,34.71157,0 137.49868,34.71147,0 137.49901,34.7114,0 137.49953,34.71129,0 137.50226,34.71067,0 137.5077,34.70942,0 137.50866,34.70921,0 137.50892,34.70915,0 137.50991,34.70892,0 137.51106,34.70866,0 137.51205,34.70843,0 137.5132,34.70816,0 137.5156,34.70761,0 137.51706,34.70728,0 137.51715,34.70726,0 137.51736,34.70721,0 137.51766,34.70714,0 137.51999,34.70661,0 137.52046,34.70651,0 137.52091,34.7064,0 137.52391,34.70572,0 137.52534,34.70539,0 137.52702,34.70502,0 137.52959,34.70447,0 137.53075,34.70422,0 137.5316,34.70403,0 137.53221,34.7039,0 137.53344,34.70361,0 137.53481,34.70329,0 137.53545,34.70313,0 137.53577,34.70305,0 137.53615,34.70296,0 137.53687,34.70277,0 137.53749,34.70261,0 137.53885,34.70224,0 137.54017,34.70188,0 137.54159,34.70148,0 137.54421,34.70076,0 137.54554,34.7004,0 137.5471,34.69996,0 137.54737,34.69989,0 137.54863,34.69955,0 137.5511,34.69887,0 137.5516,34.69873,0 137.55205,34.6986,0 137.55401,34.69806,0 137.55554,34.69767,0 137.5576,34.69711,0 137.55819,34.69695,0 137.55857,34.69685,0 137.55918,34.69669,0 137.55945,34.69661,0 137.56088,34.69622,0 137.56114,34.69615,0 137.56158,34.69604,0 137.56242,34.69582,0 137.56352,34.69558,0 137.56402,34.69547,0 137.56447,34.69538,0 137.56491,34.69528,0 137.56643,34.69501,0 137.56711,34.6949,0 137.56825,34.69474,0 137.56888,34.69467,0 137.57017,34.69452,0 137.57058,34.6945,0 137.57226,34.69444,0 137.57397,34.69446,0 137.57568,34.6945,0 137.57733,34.69456,0 137.57736,34.69456,0 137.57865,34.69462,0 137.57872,34.69462,0 137.57902,34.69463,0 137.58122,34.69467,0 137.58272,34.6947,0 137.58414,34.69475,0 137.58436,34.69475,0 137.58603,34.69476,0 137.58691,34.69473,0 137.58854,34.69469,0 137.58917,34.69465,0 137.58955,34.69461,0 137.58957,34.69461,0 137.5898,34.69459,0 137.5911,34.6944,0 137.59191,34.69427,0 137.59293,34.69409,0 137.59343,34.69397,0 137.59443,34.6937,0 137.59491,34.69356,0 137.59645,34.69304,0 137.59828,34.69231,0 137.59982,34.6917,0 137.60033,34.6915,0 137.60097,34.69125,0 137.60211,34.69076,0 137.60377,34.69012,0 137.6041,34.68999,0 137.60466,34.68977,0 137.6066,34.68897,0 137.6074,34.68864,0 137.60822,34.68832,0 137.6085,34.68822,0 137.60915,34.68801,0 137.61056,34.68765,0 137.61155,34.68746,0 137.61226,34.68733,0 137.61319,34.68717,0 137.61393,34.68705,0 137.61427,34.687,0 137.61511,34.68688,0 137.61559,34.68683,0 137.61606,34.6868,0 137.61672,34.68674,0 137.61739,34.68671,0 137.61797,34.68671,0 137.61872,34.68673,0 137.62119,34.68682,0 137.62199,34.68686,0 137.62243,34.68688,0 137.6229,34.6869,0 137.62313,34.6869,0 137.62384,34.68692,0 137.62499,34.68694,0 137.62526,34.68695,0 137.62661,34.68696,0 137.62761,34.687,0 137.62871,34.68702,0 137.62895,34.68703,0 137.62923,34.68703,0 137.62955,34.68704,0 137.63007,34.68706,0 137.63132,34.68709,0 137.63211,34.68711,0 137.6331,34.68713,0 137.6349,34.68718,0 137.63659,34.68722,0 137.63842,34.68726,0 137.63984,34.68729,0 137.64127,34.68734,0 137.64222,34.68735,0 137.64319,34.68738,0 137.64353,34.6874,0 137.64378,34.68741,0 137.6447,34.68745,0 137.64577,34.68757,0 137.64665,34.68768,0 137.64774,34.68782,0 137.64882,34.68799,0 137.64964,34.68812,0 137.65002,34.68818,0 137.65051,34.68829,0 137.65141,34.68851,0 137.65164,34.68856,0 137.65214,34.68868,0 137.65309,34.68893,0 137.65369,34.6891,0 137.65398,34.68918,0 137.65439,34.6893,0 137.65577,34.68973,0 137.65654,34.68996,0 137.65723,34.69018,0 137.6575,34.69027,0 137.65863,34.69059,0 137.66064,34.69115,0 137.66231,34.69161,0 137.66369,34.69198,0 137.66529,34.69237,0 137.6665,34.69265,0 137.66756,34.69285,0 137.66788,34.69291,0 137.66893,34.69308,0 137.66979,34.69323,0 137.67074,34.69337,0 137.67191,34.69351,0 137.67287,34.69362,0 137.67379,34.6937,0 137.67492,34.69379,0 137.67595,34.69388,0 137.67681,34.69395,0 137.67751,34.69401,0 137.67788,34.69403,0 137.67852,34.69408,0 137.67892,34.6941,0 137.67926,34.69412,0 137.68023,34.69417,0 137.68101,34.69421,0 137.6817,34.69424,0 137.68222,34.69426,0 137.68291,34.69428,0 137.6837,34.6943,0 137.68424,34.6943,0 137.68464,34.6943,0 137.68524,34.69428,0 137.68555,34.69427,0 137.68632,34.69427,0 137.68702,34.69426,0 137.68772,34.69423,0 137.68838,34.6942,0 137.68879,34.69418,0 137.68955,34.69412,0 137.69023,34.69407,0 137.6908,34.69401,0 137.69168,34.69391,0 137.69251,34.69385,0 137.6934,34.69376,0 137.69411,34.69368,0 137.69491,34.69361,0 137.69597,34.69351,0 137.69699,34.69342,0 137.69781,34.69335,0 137.69843,34.6933,0 137.69939,34.6932,0 137.69983,34.69317,0 137.70099,34.69307,0 137.70191,34.69298,0 137.70217,34.69296,0 137.70308,34.69289,0 137.70429,34.69278,0 137.70472,34.69274,0 137.70489,34.69272,0 137.70545,34.69269,0 137.70608,34.69265,0 137.70636,34.69264,0 137.70724,34.69259,0 137.70787,34.69258,0 137.70924,34.69256,0 137.70957,34.69256,0 137.7103,34.69258,0 137.71062,34.69259,0 137.71064,34.69259,0 137.71172,34.69264,0 137.71242,34.69269,0 137.71284,34.69275,0 137.71316,34.6928,0 137.71382,34.69292,0 137.71473,34.6931,0 137.715,34.69317,0 137.71582,34.69336,0 137.71701,34.69364,0 137.71759,34.69378,0 137.71796,34.69387,0 137.71875,34.69409,0 137.71944,34.69431,0 137.72005,34.69452,0 137.72064,34.69475,0 137.72136,34.69506,0 137.72192,34.6953,0 137.72253,34.69558,0 137.72311,34.69587,0 137.72391,34.69628,0 137.72472,34.69673,0 137.72543,34.69714,0 137.72621,34.6976,0 137.72689,34.69807,0 137.72713,34.69824,0 137.7274,34.69844,0 137.72791,34.69881,0 137.72865,34.69936,0 137.7294,34.69992,0 137.72986,34.70026,0 137.73062,34.70083,0 137.73123,34.70128,0 137.73174,34.70165,0 137.73225,34.70201,0 137.73267,34.70231,0 137.73298,34.70251,0 137.73334,34.70273,0 137.73368,34.70293,0</coordinates></LineString>
                        </Placemark>
                        <Placemark>
                            <name>東海道新幹線</name>
                            <styleUrl>#style_orange</styleUrl>
                            <LineString><tessellate>1</tessellate><coordinates>137.38196,34.76133,0 137.38034,34.76445,0</coordinates></LineString>
                        </Placemark>
                        <Placemark>
                            <name>東海道新幹線</name>
                            <styleUrl>#style_orange</styleUrl>
                            <LineString><tessellate>1</tessellate><coordinates>137.38034,34.76445,0 137.38018,34.76476,0 137.37977,34.7655,0 137.37935,34.76626,0 137.37888,34.7671,0 137.37849,34.76781,0 137.37808,34.76852,0 137.37801,34.76864,0 137.37787,34.76888,0 137.37773,34.76911,0 137.37736,34.76974,0 137.37707,34.77019,0 137.37679,34.77062,0 137.37648,34.77106,0 137.37632,34.77129,0 137.37614,34.77153,0 137.3759,34.77184,0 137.37576,34.77201,0 137.37561,34.77219,0 137.37532,34.77254,0 137.37479,34.77312,0 137.37437,34.77359,0 137.37402,34.77396,0 137.37362,34.77438,0 137.37322,34.77475,0 137.373,34.77497,0 137.37258,34.77534,0 137.37224,34.7756,0 137.37215,34.77568,0 137.37206,34.77575,0 137.37201,34.77579,0 137.37149,34.77622,0 137.3709,34.77673,0 137.37079,34.77682,0 137.37073,34.77687,0 137.37041,34.77714,0 137.36999,34.77751,0 137.36855,34.77876,0 137.36717,34.77996,0 137.36675,34.78033,0 137.36639,34.78064,0 137.36631,34.78071,0 137.36618,34.78083,0 137.36566,34.78128,0 137.36492,34.78189,0 137.36428,34.78238,0 137.3634,34.78304,0 137.36319,34.7832,0 137.3631,34.78326,0 137.36265,34.78358,0 137.36238,34.78376,0 137.3622,34.78388,0 137.3619,34.78405,0 137.36151,34.78427,0 137.36131,34.78438,0 137.36113,34.78447,0 137.36096,34.78455,0 137.36054,34.78478,0 137.35966,34.78521,0 137.35936,34.78536,0 137.35908,34.7855,0 137.35837,34.78581,0 137.35737,34.78624,0 137.35707,34.78637,0 137.35651,34.78659,0 137.35618,34.78673,0 137.35599,34.78681,0 137.35581,34.78688,0 137.35532,34.78708,0 137.35492,34.78725,0 137.35456,34.7874,0 137.35381,34.78773,0 137.35334,34.78792,0 137.353,34.78807,0 137.35249,34.78826,0 137.3517,34.78859,0 137.35085,34.78894,0 137.35028,34.78917,0 137.35013,34.78923,0 137.34992,34.78932,0 137.34965,34.78944,0 137.34941,34.78953,0 137.34932,34.78957,0 137.34918,34.78962,0 137.34883,34.78977,0 137.34841,34.78995,0 137.34822,34.79003,0 137.34772,34.79023,0 137.34739,34.79037,0 137.34691,34.79057,0 137.34685,34.79059,0 137.34673,34.79064,0 137.3465,34.79073,0 137.34608,34.79091,0 137.34591,34.79098,0 137.34516,34.79127,0 137.34476,34.79144,0 137.3446,34.7915,0 137.34415,34.79169,0 137.34349,34.79197,0 137.34294,34.79219,0 137.34281,34.79224,0 137.34256,34.79234,0 137.34231,34.79245,0 137.34214,34.79252,0 137.34187,34.79263,0 137.34164,34.79272,0 137.34134,34.79284,0 137.34115,34.79293,0 137.34086,34.79306,0 137.34052,34.79318,0 137.34002,34.79338,0 137.33956,34.79358,0 137.33935,34.79366,0 137.33909,34.79377,0 137.33877,34.7939,0 137.33853,34.79401,0 137.3381,34.79417,0 137.3372,34.79455,0 137.33655,34.79481,0 137.33595,34.79507,0 137.33522,34.79537,0 137.33461,34.7956,0 137.33409,34.79582,0 137.33371,34.79599,0 137.33341,34.79611,0 137.33314,34.79621,0 137.33295,34.79629,0 137.33282,34.79634,0 137.33264,34.79642,0 137.33225,34.79657,0 137.33175,34.79677,0 137.33141,34.79692,0 137.33095,34.79711,0 137.33073,34.7972,0 137.33057,34.79727,0 137.33037,34.79735,0 137.33023,34.79741,0 137.32996,34.79751,0 137.32958,34.79767,0 137.32928,34.79779,0 137.32919,34.79783,0 137.32913,34.79786,0 137.32906,34.7979,0 137.32868,34.79804,0 137.32832,34.79819,0 137.32813,34.79828,0 137.32803,34.79832,0 137.3279,34.79837,0 137.32741,34.79858,0 137.32699,34.79875,0 137.32679,34.79884,0 137.32666,34.79888,0 137.32634,34.79902,0 137.32592,34.79919,0 137.32565,34.79931,0 137.32549,34.79937,0 137.32518,34.7995,0 137.32473,34.79969,0 137.32447,34.7998,0 137.32435,34.79985,0 137.32401,34.79999,0 137.32354,34.80019,0 137.32325,34.80031,0 137.32311,34.80037,0 137.32276,34.80051,0 137.32246,34.80063,0 137.32216,34.80076,0 137.32161,34.80103,0 137.32133,34.80116,0 137.32103,34.80131,0 137.32069,34.8015,0 137.32049,34.80161,0 137.32006,34.80185,0 137.31985,34.80197,0 137.31972,34.80204,0 137.31957,34.80213,0 137.31926,34.8023,0 137.31865,34.80264,0 137.31852,34.80271,0 137.3183,34.80283,0 137.3179,34.80305,0 137.31757,34.80324,0 137.31744,34.80331,0 137.31714,34.80348,0 137.31673,34.80371,0 137.31658,34.80379,0 137.31609,34.80407,0 137.31492,34.80472,0 137.31441,34.805,0 137.31403,34.80522,0 137.31368,34.80541,0 137.31325,34.80565,0 137.31257,34.80604,0 137.31205,34.80632,0 137.3118,34.80646,0 137.31147,34.80665,0 137.3111,34.80685,0 137.31089,34.80698,0 137.3108,34.80703,0 137.31057,34.80715,0 137.3103,34.8073,0 137.30983,34.80756,0 137.30941,34.8078,0 137.3093,34.80786,0 137.30922,34.8079,0 137.30917,34.80793,0 137.30899,34.80803,0 137.30872,34.80818,0 137.30836,34.80838,0 137.30806,34.80855,0 137.30782,34.80869,0 137.30751,34.80884,0 137.30724,34.809,0 137.30692,34.80918,0 137.30678,34.80926,0 137.30652,34.8094,0 137.30612,34.80962,0 137.3056,34.80991,0 137.30528,34.81009,0 137.30507,34.81021,0 137.30486,34.81033,0 137.30416,34.81072,0 137.30362,34.81101,0 137.30297,34.81136,0 137.3026,34.81154,0 137.30229,34.81168,0 137.30182,34.81189,0 137.30138,34.81209,0 137.30117,34.81219,0 137.30101,34.81226,0 137.30082,34.81234,0 137.30062,34.81243,0 137.30049,34.81249,0 137.30033,34.81255,0 137.29983,34.81275,0 137.29953,34.81287,0 137.29926,34.81296,0 137.29909,34.81302,0 137.299,34.81305,0 137.2988,34.81312,0 137.29863,34.81319,0 137.29823,34.81333,0 137.29795,34.81343,0 137.29786,34.81345,0 137.29777,34.81348,0 137.2976,34.81353,0 137.29732,34.81362,0 137.29723,34.81364,0 137.29714,34.81367,0 137.29682,34.81374,0 137.29645,34.81382,0 137.29616,34.81387,0 137.29608,34.81389,0 137.29597,34.81391,0 137.29579,34.81395,0 137.29545,34.81402,0 137.2948,34.81412,0 137.29448,34.81419,0 137.29409,34.81425,0 137.29381,34.81429,0 137.29367,34.81431,0 137.29349,34.81434,0 137.29324,34.81437,0 137.29302,34.81439,0 137.29293,34.81441,0 137.29274,34.81443,0 137.29251,34.81446,0 137.29228,34.81449,0 137.29218,34.8145,0 137.29207,34.81451,0 137.29169,34.81455,0 137.29142,34.81458,0 137.29126,34.8146,0 137.29107,34.81462,0 137.29086,34.81464,0 137.29054,34.81468,0 137.29004,34.81472,0 137.28921,34.81474,0 137.28896,34.81475,0 137.28873,34.81475,0 137.28785,34.81477,0 137.28708,34.81479,0 137.28682,34.8148,0 137.2863,34.81481,0 137.28527,34.81485,0 137.28437,34.81487,0 137.28296,34.8149,0 137.28282,34.81491,0 137.28213,34.81493,0 137.28117,34.81497,0 137.28017,34.81499,0 137.27904,34.81503,0 137.27764,34.81505,0 137.2767,34.81507,0 137.2764,34.81508,0 137.27615,34.81509,0 137.27557,34.8151,0 137.27487,34.81512,0 137.27375,34.81516,0 137.27308,34.81517,0 137.27227,34.81519,0 137.27165,34.8152,0 137.27139,34.81521,0 137.27117,34.81522,0 137.27068,34.81523,0 137.27003,34.81523,0 137.2693,34.81526,0 137.26871,34.81527,0 137.26847,34.81528,0 137.26811,34.81531,0 137.26766,34.81535,0 137.26708,34.81541,0 137.26654,34.81546,0 137.26625,34.81548,0 137.266,34.81551,0 137.2657,34.81556,0 137.26554,34.81558,0 137.26544,34.81558,0 137.26517,34.81562,0 137.26488,34.81566,0 137.2646,34.81571,0 137.26414,34.81578,0 137.26395,34.81581,0 137.26348,34.81593,0 137.26315,34.816,0 137.26257,34.81614,0 137.26173,34.81635,0 137.26154,34.8164,0 137.26116,34.8165,0 137.26043,34.81668,0 137.25965,34.81691,0 137.25895,34.8171,0 137.25848,34.81724,0 137.25827,34.8173,0 137.2576,34.81752,0 137.25738,34.81759,0 137.25673,34.81779,0 137.25625,34.81795,0 137.25584,34.8181,0 137.25569,34.81815,0 137.25557,34.8182,0 137.25547,34.81824,0 137.25505,34.81839,0 137.25416,34.81875,0 137.25374,34.81892,0 137.25358,34.81898,0 137.25309,34.81919,0 137.25257,34.8194,0 137.25251,34.81943,0 137.25236,34.8195,0 137.25212,34.8196,0 137.25187,34.81972,0 137.2516,34.81985,0 137.25116,34.82005,0 137.25072,34.82028,0 137.25058,34.82035,0 137.25035,34.82047,0 137.25029,34.8205,0 137.25026,34.82052,0 137.2502,34.82055,0 137.24961,34.82087,0 137.24853,34.82148,0 137.24809,34.82173,0 137.24768,34.82194,0 137.24755,34.82201,0 137.24727,34.82215,0 137.24702,34.82227,0 137.2468,34.8224,0 137.24628,34.82273,0 137.24606,34.82287,0 137.24542,34.8233,0 137.24471,34.82377,0 137.24423,34.82409,0 137.24363,34.8245,0 137.24231,34.82538,0 137.24194,34.82563,0 137.24139,34.82601,0 137.24049,34.8266,0 137.23983,34.82704,0 137.23951,34.82726,0 137.23896,34.82762,0 137.2386,34.82787,0 137.23792,34.82832,0 137.23762,34.82852,0 137.2365,34.82927,0 137.23567,34.82982,0 137.2339,34.83098,0 137.23291,34.83156,0 137.2323,34.83191,0 137.23159,34.83226,0 137.23068,34.83272,0 137.22993,34.83305,0 137.22924,34.83332,0 137.2283,34.83372,0 137.22728,34.83414,0 137.2269,34.8343,0 137.22523,34.83497,0 137.22475,34.83517,0 137.2242,34.83538,0 137.22353,34.83564,0 137.22329,34.83574,0 137.22117,34.83661,0 137.2204,34.83693,0 137.22022,34.837,0 137.21892,34.83752,0 137.21786,34.83793,0 137.21731,34.83816,0 137.21629,34.83855,0 137.21605,34.83865,0 137.2153,34.83894,0 137.21422,34.83937,0 137.2135,34.83967,0 137.213,34.83986,0 137.21226,34.84017,0 137.21174,34.84038,0 137.21117,34.84062,0 137.21049,34.84089,0 137.21028,34.84098,0 137.20941,34.84134,0 137.20919,34.84144,0 137.20884,34.84157,0 137.20832,34.84179,0 137.20803,34.8419,0 137.20777,34.84199,0 137.20663,34.8424,0 137.20253,34.84388,0 137.19992,34.84482,0 137.19917,34.84508,0 137.19832,34.8454,0 137.1976,34.84567,0 137.19693,34.84592,0 137.19637,34.84613,0 137.19543,34.84646,0 137.19481,34.84669,0 137.19391,34.84701,0 137.19388,34.84703,0 137.19319,34.84728,0 137.19268,34.84746,0 137.19141,34.84792,0 137.19012,34.84838,0 137.18954,34.84859,0 137.18834,34.84902,0 137.18778,34.84921,0 137.18659,34.84964,0 137.18599,34.84986,0 137.18468,34.85033,0 137.18412,34.85052,0 137.18376,34.85064,0 137.18359,34.8507,0 137.18275,34.85102,0 137.18236,34.85115,0 137.18213,34.85124,0 137.18121,34.85156,0 137.18058,34.85179,0 137.18005,34.85197,0 137.17881,34.85244,0 137.17833,34.85258,0 137.17774,34.85282,0 137.17645,34.85327,0 137.17543,34.85364,0 137.17437,34.85402,0 137.17332,34.8544,0 137.17253,34.85466,0 137.1719,34.85487,0 137.17146,34.85504,0 137.17094,34.85522,0 137.17069,34.85532,0 137.16972,34.85567,0 137.16959,34.85571,0 137.16927,34.85583,0 137.16877,34.85601,0 137.16831,34.85621,0 137.16785,34.85644,0 137.16753,34.85658,0 137.16711,34.85679,0 137.16669,34.85698,0 137.16659,34.85703,0 137.16588,34.85735,0 137.1647,34.85791,0 137.16406,34.85824,0 137.16376,34.8584,0 137.16331,34.85865,0 137.1629,34.85891,0 137.16275,34.85899,0 137.16267,34.85905,0 137.16225,34.85934,0 137.16201,34.85951,0 137.16191,34.85958,0 137.16167,34.85975,0 137.16086,34.86036,0 137.16063,34.86053,0 137.16042,34.86072,0 137.16022,34.86089,0 137.16006,34.86103,0 137.16001,34.86108,0 137.15962,34.86145,0 137.15888,34.86226,0 137.15871,34.86244,0</coordinates></LineString>
                        </Placemark>
                        <Placemark>
                            <name>東海道新幹線</name>
                            <styleUrl>#style_orange</styleUrl>
                            <LineString><tessellate>1</tessellate><coordinates>137.15871,34.86244,0 137.15832,34.86285,0 137.15793,34.86326,0 137.15768,34.86354,0 137.15749,34.86375,0 137.15701,34.86426,0 137.15657,34.86471,0 137.15615,34.86519,0 137.15586,34.86548,0 137.15551,34.86586,0 137.15527,34.86611,0 137.1546,34.8668,0 137.15416,34.86728,0 137.15362,34.86785,0 137.15302,34.86849,0 137.15265,34.86887,0 137.1526,34.86892,0 137.15237,34.86917,0 137.15191,34.86968,0 137.15152,34.87011,0 137.15118,34.87048,0 137.15089,34.8708,0 137.15066,34.87103,0 137.15018,34.87154,0 137.14995,34.87179,0 137.14951,34.87227,0 137.14934,34.87244,0 137.14901,34.87281,0 137.14863,34.87322,0 137.14826,34.87361,0 137.14806,34.87382,0 137.1477,34.8742,0 137.1474,34.87454,0 137.14703,34.87494,0 137.14665,34.87536,0 137.14619,34.87589,0 137.14594,34.87617,0 137.14548,34.87666,0 137.1452,34.87701,0 137.14444,34.8778,0 137.14398,34.87832,0 137.14369,34.87864,0 137.14306,34.87934,0 137.14276,34.87964,0 137.14257,34.87986,0 137.14232,34.88014,0 137.14195,34.88055,0 137.14136,34.8812,0 137.14078,34.88182,0 137.14006,34.88263,0 137.13992,34.8828,0 137.13916,34.88362,0 137.1388,34.88405,0 137.13812,34.88479,0 137.13714,34.88582,0 137.13638,34.88665,0 137.13525,34.88787,0 137.13395,34.88925,0 137.13321,34.89005,0 137.13303,34.89023,0 137.13292,34.89035,0 137.13198,34.89138,0 137.13017,34.89336,0 137.12918,34.89442,0 137.12808,34.89561,0 137.12609,34.89777,0 137.12465,34.89933,0 137.12252,34.90163,0 137.12203,34.90212,0 137.12171,34.90246,0 137.12132,34.90286,0 137.12106,34.90314,0 137.12059,34.90365,0 137.12026,34.904,0 137.12003,34.90425,0 137.11973,34.90459,0 137.11944,34.9049,0 137.11928,34.90507,0 137.11904,34.90535,0 137.11877,34.90564,0 137.11868,34.90574,0 137.11843,34.906,0 137.11828,34.90617,0 137.11768,34.90681,0 137.1172,34.90733,0 137.1165,34.9081,0 137.11638,34.90824,0 137.11617,34.90848,0 137.11595,34.90871,0 137.11562,34.90907,0 137.11544,34.90927,0 137.11515,34.90957,0 137.11467,34.9101,0 137.11335,34.9115,0 137.11272,34.91217,0 137.11189,34.91307,0 137.11069,34.91435,0 137.11015,34.91496,0 137.10975,34.91537,0 137.10905,34.91613,0 137.10856,34.91666,0 137.10852,34.9167,0 137.10766,34.91764,0 137.10722,34.9181,0 137.10671,34.91863,0 137.10617,34.91924,0 137.10577,34.91967,0 137.10566,34.91978,0 137.10555,34.91993,0 137.10545,34.92005,0 137.10511,34.92043,0 137.10486,34.92069,0 137.10474,34.92083,0 137.10466,34.92092,0 137.10436,34.92124,0 137.10424,34.92136,0 137.10413,34.92149,0 137.10375,34.9219,0 137.10331,34.92236,0 137.1031,34.9226,0 137.10263,34.92311,0 137.10237,34.9234,0 137.10219,34.9236,0 137.10174,34.92407,0 137.10118,34.92466,0 137.10083,34.92505,0 137.10053,34.92538,0 137.10021,34.92573,0 137.09973,34.92627,0 137.09932,34.92673,0 137.09899,34.9271,0 137.09865,34.92746,0 137.09854,34.92758,0 137.09806,34.92811,0 137.09735,34.92886,0 137.09727,34.92894,0 137.09663,34.92966,0 137.0965,34.92979,0 137.09637,34.92994,0 137.09624,34.93008,0 137.09614,34.93019,0 137.09572,34.93064,0 137.09523,34.93118,0 137.09506,34.93136,0 137.09403,34.93248,0 137.09252,34.93413,0 137.09239,34.93426,0 137.09158,34.93514,0 137.0909,34.9359,0 137.09056,34.93625,0 137.09045,34.93638,0 137.09035,34.93649,0 137.09012,34.93673,0 137.08885,34.93813,0 137.08877,34.9382,0 137.08864,34.93833,0 137.08853,34.93845,0 137.08844,34.93856,0 137.08789,34.93915,0 137.08761,34.93945,0 137.08733,34.93976,0 137.08694,34.94018,0 137.08669,34.94042,0 137.0865,34.94065,0 137.0861,34.94109,0 137.08599,34.9412,0 137.08588,34.94133,0 137.0853,34.94195,0 137.08518,34.94207,0 137.08507,34.94219,0 137.08494,34.94231,0 137.08439,34.94291,0 137.08416,34.94316,0 137.08404,34.9433,0 137.08385,34.94349,0 137.08312,34.94427,0 137.08252,34.94492,0 137.08224,34.94522,0 137.08201,34.94547,0 137.08162,34.9459,0 137.08148,34.94604,0 137.08138,34.94614,0 137.08091,34.94665,0 137.08068,34.94691,0 137.08059,34.94702,0 137.08004,34.94759,0 137.07961,34.94806,0 137.07928,34.94842,0 137.07895,34.94878,0 137.07852,34.94923,0 137.07792,34.94986,0 137.07759,34.95023,0 137.07754,34.95029,0 137.07711,34.95075,0 137.07691,34.95097,0 137.07628,34.95164,0 137.07587,34.9521,0 137.07566,34.95233,0 137.07516,34.95287,0 137.07471,34.95336,0 137.07443,34.95366,0 137.07412,34.95401,0 137.07398,34.95417,0 137.07348,34.9547,0 137.07331,34.95489,0 137.07278,34.95547,0 137.07268,34.95558,0 137.07218,34.95612,0 137.07213,34.95617,0 137.07176,34.95656,0 137.07115,34.95723,0 137.07094,34.95745,0 137.07044,34.95799,0 137.07023,34.95821,0 137.06967,34.95884,0 137.06942,34.95911,0 137.06929,34.95925,0 137.06849,34.9601,0 137.06788,34.9608,0 137.06776,34.96094,0 137.06768,34.96103,0 137.06712,34.96161,0 137.06694,34.9618,0 137.06682,34.96194,0 137.0666,34.96217,0 137.06652,34.96225,0 137.06641,34.96237,0 137.06623,34.96257,0 137.06513,34.96378,0 137.06494,34.964,0 137.06432,34.96467,0 137.06422,34.96477,0 137.06408,34.96493,0 137.06381,34.96521,0 137.06355,34.9655,0 137.06338,34.96568,0 137.06199,34.9672,0</coordinates></LineString>
                        </Placemark>
                        <Placemark>
                            <name>東海道新幹線</name>
                            <styleUrl>#style_orange</styleUrl>
                            <LineString><tessellate>1</tessellate><coordinates>137.0586,34.97087,0 137.05796,34.97157,0 137.05775,34.9718,0 137.05754,34.97203,0 137.05729,34.97229,0 137.05658,34.97304,0 137.05641,34.97325,0 137.05622,34.97346,0 137.05596,34.97375,0 137.0558,34.97392,0 137.05516,34.9746,0 137.05435,34.97549,0 137.05366,34.97624,0 137.05348,34.97643,0 137.05337,34.97654,0 137.05267,34.97733,0 137.05209,34.97797,0 137.05198,34.97809,0 137.05187,34.97821,0 137.05173,34.97835,0 137.0511,34.97907,0 137.05074,34.97945,0 137.05049,34.97972,0 137.04992,34.98033,0 137.04971,34.98054,0 137.0494,34.98088,0 137.0493,34.98097,0 137.0487,34.9816,0 137.04819,34.98213,0 137.04804,34.98227,0 137.04788,34.98241,0 137.04729,34.98295,0 137.04671,34.98346,0 137.0465,34.98364,0 137.04621,34.98388,0 137.04531,34.98467,0 137.04376,34.98595,0 137.04358,34.9861,0 137.04297,34.9866,0 137.04279,34.98674,0 137.04239,34.98705,0 137.04233,34.9871,0 137.04227,34.98714,0 137.04149,34.98777,0 137.04134,34.98789,0 137.04106,34.98812,0 137.04064,34.98846,0 137.04018,34.9888,0 137.03948,34.9893,0 137.03923,34.98946,0 137.03904,34.98959,0 137.03885,34.98972,0 137.03807,34.99024,0 137.03727,34.99078,0 137.03695,34.99098,0 137.03667,34.99116,0 137.03601,34.99159,0 137.03431,34.99272,0 137.03407,34.99288,0 137.03359,34.99318,0 137.03335,34.99334,0 137.0333,34.99337,0 137.03253,34.99389,0 137.03189,34.99431,0 137.03134,34.99467,0 137.03085,34.99499,0 137.0307,34.99509,0 137.03053,34.99521,0 137.0299,34.99563,0 137.0297,34.99576,0 137.02957,34.99585,0 137.0288,34.99634,0 137.02866,34.99644,0 137.02847,34.99658,0 137.02813,34.99678,0 137.02798,34.99688,0 137.02791,34.99694,0 137.02716,34.99743,0 137.02686,34.99762,0 137.02578,34.99831,0 137.02502,34.99881,0 137.02484,34.99893,0 137.02398,34.99949,0 137.02307,35.00007,0 137.02178,35.00092,0 137.02138,35.00117,0 137.02044,35.00178,0 137.02024,35.00191,0 137.02003,35.00205,0 137.01955,35.00236,0 137.0186,35.00296,0 137.01814,35.00325,0 137.0153,35.00508,0 137.01487,35.00538,0 137.01406,35.00591,0 137.01358,35.00622,0 137.0116,35.00751,0 137.00695,35.01057,0 137.00637,35.01095,0 137.00546,35.01153,0 137.00507,35.01179,0 137.00427,35.01233,0 136.99807,35.01638,0 136.99704,35.01704,0 136.99406,35.01895,0 136.99301,35.01963,0 136.99295,35.01967,0 136.99263,35.01987,0 136.9907,35.02112,0 136.99059,35.0212,0 136.9901,35.02151,0 136.98953,35.02188,0 136.98849,35.02255,0 136.9865,35.02384,0 136.98088,35.02746,0 136.98023,35.02788,0 136.97945,35.02839,0 136.97913,35.0286,0 136.97769,35.02954,0 136.97725,35.02983,0 136.97561,35.0309,0 136.97371,35.03211,0 136.97098,35.03386,0 136.9708,35.03398,0 136.97012,35.03442,0 136.96872,35.03534,0 136.96854,35.03545,0 136.96846,35.03551,0 136.96829,35.03562,0 136.96811,35.03574,0 136.96788,35.03589,0 136.96722,35.03633,0 136.96589,35.03722,0 136.9651,35.03776,0 136.965,35.03782,0 136.96409,35.03844,0 136.96336,35.03893,0 136.96297,35.03919,0 136.96226,35.03973,0 136.96215,35.03981,0 136.96168,35.04017,0 136.96127,35.04049,0 136.96115,35.04058,0 136.9607,35.04094,0 136.96031,35.04128,0 136.96018,35.04136,0 136.95992,35.04159,0 136.95968,35.04179,0 136.959,35.04237,0 136.95841,35.04292,0 136.95819,35.04312,0 136.95786,35.04343,0 136.95673,35.04463,0 136.95611,35.04528,0 136.95515,35.04636,0 136.95487,35.0467,0 136.95457,35.04706,0 136.95358,35.04834,0 136.95328,35.04877,0 136.95299,35.04919,0 136.95278,35.04949,0 136.95231,35.05017,0 136.94977,35.0541,0 136.94832,35.0564,0 136.94786,35.05712,0 136.94771,35.05737,0 136.94721,35.05816,0 136.94694,35.05859,0 136.9468,35.05882,0 136.94529,35.06119,0 136.94514,35.06144,0 136.945,35.06164,0 136.94415,35.06298,0 136.94345,35.06404,0 136.94287,35.06496,0 136.94226,35.06604,0 136.94157,35.06724,0 136.94153,35.0673,0 136.94139,35.06756,0 136.94038,35.0694,0 136.93989,35.07031,0 136.93982,35.07045,0 136.93964,35.07078,0 136.93958,35.07088,0 136.9394,35.07122,0 136.93938,35.07127,0 136.93929,35.07143,0 136.93926,35.07148,0 136.93909,35.0718,0 136.9388,35.07234,0 136.93867,35.07259,0 136.93845,35.07299,0 136.93839,35.0731,0 136.93789,35.07402,0 136.93729,35.07513,0 136.93703,35.0756,0 136.93661,35.07637,0 136.93602,35.07747,0 136.93585,35.07777,0 136.93582,35.07783,0 136.93567,35.0781,0 136.93564,35.07815,0 136.93529,35.07881,0 136.93523,35.07891,0 136.93504,35.07927,0 136.93499,35.07936,0 136.9345,35.08026,0 136.93438,35.08048,0 136.93433,35.08057,0 136.93427,35.08068,0 136.93374,35.08167,0 136.93361,35.08191,0 136.93349,35.08213,0 136.93342,35.08228,0 136.93297,35.08312,0 136.93291,35.08323,0 136.93269,35.08364,0 136.93244,35.08409,0 136.93242,35.08413,0 136.93221,35.08454,0 136.93163,35.08564,0 136.93114,35.08657,0 136.93055,35.08774,0 136.92992,35.08898,0 136.92951,35.08978,0 136.92934,35.09014,0 136.9292,35.09041,0 136.92896,35.09091,0 136.92857,35.09164,0 136.92812,35.09257,0 136.92785,35.09309,0 136.92763,35.09349,0 136.92727,35.09417,0 136.92688,35.09492,0 136.92657,35.09548,0 136.92624,35.09612,0 136.92565,35.09715,0 136.92523,35.09785,0 136.92479,35.09859,0 136.92456,35.09895,0 136.92429,35.0993,0 136.92393,35.09974,0 136.92345,35.10029,0 136.92305,35.10071,0 136.92261,35.10122,0 136.92223,35.1016,0 136.92204,35.10178,0 136.92145,35.10235,0 136.92094,35.10281,0 136.9206,35.10309,0 136.91955,35.10389,0 136.91858,35.1046,0 136.91813,35.10489,0 136.91712,35.10554,0 136.91656,35.1059,0 136.91615,35.10612,0 136.91552,35.10646,0 136.91452,35.10695,0 136.91351,35.10745,0 136.91262,35.10788,0 136.91173,35.10829,0 136.91125,35.1085,0 136.91069,35.10875,0 136.90963,35.10924,0 136.90865,35.1097,0 136.90857,35.10974,0 136.90662,35.11064,0 136.90534,35.11123,0 136.90393,35.11188,0 136.90325,35.11221,0 136.90178,35.11286,0 136.9016,35.11294,0 136.90087,35.11326,0 136.89986,35.11373,0 136.89891,35.11419,0 136.89758,35.11488,0 136.89701,35.1152,0 136.89654,35.11549,0 136.89592,35.11587,0 136.89581,35.11594,0 136.89541,35.11621,0 136.89488,35.11657,0 136.89448,35.11686,0 136.89427,35.11703,0 136.89386,35.11734,0 136.89349,35.11763,0 136.89306,35.118,0 136.89278,35.11823,0 136.89254,35.11846,0 136.89232,35.11867,0 136.89171,35.11926,0 136.89118,35.11978,0 136.89088,35.1201,0 136.89045,35.12057,0 136.89005,35.12108,0 136.88966,35.12157,0 136.88946,35.12184,0 136.88924,35.12215,0 136.88904,35.12244,0 136.88876,35.12282,0 136.8886,35.12306,0 136.8884,35.12339,0 136.88821,35.12369,0 136.88806,35.124,0 136.88793,35.12423,0 136.88773,35.12459,0 136.88745,35.12507,0 136.88722,35.12549,0 136.88709,35.12579,0 136.88689,35.12625,0 136.88668,35.12674,0 136.88651,35.12724,0 136.88637,35.12771,0 136.88617,35.1284,0 136.88595,35.12916,0 136.88581,35.12994,0 136.88571,35.1307,0 136.88556,35.13204,0 136.88553,35.13265,0 136.88552,35.13296,0 136.88552,35.13309,0 136.88552,35.13342,0 136.88556,35.13383,0 136.88565,35.13454,0 136.88581,35.13564,0 136.88591,35.13624,0 136.88594,35.13641,0 136.88596,35.13653,0 136.88599,35.13671,0 136.88601,35.1368,0 136.88615,35.13761,0 136.88649,35.13962,0 136.88662,35.14044,0 136.88664,35.14053,0 136.88664,35.14058,0 136.88669,35.14086,0 136.88671,35.14095,0 136.88681,35.14166,0 136.88736,35.14443,0 136.88737,35.14451,0 136.88742,35.14478,0 136.88744,35.14487,0 136.88764,35.14593,0 136.88766,35.14607,0 136.88768,35.14616,0 136.88771,35.14631,0 136.88772,35.14641,0 136.88798,35.14788,0 136.88816,35.14912,0 136.88814,35.15021,0 136.88812,35.15049,0 136.88811,35.15057,0 136.88809,35.15076,0 136.88809,35.15083,0 136.88804,35.15127,0 136.88787,35.15242,0 136.88779,35.15296,0 136.88766,35.15362,0 136.8875,35.15428,0 136.88745,35.15449,0 136.88724,35.15527,0 136.88673,35.15745,0 136.88639,35.15879,0 136.8863,35.15915,0 136.88615,35.15973,0 136.8858,35.16111,0 136.8857,35.16151,0 136.88529,35.16306,0 136.88522,35.16329,0 136.88514,35.16365,0 136.88502,35.16395,0 136.88494,35.16417,0 136.88474,35.16459,0 136.88451,35.16511,0 136.88443,35.16528,0 136.88432,35.16542,0 136.88417,35.16565,0 136.88398,35.16592,0 136.88384,35.1661,0 136.88358,35.16645,0 136.88339,35.16673,0 136.88295,35.16731,0 136.88264,35.16773,0 136.88242,35.16802,0 136.88194,35.16874,0</coordinates></LineString>
                        </Placemark>
                        <Placemark>
                            <name>東海道新幹線</name>
                            <styleUrl>#style_orange</styleUrl>
                            <LineString><tessellate>1</tessellate><coordinates>137.06199,34.9672,0 137.06032,34.96901,0 137.0586,34.97087,0</coordinates></LineString>
                        </Placemark>
                        <Placemark>
                            <name>東海道新幹線</name>
                            <styleUrl>#style_orange</styleUrl>
                            <LineString><tessellate>1</tessellate><coordinates>136.29005,35.31672,0 136.2904,35.31829,0 136.29073,35.31972,0 136.29129,35.3222,0 136.29186,35.32458,0 136.29281,35.32876,0 136.29338,35.33072,0 136.29385,35.33202,0 136.29416,35.33274,0 136.29432,35.33306,0 136.29465,35.33376,0 136.29472,35.33389,0 136.29526,35.33491,0 136.29552,35.33536,0 136.29602,35.33611,0 136.29632,35.33653,0 136.29673,35.33716,0 136.297,35.33751,0 136.29821,35.33899,0 136.29918,35.34008,0 136.29993,35.34092,0 136.30021,35.34124,0 136.30085,35.34196,0 136.30154,35.34272,0 136.30315,35.34444,0 136.30357,35.34489,0 136.30438,35.34577,0 136.30549,35.34694,0 136.30631,35.34779,0 136.30714,35.34865,0 136.30727,35.34878,0 136.30763,35.3491,0 136.30796,35.34939,0 136.30818,35.34955,0 136.30867,35.34994,0 136.30964,35.35069,0 136.31034,35.35117,0 136.31075,35.35145,0 136.31107,35.35166,0 136.31123,35.35176,0 136.31215,35.35232,0 136.3128,35.35266,0 136.31328,35.35292,0 136.31442,35.35349,0 136.3152,35.35385,0 136.31617,35.35424,0 136.31668,35.35442,0 136.31714,35.35458,0 136.31784,35.35482,0 136.31855,35.35503,0 136.31935,35.35525,0 136.31983,35.35539,0 136.32179,35.35584,0 136.32308,35.35614,0 136.32461,35.35649,0 136.32621,35.35686,0 136.32651,35.35693,0 136.32786,35.35725,0 136.32983,35.35771,0 136.33151,35.35809,0 136.33375,35.35861,0 136.33595,35.35911,0 136.33708,35.35941,0 136.33719,35.35944,0 136.3373,35.35947,0 136.33759,35.35954,0 136.33779,35.35961,0 136.3382,35.35972,0 136.33882,35.35995,0 136.34018,35.3604,0 136.34072,35.36057,0 136.34249,35.36117,0 136.34308,35.36136,0 136.34341,35.36148,0 136.34477,35.36193,0 136.34652,35.36252,0 136.34674,35.36259,0 136.34764,35.36289,0 136.34834,35.36312,0 136.34897,35.36334,0 136.34923,35.36343,0 136.34961,35.36356,0 136.34992,35.36366,0 136.35169,35.36425,0 136.35385,35.36496,0 136.35471,35.36525,0 136.35514,35.36537,0 136.35709,35.36592,0 136.35856,35.36627,0 136.35916,35.36641,0 136.35952,35.36648,0 136.3601,35.36657,0 136.36034,35.36658,0 136.36059,35.36664,0 136.36102,35.36671,0 136.36156,35.36681,0 136.36239,35.36692,0 136.36354,35.36703,0 136.36411,35.36707,0 136.36466,35.3671,0 136.36581,35.36713,0 136.36741,35.36713,0 136.36833,35.36714,0 136.36875,35.36715,0 136.36908,35.36715,0 136.36928,35.36715,0 136.37121,35.3671,0 136.37179,35.3671,0 136.3721,35.36709,0 136.37424,35.36704,0 136.3756,35.36694,0 136.3769,35.3668,0 136.37807,35.36665,0 136.37898,35.3665,0 136.37961,35.36639,0 136.37995,35.36632,0 136.38105,35.36609,0 136.38276,35.36569,0 136.38426,35.36536,0 136.38649,35.36484,0 136.38791,35.36451,0 136.38998,35.36403,0 136.39123,35.36374,0 136.39238,35.36346,0 136.39304,35.36331,0 136.39369,35.36315,0 136.39537,35.36276,0 136.3968,35.36244,0 136.39779,35.36226,0 136.39888,35.36208,0 136.39954,35.36199,0 136.40056,35.36187,0 136.40125,35.36182,0 136.40164,35.36179,0 136.40265,35.36173,0 136.40316,35.3617,0 136.40373,35.36166,0 136.40407,35.36164,0 136.40509,35.3616,0 136.40542,35.36155,0 136.40634,35.36149,0 136.40835,35.36136,0 136.41262,35.36108,0 136.41339,35.36103,0 136.41502,35.36092,0 136.41741,35.36076,0 136.42093,35.36052,0 136.42572,35.36019,0 136.42606,35.36017,0 136.42688,35.36011,0 136.42924,35.35993,0 136.4335,35.35965,0 136.43558,35.35951,0 136.43711,35.3594,0 136.43779,35.35935,0 136.4384,35.3593,0 136.43855,35.35929,0 136.4411,35.35902,0 136.44225,35.35889,0 136.4436,35.35868,0 136.44384,35.35864,0 136.44517,35.35838,0 136.44573,35.35828,0 136.44696,35.35804,0 136.44759,35.35792,0 136.44953,35.35754,0 136.45001,35.35745,0 136.45078,35.3573,0 136.45143,35.35719,0 136.45355,35.35679,0 136.45431,35.35669,0 136.45487,35.3566,0 136.45518,35.35657,0 136.45562,35.35651,0 136.45649,35.35644,0 136.45704,35.35641,0 136.45803,35.35634,0 136.45833,35.35633,0 136.45942,35.35634,0 136.46039,35.35638,0 136.46184,35.35649,0 136.46224,35.35652,0 136.46274,35.35657,0 136.46311,35.35662,0 136.46416,35.35677,0 136.46516,35.35691,0 136.46548,35.35697,0 136.46647,35.35716,0 136.46801,35.35744,0 136.47011,35.35784,0 136.47113,35.35804,0 136.47205,35.35828,0 136.47306,35.35857,0 136.47373,35.35875,0 136.47491,35.35913,0 136.47631,35.35965,0 136.47959,35.36096,0 136.4808,35.36144,0 136.48445,35.36292,0 136.48482,35.36307,0 136.48669,35.36381,0 136.48682,35.36387,0 136.48741,35.36411,0 136.48769,35.36422,0 136.48857,35.36457,0 136.48873,35.36464,0 136.48888,35.3647,0 136.49001,35.36517,0 136.49187,35.36591,0 136.49361,35.36661,0 136.49538,35.36729,0 136.49663,35.36772,0 136.49708,35.36788,0 136.49805,35.36812,0 136.49931,35.36844,0 136.50044,35.36872,0 136.50212,35.36904,0 136.50315,35.36918,0 136.50441,35.36929,0 136.50454,35.3693,0 136.50456,35.3693,0 136.50485,35.36931,0 136.50674,35.3694,0 136.50843,35.36939,0 136.50913,35.36935,0 136.50933,35.36934,0 136.50958,35.36932,0 136.51075,35.36921,0 136.51106,35.36918,0 136.51124,35.36917,0 136.51254,35.36901,0 136.51322,35.36891,0 136.51351,35.36887,0 136.51571,35.36853,0 136.5166,35.3684,0 136.51698,35.36834,0 136.51972,35.36793,0 136.51987,35.3679,0 136.52003,35.36788,0 136.52016,35.36785,0 136.52072,35.36776,0 136.52094,35.36773,0 136.52144,35.36764,0 136.52188,35.36757,0 136.52224,35.36751,0 136.52232,35.36749,0 136.52258,35.36744,0 136.52281,35.36739,0 136.52294,35.36736,0 136.52305,35.36733,0 136.52362,35.36721,0 136.52382,35.36713,0 136.52486,35.36678,0 136.52611,35.36629,0 136.52736,35.3658,0 136.5282,35.36547,0 136.52865,35.3653,0 136.53025,35.36459,0 136.5304,35.36452,0 136.53045,35.3645,0 136.53056,35.36444,0 136.53194,35.36367,0 136.53303,35.36299,0 136.53343,35.36273,0 136.53362,35.36262,0 136.53378,35.36252,0 136.53452,35.36205,0 136.53526,35.36159,0 136.5355,35.36143,0 136.53616,35.36101,0 136.53691,35.36053,0 136.53843,35.35957,0 136.53851,35.35952,0 136.53897,35.35923,0 136.53957,35.35884,0 136.54182,35.35741,0 136.5428,35.35679,0 136.54362,35.35628,0 136.54586,35.35489,0 136.54798,35.35367,0 136.54888,35.35324,0 136.55049,35.3525,0 136.55062,35.35244,0 136.55167,35.35201,0 136.55256,35.35172,0 136.55339,35.35144,0 136.55448,35.35111,0 136.55467,35.35106,0 136.55719,35.35046,0 136.55745,35.3504,0 136.55774,35.35034,0 136.5583,35.35024,0 136.55941,35.35003,0 136.56011,35.34993,0 136.56039,35.3499,0 136.5612,35.34978,0 136.56138,35.34977,0 136.56251,35.34964,0 136.56252,35.34964,0 136.56374,35.34957,0 136.56376,35.34957,0 136.5643,35.34955,0 136.56578,35.34951,0 136.56875,35.34941,0 136.57104,35.34934,0 136.57721,35.34911,0 136.57896,35.34906,0 136.58326,35.34893,0 136.58339,35.34893,0 136.58451,35.34889,0 136.58635,35.34883,0 136.58668,35.34882,0 136.5885,35.34875,0 136.58881,35.34874,0 136.5898,35.34871,0 136.59029,35.3487,0 136.59431,35.34856,0 136.59495,35.34853,0 136.59627,35.34849,0 136.60206,35.34803,0 136.6041,35.34786,0 136.60598,35.34771,0 136.60816,35.34752,0 136.61436,35.34704,0 136.61701,35.34682,0 136.61973,35.3466,0 136.62207,35.34641,0 136.62637,35.34604,0 136.62828,35.3459,0 136.62883,35.34585,0 136.63103,35.34568,0 136.63184,35.34561,0 136.63215,35.34559,0 136.63261,35.34555,0 136.63342,35.34549,0 136.63414,35.34544,0 136.63441,35.34541,0 136.63509,35.34536,0 136.63545,35.34531,0 136.63608,35.34523,0 136.63642,35.34519,0 136.63756,35.34499,0 136.63892,35.34467,0 136.64033,35.3443,0 136.6415,35.34397,0 136.64176,35.34389,0 136.64285,35.34351,0 136.64316,35.34341,0 136.64469,35.34284,0 136.64658,35.34205,0 136.64877,35.34114,0 136.65086,35.34031,0 136.652,35.33985,0 136.65234,35.33972,0 136.6527,35.33956,0 136.65507,35.3386,0 136.65525,35.33852,0 136.6556,35.33838,0 136.65614,35.33815,0 136.6564,35.33805,0 136.65797,35.33738,0 136.65834,35.33724,0 136.65904,35.33695,0 136.65993,35.33654,0 136.66119,35.3359,0 136.66234,35.33526,0 136.6631,35.33481,0 136.66387,35.3343,0 136.66419,35.33408,0 136.66457,35.33381,0 136.66489,35.33356,0 136.66573,35.33285,0 136.66696,35.3318,0 136.66856,35.33044,0 136.67006,35.32918,0 136.67199,35.32752,0 136.67381,35.32598,0 136.67403,35.32579,0 136.67419,35.32565,0 136.67478,35.32514,0 136.67617,35.32395,0 136.67725,35.32303,0 136.67856,35.32191,0 136.68078,35.32,0 136.68238,35.31863,0 136.68271,35.31831,0 136.68313,35.31795,0 136.68425,35.31701,0</coordinates></LineString>
                        </Placemark>
                        <Placemark>
                            <name>東海道新幹線</name>
                            <styleUrl>#style_orange</styleUrl>
                            <LineString><tessellate>1</tessellate><coordinates>136.29005,35.31672,0 136.28963,35.31519,0 136.28889,35.31326,0</coordinates></LineString>
                        </Placemark>
                        <Placemark>
                            <name>東海道新幹線</name>
                            <styleUrl>#style_orange</styleUrl>
                            <LineString><tessellate>1</tessellate><coordinates>136.28889,35.31326,0 136.28853,35.31237,0 136.28763,35.31016,0 136.28672,35.30787,0 136.28624,35.30672,0 136.28537,35.30446,0 136.28517,35.30395,0 136.28457,35.3024,0 136.2836,35.29988,0 136.28342,35.29939,0 136.28306,35.29823,0 136.28295,35.29778,0 136.2828,35.29714,0 136.28279,35.29706,0 136.28262,35.29591,0 136.28236,35.29399,0 136.28211,35.29198,0 136.28179,35.28932,0 136.28175,35.28903,0 136.28136,35.2859,0 136.28133,35.28561,0 136.28125,35.28496,0 136.28101,35.28302,0 136.28087,35.28188,0 136.28082,35.28153,0 136.28079,35.28122,0 136.28076,35.28094,0 136.28046,35.27857,0 136.28026,35.27692,0 136.27999,35.27468,0 136.27914,35.26795,0 136.27869,35.2647,0 136.27864,35.26438,0 136.27846,35.26342,0 136.27828,35.26258,0 136.2782,35.26219,0 136.27808,35.2618,0 136.27747,35.25998,0 136.27715,35.25922,0 136.27681,35.25848,0 136.27649,35.2578,0 136.27594,35.25672,0 136.27531,35.25551,0 136.27407,35.25321,0 136.27374,35.25253,0 136.27368,35.25241,0 136.27357,35.25222,0 136.27355,35.25216,0 136.27351,35.25209,0 136.27338,35.25185,0 136.27293,35.25102,0 136.27289,35.25094,0 136.27274,35.25067,0 136.27221,35.24966,0 136.27201,35.24928,0 136.27199,35.24926,0 136.27197,35.24923,0 136.27176,35.24882,0 136.27174,35.24878,0 136.27166,35.24863,0 136.2715,35.24833,0 136.27145,35.24826,0 136.27128,35.24793,0 136.27122,35.24781,0 136.27109,35.24757,0 136.27091,35.24723,0 136.27053,35.24652,0 136.27047,35.24641,0 136.27042,35.24629,0 136.27013,35.24575,0 136.26976,35.24508,0 136.26972,35.245,0 136.26938,35.24435,0 136.26923,35.24406,0 136.26911,35.24383,0 136.26894,35.2435,0 136.26881,35.24326,0 136.26868,35.243,0 136.26856,35.24277,0 136.26832,35.24233,0 136.2683,35.24227,0 136.26828,35.24226,0 136.26802,35.24175,0 136.26799,35.2417,0 136.26786,35.24145,0 136.26715,35.24011,0 136.26631,35.23851,0 136.26581,35.23757,0 136.2655,35.23698,0 136.26494,35.23592,0 136.26478,35.23562,0 136.26443,35.23495,0 136.26428,35.23465,0 136.26424,35.23458,0 136.26414,35.23439,0 136.26384,35.23381,0 136.26379,35.23375,0 136.26377,35.2337,0 136.26298,35.23233,0 136.26295,35.23228,0 136.2628,35.23204,0 136.26268,35.23186,0 136.26258,35.2317,0 136.26247,35.23155,0 136.26233,35.23135,0 136.26217,35.23111,0 136.26213,35.23105,0 136.26207,35.23097,0 136.26191,35.23075,0 136.26164,35.2304,0 136.26137,35.23006,0 136.26098,35.22958,0 136.26089,35.22949,0 136.2605,35.22905,0 136.26048,35.22902,0 136.26021,35.22873,0 136.26004,35.22854,0 136.25889,35.22728,0 136.25877,35.22715,0 136.25873,35.2271,0 136.25871,35.22709,0 136.2582,35.22653,0 136.25796,35.22627,0 136.25787,35.22618,0 136.2577,35.22598,0 136.25768,35.22596,0 136.2575,35.22578,0 136.257,35.22525,0 136.25537,35.22351,0 136.25529,35.22343,0 136.25477,35.22287,0 136.25448,35.22256,0 136.2537,35.22173,0 136.25315,35.22114,0 136.25306,35.22103,0 136.25304,35.22102,0 136.25272,35.22068,0 136.2527,35.22066,0 136.25262,35.22057,0 136.25253,35.22048,0 136.25232,35.22026,0 136.25228,35.22021,0 136.25134,35.21921,0 136.2512,35.21905,0 136.25096,35.2188,0 136.2509,35.21873,0 136.25047,35.21828,0 136.25018,35.21796,0 136.24983,35.21759,0 136.24967,35.21743,0 136.24963,35.21738,0 136.2492,35.21693,0 136.24918,35.2169,0 136.24911,35.21683,0 136.24835,35.21601,0 136.24813,35.21578,0 136.24801,35.21565,0 136.24725,35.21484,0 136.24711,35.21468,0 136.24694,35.21452,0 136.24589,35.21337,0 136.24533,35.21277,0 136.24381,35.21115,0 136.24353,35.21085,0 136.24291,35.21019,0 136.24213,35.20936,0 136.24204,35.20927,0 136.24163,35.20881,0 136.24097,35.20813,0 136.24004,35.20713,0 136.23972,35.20677,0 136.23965,35.20671,0 136.23854,35.20555,0 136.2363,35.20316,0 136.23531,35.20211,0 136.23361,35.2003,0 136.23239,35.19902,0 136.23187,35.19846,0 136.23086,35.1974,0 136.23017,35.19667,0 136.2301,35.1966,0 136.22965,35.19611,0 136.22847,35.19485,0 136.22738,35.19367,0 136.22671,35.19295,0 136.22563,35.19179,0 136.22511,35.19119,0 136.22477,35.19077,0 136.22345,35.18904,0 136.22302,35.18845,0 136.22256,35.18784,0 136.22224,35.18742,0 136.22182,35.18685,0 136.2208,35.18551,0 136.21999,35.18441,0 136.21976,35.18411,0 136.21863,35.1826,0 136.21794,35.18169,0 136.21705,35.18049,0 136.21608,35.1792,0 136.21538,35.17829,0 136.21483,35.17754,0 136.21354,35.17582,0 136.21305,35.17517,0 136.21187,35.1736,0 136.21056,35.17183,0 136.20987,35.17087,0 136.20917,35.16988,0 136.20859,35.16914,0 136.20833,35.1688,0 136.20812,35.1685,0 136.20598,35.16563,0 136.20561,35.16516,0 136.20523,35.16467,0 136.20472,35.16397,0 136.20384,35.1628,0 136.20217,35.16057,0 136.20205,35.16041,0 136.20104,35.15906,0 136.20021,35.15795,0 136.19962,35.15715,0 136.19944,35.1569,0 136.19929,35.15671,0 136.19911,35.15646,0 136.19899,35.15631,0 136.19884,35.15612,0 136.19863,35.15582,0 136.19814,35.15517,0 136.19805,35.15504,0 136.19792,35.1549,0 136.19779,35.15473,0 136.19749,35.15435,0 136.19626,35.15282,0 136.19557,35.15202,0 136.19471,35.15108,0 136.19469,35.15107,0 136.19454,35.15091,0 136.19325,35.14974,0 136.19264,35.14921,0 136.1915,35.14832,0 136.19127,35.14817,0 136.19109,35.14803,0 136.19064,35.14772,0 136.19001,35.1473,0 136.18921,35.14676,0 136.18818,35.14613,0 136.18798,35.14601,0 136.18779,35.1459,0 136.18719,35.14555,0 136.18606,35.14492,0 136.18521,35.14449,0 136.18492,35.14433,0 136.18441,35.14405,0 136.18362,35.1436,0 136.18285,35.14317,0 136.18238,35.14291,0 136.18222,35.14282,0 136.18168,35.14252,0 136.1815,35.14241,0 136.18125,35.14228,0 136.18109,35.14219,0 136.17845,35.14073,0 136.17719,35.14003,0 136.17677,35.13979,0 136.17592,35.13932,0 136.17562,35.13915,0 136.17506,35.13885,0 136.174,35.13826,0 136.17321,35.13783,0 136.1728,35.1376,0 136.1726,35.13749,0 136.1713,35.1368,0 136.17067,35.13646,0 136.16978,35.13599,0 136.16941,35.13578,0 136.16935,35.13576,0 136.16869,35.1354,0 136.16847,35.13529,0 136.1684,35.13526,0 136.16751,35.13478,0 136.167,35.1345,0 136.16659,35.13429,0 136.16614,35.13404,0 136.16585,35.13388,0 136.16552,35.13371,0 136.16524,35.13357,0 136.16511,35.1335,0 136.16499,35.13343,0 136.16443,35.13315,0 136.16362,35.13275,0 136.16327,35.13259,0 136.16321,35.13256,0 136.16316,35.13254,0 136.16313,35.13253,0 136.1631,35.13251,0 136.16277,35.13236,0 136.16166,35.13189,0 136.16161,35.13188,0 136.16042,35.13139,0 136.16033,35.13135,0 136.16023,35.1313,0 136.16012,35.13127,0 136.15983,35.13114,0 136.15934,35.13094,0 136.15932,35.13092,0 136.15918,35.13087,0 136.15913,35.13086,0 136.15769,35.13027,0 136.1574,35.13015,0 136.15707,35.13001,0 136.15649,35.12977,0 136.15614,35.12963,0 136.15583,35.12951,0 136.15532,35.1293,0 136.15508,35.12921,0 136.15483,35.12911,0 136.15458,35.129,0 136.15448,35.12896,0 136.15361,35.1286,0 136.15344,35.12854,0 136.15329,35.12847,0 136.15277,35.12825,0 136.15131,35.12766,0 136.15099,35.12754,0 136.15051,35.12734,0 136.15018,35.12721,0 136.14991,35.1271,0 136.14805,35.12634,0 136.14757,35.12614,0 136.14746,35.1261,0 136.14718,35.12598,0 136.14602,35.1255,0 136.146,35.12549,0 136.14584,35.12543,0 136.14571,35.12537,0 136.14395,35.12466,0 136.14386,35.12462,0 136.14259,35.1241,0 136.1409,35.12341,0 136.14067,35.12331,0 136.13962,35.12288,0 136.13868,35.12249,0 136.13848,35.12241,0 136.13837,35.12237,0 136.13766,35.12207,0 136.13764,35.12206,0 136.13669,35.12167,0 136.13589,35.12134,0 136.13501,35.12098,0 136.13492,35.12095,0 136.1346,35.12082,0 136.13445,35.12075,0 136.13412,35.1206,0 136.13357,35.12037,0 136.13332,35.12027,0 136.13322,35.12022,0 136.13245,35.1199,0 136.1317,35.11956,0 136.13166,35.11955,0 136.13141,35.11944,0 136.13137,35.11942,0 136.13108,35.11928,0 136.13078,35.11915,0 136.13073,35.11912,0 136.13063,35.11908,0 136.12997,35.11877,0 136.12984,35.11872,0 136.12961,35.11861,0 136.12904,35.11834,0 136.12841,35.11805,0 136.12745,35.11758,0 136.12677,35.11725,0 136.12655,35.11715,0 136.12636,35.11706,0 136.12604,35.1169,0 136.12574,35.11676,0 136.12507,35.11644,0 136.12364,35.11575,0 136.12335,35.11562,0 136.12312,35.11551,0 136.1226,35.11527,0 136.12231,35.11512,0 136.12213,35.11505,0 136.1191,35.11358,0 136.11623,35.11222,0 136.11588,35.11205,0 136.11424,35.11129,0 136.11331,35.11085,0 136.11141,35.10999,0 136.10889,35.10895,0 136.10782,35.1085,0 136.10503,35.1074,0 136.1035,35.10679,0 136.10307,35.10662,0 136.10244,35.10636,0 136.10025,35.10546,0 136.09773,35.10446,0 136.09539,35.10353,0 136.09347,35.10276,0 136.09287,35.10251,0 136.09108,35.1018,0 136.08844,35.10074,0 136.08565,35.09962,0 136.08447,35.09914,0 136.08382,35.09888,0 136.08306,35.09858,0 136.08095,35.09773,0 136.07783,35.09648,0 136.07553,35.09554,0 136.07391,35.09484,0 136.07359,35.09471,0 136.07152,35.09376,0 136.06959,35.09289,0 136.06789,35.09208,0 136.06625,35.09127,0 136.06432,35.0902,0 136.06221,35.08902,0 136.06083,35.08822,0 136.05899,35.08708,0 136.05868,35.08689,0 136.05811,35.08655,0 136.05699,35.08583,0 136.05548,35.08488,0 136.05394,35.08388,0 136.05226,35.08281,0 136.05171,35.08245,0 136.04988,35.08128,0 136.04956,35.08107,0 136.04887,35.08062,0 136.04846,35.08036,0 136.04841,35.08033,0 136.04803,35.08009,0 136.04743,35.07972,0 136.04709,35.07949,0 136.04635,35.07902,0 136.04566,35.07857,0 136.04559,35.07854,0 136.04555,35.0785,0 136.04481,35.07803,0 136.04408,35.07757,0 136.04396,35.07749,0 136.04381,35.07739,0 136.04299,35.07687,0 136.04211,35.0763,0 136.04208,35.07629,0 136.04138,35.07584,0 136.04101,35.07558,0 136.04053,35.07528,0 136.04003,35.07495,0 136.03966,35.07471,0 136.03947,35.07458,0 136.03918,35.07442,0 136.03751,35.07333,0 136.03745,35.07328,0 136.03645,35.07264,0 136.03638,35.07259,0 136.03565,35.07212,0 136.03538,35.07194,0 136.0352,35.07183,0 136.03451,35.07138,0 136.03441,35.07132,0 136.0341,35.07112,0 136.03355,35.07077,0 136.03346,35.07071,0 136.03305,35.07045,0 136.0327,35.07021,0 136.03268,35.0702,0 136.03262,35.07017,0 136.0323,35.06996,0 136.03099,35.06911,0 136.03082,35.06898,0 136.03067,35.06889,0 136.03038,35.06869,0 136.02988,35.06834,0 136.02936,35.06799,0 136.02905,35.06775,0 136.02842,35.06728,0 136.02792,35.06689,0 136.0278,35.06679,0 136.02679,35.06598,0 136.02587,35.06521,0 136.02545,35.06484,0 136.02516,35.06459,0 136.02511,35.06454,0 136.0249,35.06434,0 136.02453,35.06401,0 136.02339,35.06288,0 136.02316,35.06266,0 136.02272,35.06218,0 136.02251,35.06196,0 136.02231,35.06176,0 136.02184,35.06126,0 136.02029,35.0597,0 136.0198,35.05923,0 136.01935,35.05877,0 136.01908,35.05851,0 136.0188,35.05823,0 136.01847,35.0579,0 136.01835,35.05779,0</coordinates></LineString>
                        </Placemark>
                        <Placemark>
                            <name>東海道新幹線</name>
                            <styleUrl>#style_orange</styleUrl>
                            <LineString><tessellate>1</tessellate><coordinates>136.01835,35.05779,0 136.01827,35.0577,0 136.01715,35.0566,0 136.01686,35.05631,0 136.01675,35.0562,0 136.0167,35.05616,0 136.01661,35.05606,0 136.01578,35.05523,0 136.01543,35.05489,0 136.0148,35.05426,0 136.01463,35.05408,0 136.01441,35.05387,0 136.01384,35.05331,0 136.01299,35.05247,0 136.01272,35.05221,0 136.01201,35.05151,0 136.01138,35.05091,0 136.01087,35.05041,0 136.01065,35.05019,0 136.00928,35.04886,0 136.00923,35.04881,0 136.00908,35.04866,0 136.00856,35.04815,0 136.0082,35.04781,0 136.00754,35.04715,0 136.00642,35.04605,0 136.00621,35.04585,0 136.00618,35.0458,0 136.0056,35.04524,0 136.00525,35.04489,0 136.00495,35.04459,0 136.00493,35.04456,0 136.00426,35.04391,0 136.00353,35.04317,0 136.00336,35.043,0 136.00295,35.04258,0 136.00286,35.0425,0 136.00278,35.04241,0 136.00236,35.04199,0 136.00233,35.04195,0 136.00231,35.04193,0 136.00184,35.04146,0 136.0018,35.04143,0 136.00163,35.04126,0 136.00139,35.04101,0 136.0013,35.04092,0 136.00119,35.0408,0 136.00113,35.04073,0 136.00105,35.04067,0 136.00085,35.04047,0 136.00075,35.04036,0 136.00039,35.04001,0 136.0003,35.0399,0 135.99977,35.03939,0 135.99961,35.03923,0 135.99951,35.03913,0 135.99916,35.03878,0 135.99744,35.03708,0 135.99734,35.03698,0 135.99726,35.03689,0 135.99714,35.03675,0 135.99626,35.0359,0 135.9953,35.03498,0 135.99481,35.03448,0 135.99349,35.03318,0 135.99271,35.03239,0 135.99244,35.03212,0 135.99162,35.03127,0 135.99122,35.03089,0 135.99095,35.03062,0 135.98967,35.02936,0 135.98942,35.02911,0 135.98895,35.02864,0 135.98859,35.02828,0 135.98774,35.02742,0 135.98696,35.02664,0 135.98675,35.02642,0 135.98623,35.0259,0 135.98486,35.02454,0 135.98404,35.02372,0 135.98371,35.02339,0 135.98223,35.02184,0 135.98196,35.02154,0 135.98176,35.02133,0 135.98005,35.0194,0 135.97969,35.019,0 135.9792,35.01842,0 135.97909,35.01828,0 135.97863,35.01774,0 135.97832,35.01737,0 135.97773,35.01669,0 135.97745,35.01637,0 135.97709,35.01596,0 135.97561,35.01421,0 135.97469,35.01315,0 135.9745,35.01292,0 135.97349,35.0117,0 135.9721,35.01012,0 135.97121,35.00908,0 135.97065,35.00843,0 135.97024,35.00797,0 135.96942,35.00701,0 135.96834,35.00574,0 135.96712,35.00433,0 135.9664,35.00348,0 135.96618,35.00323,0 135.96601,35.00303,0 135.96482,35.00172,0 135.9638,35.0006,0 135.96316,34.99997,0 135.96249,34.99932,0 135.96214,34.99902,0 135.9613,34.9983,0 135.96045,34.99763,0 135.96018,34.99741,0 135.95923,34.99663,0 135.95863,34.99614,0 135.95703,34.99482,0 135.95565,34.99369,0 135.95466,34.99288,0 135.95443,34.99269,0 135.95368,34.99208,0 135.9533,34.99177,0 135.95273,34.99128,0 135.95237,34.99099,0 135.95227,34.99091,0 135.95202,34.9907,0 135.95131,34.99013,0 135.95074,34.98968,0 135.94943,34.98858,0 135.94812,34.98751,0 135.94739,34.98691,0 135.94642,34.98611,0 135.94557,34.98542,0 135.94477,34.98477,0 135.94454,34.98458,0 135.94399,34.98413,0 135.94387,34.98403,0 135.94288,34.98321,0 135.94227,34.98272,0 135.94205,34.98253,0 135.94161,34.98218,0 135.9402,34.98102,0 135.93911,34.98013,0 135.93819,34.97939,0 135.93738,34.97873,0 135.9365,34.97798,0 135.93526,34.97698,0 135.93414,34.97607,0 135.93331,34.97539,0 135.93223,34.97461,0 135.93176,34.97427,0 135.93137,34.97398,0 135.92999,34.97315,0 135.92941,34.97284,0 135.9288,34.97252,0 135.92621,34.97141,0 135.9243,34.97076,0 135.92255,34.97026,0 135.92115,34.96992,0 135.91915,34.96958,0 135.91895,34.96953,0 135.91764,34.96941,0 135.91709,34.96936,0 135.91603,34.96932,0 135.91451,34.96934,0 135.91234,34.96948,0 135.91068,34.9696,0 135.90689,34.96985,0 135.90273,34.97017,0 135.90154,34.97029,0 135.90121,34.97033,0 135.89992,34.97054,0 135.89966,34.9706,0 135.8988,34.97077,0 135.89815,34.9709,0 135.89793,34.97094,0 135.89777,34.97097,0 135.89637,34.97123,0 135.89494,34.97151,0 135.8945,34.9716,0 135.89425,34.97164,0 135.89389,34.97172,0 135.89372,34.97175,0 135.89311,34.97187,0 135.89235,34.97202,0 135.89208,34.97208,0 135.89169,34.97215,0 135.89098,34.97228,0 135.8897,34.97245,0 135.88939,34.97251,0 135.8879,34.97273,0 135.88756,34.97277,0 135.88583,34.973,0 135.88492,34.97313,0 135.88445,34.9732,0 135.88308,34.9734,0 135.88277,34.97344,0 135.88048,34.97378,0 135.88019,34.97383,0 135.87942,34.97394,0 135.87558,34.97447,0 135.87215,34.97492,0 135.86863,34.97531,0 135.86488,34.97573,0 135.86209,34.97604,0 135.85505,34.97685,0 135.8539,34.97699,0 135.85208,34.97719,0 135.8509,34.97733,0 135.8463,34.97782,0 135.8411,34.97841,0 135.84006,34.97852,0 135.83384,34.9792,0 135.83011,34.97961,0 135.8291,34.97974,0 135.82858,34.97981,0 135.82694,34.98001,0 135.82677,34.98003,0 135.82277,34.98052,0 135.82096,34.98071,0 135.82083,34.98072,0 135.81964,34.98085,0 135.81833,34.98095,0 135.81633,34.98108,0 135.81552,34.98111,0 135.81448,34.98113,0 135.8099,34.98119,0 135.8087,34.98121,0 135.8041,34.98126,0 135.80079,34.98131,0 135.79974,34.98132,0 135.79882,34.98138,0 135.79814,34.98144,0 135.79674,34.98159,0 135.7957,34.98173,0 135.79343,34.98207,0 135.79145,34.98235,0 135.78912,34.98273,0 135.78597,34.98323,0 135.78385,34.98353,0 135.78183,34.98383,0 135.77092,34.98542,0 135.76962,34.98535,0 135.76935,34.98534,0 135.76922,34.98533,0 135.76878,34.98531,0 135.76861,34.9853,0 135.76795,34.98527,0 135.76655,34.98521,0 135.7656,34.98514,0 135.76294,34.98487,0 135.76127,34.98466,0</coordinates></LineString>
                        </Placemark>
                        <Placemark>
                            <name>東海道新幹線</name>
                            <styleUrl>#style_orange</styleUrl>
                            <LineString><tessellate>1</tessellate><coordinates>135.75684,34.98459,0 135.75692,34.98459,0 135.76127,34.98466,0</coordinates></LineString>
                        </Placemark>
                        <Placemark>
                            <name>東海道新幹線</name>
                            <styleUrl>#style_orange</styleUrl>
                            <LineString><tessellate>1</tessellate><coordinates>135.49791,34.73268,0 135.50238,34.73412,0</coordinates></LineString>
                        </Placemark>
                        <Placemark>
                            <name>東海道新幹線</name>
                            <styleUrl>#style_orange</styleUrl>
                            <LineString><tessellate>1</tessellate><coordinates>135.50238,34.73412,0 135.5025,34.73419,0 135.50354,34.73476,0 135.50412,34.73509,0</coordinates></LineString>
                        </Placemark>
                        <Placemark>
                            <name>東海道新幹線</name>
                            <styleUrl>#style_orange</styleUrl>
                            <LineString><tessellate>1</tessellate><coordinates>135.50412,34.73509,0 135.5058,34.73587,0 135.50593,34.73593,0 135.50612,34.73602,0 135.50654,34.73621,0 135.50688,34.73637,0 135.50772,34.73676,0 135.50798,34.73688,0 135.50832,34.73708,0 135.5084,34.73713,0 135.50963,34.73828,0 135.51054,34.73914,0 135.51066,34.73925,0 135.51119,34.73974,0 135.51173,34.74027,0 135.51175,34.74029,0 135.51179,34.74032,0 135.51218,34.74068,0 135.5124,34.74089,0 135.51265,34.74113,0 135.5129,34.74137,0 135.51315,34.74159,0 135.5137,34.74209,0 135.51385,34.74222,0 135.51391,34.74227,0 135.51394,34.74229,0 135.51421,34.74255,0 135.51472,34.74295,0 135.51552,34.74351,0 135.51555,34.74353,0 135.51617,34.74386,0 135.51677,34.74413,0 135.51714,34.74428,0 135.51751,34.74443,0 135.51805,34.74458,0 135.51884,34.74477,0 135.51941,34.74489,0 135.52011,34.745,0 135.52098,34.74514,0 135.52169,34.74524,0 135.52219,34.74531,0 135.52652,34.74589,0 135.52962,34.7463,0 135.53081,34.74648,0 135.53194,34.74668,0 135.53259,34.74683,0 135.53318,34.74696,0 135.53416,34.74725,0 135.53518,34.74757,0 135.53608,34.74786,0 135.53718,34.74831,0 135.53838,34.74883,0 135.53937,34.74933,0 135.54089,34.75018,0 135.54186,34.75076,0 135.5423,34.75105,0 135.54251,34.75119,0 135.54309,34.75165,0 135.54377,34.75215,0 135.54427,34.75259,0 135.54458,34.75287,0 135.54497,34.75325,0 135.54575,34.75399,0 135.5478,34.75586,0 135.54894,34.75693,0 135.54949,34.75744,0 135.54958,34.75754,0 135.55047,34.75836,0 135.55113,34.75897,0 135.5515,34.75932,0 135.55204,34.75984,0 135.55251,34.76024,0 135.55256,34.7603,0 135.55324,34.76091,0 135.55396,34.76153,0 135.55571,34.76297,0 135.55573,34.76298,0 135.55613,34.76331,0 135.5581,34.76489,0 135.55843,34.76515,0 135.55914,34.76572,0 135.56095,34.76715,0 135.56173,34.76779,0 135.56175,34.76779,0 135.56237,34.76831,0 135.56434,34.76987,0 135.56479,34.77025,0 135.56537,34.7707,0 135.56598,34.77121,0 135.56605,34.77127,0 135.56703,34.77207,0 135.56724,34.77224,0 135.56745,34.77241,0 135.56772,34.77264,0 135.56805,34.7729,0 135.5687,34.77343,0 135.57135,34.77558,0 135.57159,34.77579,0 135.57169,34.77586,0 135.5732,34.77708,0 135.57339,34.77725,0 135.57467,34.77828,0 135.57551,34.77894,0 135.57632,34.7796,0 135.57639,34.77964,0 135.57656,34.77978,0 135.57664,34.77985,0 135.57809,34.78103,0 135.57898,34.78176,0 135.57957,34.78224,0 135.58038,34.78289,0 135.58081,34.78325,0 135.58127,34.78362,0 135.58253,34.78462,0 135.58295,34.78496,0 135.583,34.78499,0 135.58389,34.78574,0 135.58519,34.78682,0 135.58761,34.78891,0 135.58772,34.78901,0 135.58773,34.78903,0 135.58776,34.78904,0 135.58898,34.79009,0 135.58999,34.79097,0 135.59053,34.79144,0 135.59104,34.79184,0 135.59126,34.79202,0 135.59309,34.79348,0 135.59351,34.79381,0 135.59404,34.79423,0 135.59462,34.79469,0 135.59682,34.79646,0 135.59737,34.7969,0 135.59839,34.7977,0 135.59857,34.79785,0 135.59876,34.798,0 135.60137,34.80007,0 135.60207,34.80069,0 135.60247,34.80104,0 135.60315,34.80168,0 135.60409,34.80258,0 135.60463,34.80312,0 135.60511,34.80363,0 135.6053,34.80381,0 135.60597,34.80454,0 135.6062,34.8048,0 135.60685,34.80559,0 135.60778,34.80673,0 135.60864,34.80779,0 135.60871,34.80789,0 135.60883,34.80804,0 135.60919,34.80847,0 135.61049,34.8101,0 135.61133,34.81114,0 135.61172,34.81163,0 135.6118,34.81173,0 135.61207,34.81207,0 135.61219,34.81223,0 135.6124,34.81248,0 135.61269,34.81284,0 135.61293,34.81313,0 135.6131,34.81335,0 135.61317,34.81343,0 135.61353,34.81388,0 135.61357,34.81391,0 135.61369,34.81408,0 135.61372,34.8141,0 135.61405,34.81452,0 135.61412,34.81461,0 135.61497,34.81567,0 135.61528,34.81606,0 135.61532,34.81609,0 135.61598,34.81692,0 135.61675,34.8179,0 135.61683,34.81799,0 135.61747,34.81878,0 135.61814,34.81961,0 135.61876,34.82039,0 135.62004,34.82195,0 135.62117,34.82334,0 135.62131,34.82352,0 135.6216,34.82386,0 135.62218,34.82459,0 135.62413,34.82705,0 135.62522,34.82843,0 135.62568,34.82903,0 135.62574,34.82909,0 135.62728,34.83103,0 135.62742,34.83119,0 135.6278,34.83167,0 135.62789,34.83177,0 135.62923,34.83345,0 135.62928,34.83351,0 135.63111,34.83579,0 135.63174,34.83657,0 135.63265,34.83777,0 135.6334,34.83875,0 135.63412,34.8397,0 135.63564,34.84164,0 135.63588,34.84196,0 135.63709,34.84354,0 135.63859,34.84551,0 135.6401,34.84746,0 135.6416,34.84941,0 135.64176,34.8496,0 135.64311,34.85136,0 135.64462,34.85331,0 135.6461,34.85526,0 135.64757,34.8572,0 135.64761,34.85726,0 135.64901,34.8591,0 135.64934,34.85954,0 135.64974,34.86005,0 135.6501,34.86051,0 135.65051,34.861,0 135.65088,34.86144,0 135.65129,34.86192,0 135.65169,34.86234,0 135.6521,34.86279,0 135.65405,34.86457,0 135.65424,34.86474,0 135.65444,34.86493,0 135.65459,34.86506,0 135.65636,34.86669,0 135.65842,34.86863,0 135.6605,34.87058,0 135.66071,34.87079,0 135.66088,34.87094,0 135.66095,34.87101,0 135.66257,34.87255,0 135.66278,34.87275,0 135.66307,34.87303,0 135.66465,34.87451,0 135.66515,34.875,0 135.66666,34.87647,0 135.66741,34.87717,0 135.66786,34.8776,0 135.66871,34.87843,0 135.67023,34.87989,0 135.67074,34.88038,0 135.67277,34.88231,0 135.67482,34.88426,0 135.67528,34.8847,0 135.67545,34.88486,0 135.67689,34.88623,0 135.67725,34.88657,0 135.67768,34.88699,0 135.67799,34.88729,0 135.67817,34.88746,0 135.67886,34.88816,0 135.67993,34.8893,0 135.67997,34.88935,0 135.6807,34.89012,0 135.68115,34.89064,0 135.68162,34.89114,0 135.68204,34.89161,0 135.68211,34.89167,0 135.68228,34.89183,0 135.68252,34.89207,0 135.68299,34.89248,0 135.68394,34.89334,0 135.68448,34.89385,0 135.68461,34.89398,0 135.68485,34.8942,0 135.68533,34.89467,0 135.68576,34.89512,0 135.68656,34.89594,0 135.68711,34.89653,0 135.68753,34.89698,0 135.68836,34.89789,0 135.68921,34.89881,0 135.68966,34.8993,0 135.6902,34.89983,0 135.69055,34.90016,0 135.69103,34.90057,0 135.69141,34.90088,0 135.69204,34.90139,0 135.6926,34.90179,0 135.69371,34.90256,0 135.69426,34.90289,0 135.69484,34.90324,0 135.6954,34.90357,0 135.69575,34.90376,0 135.69918,34.9055,0 135.6996,34.9057,0 135.7004,34.90611,0 135.70138,34.90661,0 135.70204,34.90698,0 135.70257,34.90728,0 135.7032,34.90766,0 135.70414,34.90828,0 135.70476,34.90873,0 135.70481,34.90876,0 135.70547,34.90925,0 135.70636,34.90995,0 135.70683,34.91034,0 135.7073,34.91078,0 135.70777,34.9112,0 135.70823,34.91169,0 135.7084,34.91186,0 135.70865,34.91211,0 135.70909,34.91261,0 135.70954,34.91315,0 135.70987,34.91359,0 135.71024,34.91408,0 135.7106,34.9146,0 135.71092,34.9151,0 135.71153,34.91616,0 135.71201,34.91704,0 135.71213,34.91727,0 135.71292,34.919,0 135.71316,34.91956,0 135.71325,34.9199,0 135.71341,34.92032,0 135.71364,34.9212,0 135.71375,34.92175,0 135.71386,34.92234,0 135.71395,34.92291,0 135.71404,34.92352,0 135.7141,34.92406,0 135.71415,34.92496,0 135.71417,34.92583,0 135.71415,34.9264,0 135.71415,34.9267,0 135.71416,34.92885,0 135.71416,34.92907,0 135.71416,34.92928,0 135.71419,34.93073,0 135.71423,34.93251,0 135.71425,34.93334,0 135.71425,34.93418,0 135.71426,34.93449,0 135.71433,34.93597,0 135.71435,34.9362,0 135.71438,34.93711,0 135.71445,34.93973,0 135.71451,34.94237,0 135.71458,34.94498,0 135.71458,34.94502,0 135.71466,34.94768,0 135.71472,34.95033,0 135.71477,34.95174,0 135.71482,34.95297,0 135.71487,34.95561,0 135.71495,34.95815,0 135.71497,34.95852,0 135.71499,34.95891,0 135.71503,34.95924,0 135.71508,34.95966,0 135.71522,34.96053,0 135.71525,34.96074,0 135.71525,34.9608,0 135.71542,34.96195,0 135.71559,34.96309,0 135.71565,34.96342,0 135.71581,34.96418,0 135.71601,34.96506,0 135.71612,34.96561,0 135.71623,34.96607,0 135.71643,34.96697,0 135.71659,34.96755,0 135.71671,34.96796,0 135.71687,34.96838,0 135.71698,34.96863,0 135.71701,34.96868,0 135.71737,34.96939,0 135.71776,34.97011,0 135.718,34.97056,0 135.71827,34.97099,0 135.7185,34.97133,0 135.71877,34.97173,0 135.71913,34.97226,0 135.71945,34.97269,0 135.72005,34.97342,0 135.72053,34.97397,0 135.7209,34.97437,0 135.72106,34.97452,0 135.72126,34.97473,0 135.72179,34.97516,0 135.72248,34.97564,0 135.72306,34.97602,0 135.7239,34.97653,0 135.72505,34.97715,0 135.72621,34.97778,0 135.7279,34.9787,0 135.72999,34.97982,0 135.73136,34.98055,0 135.73221,34.981,0 135.73313,34.98144,0 135.73396,34.98178,0 135.73406,34.98182,0 135.73471,34.98208,0 135.73562,34.98245,0 135.73626,34.98266,0 135.73748,34.983,0 135.74034,34.98379,0 135.74268,34.9844,0 135.74345,34.98457,0 135.74426,34.98472,0 135.74451,34.98474,0 135.74461,34.98475,0 135.74516,34.9848,0 135.74542,34.9848,0 135.74579,34.98481,0 135.74717,34.98479,0 135.7474,34.98481,0 135.74896,34.9846,0 135.74952,34.98454,0 135.75531,34.98458,0 135.75684,34.98459,0</coordinates></LineString>
                        </Placemark>
                        <Placemark>
                            <name>東海道新幹線</name>
                            <styleUrl>#style_orange</styleUrl>
                            <LineString><tessellate>1</tessellate><coordinates>135.49782,34.73293,0 135.50225,34.73443,0</coordinates></LineString>
                        </Placemark>
                        <Placemark>
                            <name>東海道新幹線</name>
                            <styleUrl>#style_orange</styleUrl>
                            <LineString><tessellate>1</tessellate><coordinates>135.50225,34.73443,0 135.50249,34.73452,0 135.50289,34.73466,0 135.50304,34.73472,0 135.50342,34.73485,0 135.50412,34.73509,0</coordinates></LineString>
                        </Placemark>
                        <Placemark>
                            <name>東海道新幹線</name>
                            <styleUrl>#style_orange</styleUrl>
                            <LineString><tessellate>1</tessellate><coordinates>139.7406,35.63128,0 139.74083,35.63187,0 139.74131,35.63295,0 139.74211,35.63496,0 139.74257,35.63633,0 139.74265,35.63658,0 139.74287,35.63727,0 139.74304,35.63823,0 139.7432,35.63913,0 139.7433,35.63967,0 139.74353,35.64091,0 139.74361,35.64117,0 139.7438,35.64181,0 139.74406,35.64264,0 139.74454,35.64343,0 139.74483,35.64391,0 139.74524,35.64422,0 139.74559,35.64439,0 139.74677,35.6449,0 139.748,35.6455,0 139.74817,35.64559,0 139.75066,35.64686,0 139.75083,35.64696,0 139.75249,35.64768,0</coordinates></LineString>
                        </Placemark>
                        <Placemark>
                            <name>東海道新幹線</name>
                            <styleUrl>#style_orange</styleUrl>
                            <LineString><tessellate>1</tessellate><coordinates>139.75249,35.64768,0 139.75321,35.64806,0 139.75399,35.6486,0 139.75466,35.64913,0 139.75552,35.65003,0</coordinates></LineString>
                        </Placemark>
                        <Placemark>
                            <name>東海道新幹線</name>
                            <styleUrl>#style_orange</styleUrl>
                            <LineString><tessellate>1</tessellate><coordinates>139.75552,35.65003,0 139.75582,35.65051,0 139.75609,35.65093,0 139.75637,35.6515,0 139.75665,35.65228,0 139.75734,35.65437,0 139.7574,35.65456,0 139.75786,35.65621,0 139.75835,35.65948,0 139.7584,35.65968,0 139.75854,35.66029,0 139.75868,35.66109,0 139.75881,35.66183,0 139.75882,35.66252,0 139.75874,35.66365,0 139.75861,35.66481,0 139.7586,35.6652,0 139.75863,35.6656,0 139.75863,35.66618,0 139.75853,35.66689,0 139.75841,35.66742,0 139.75833,35.66787,0 139.75836,35.66822,0 139.7584,35.66841,0 139.75851,35.66874,0 139.75921,35.66991,0 139.76007,35.67151,0 139.76037,35.67207,0 139.76066,35.67256,0 139.76092,35.67286,0 139.76123,35.67317,0 139.76191,35.67373,0 139.76373,35.67513,0 139.76428,35.67558,0 139.76467,35.67591,0 139.76502,35.67631,0 139.76551,35.67693,0 139.7662,35.67777,0 139.76682,35.67856,0 139.76746,35.67936,0</coordinates></LineString>
                        </Placemark>
                        <Placemark>
                            <name>奥羽線</name>
                            <styleUrl>#style_purple</styleUrl>
                            <LineString><tessellate>1</tessellate><coordinates>140.47996,39.46546,0 140.47912,39.46626,0</coordinates></LineString>
                        </Placemark>
                        <Placemark>
                            <name>奥羽線</name>
                            <styleUrl>#style_purple</styleUrl>
                            <LineString><tessellate>1</tessellate><coordinates>140.47912,39.46626,0 140.47837,39.46699,0 140.47735,39.46795,0 140.47668,39.46858,0</coordinates></LineString>
                        </Placemark>
                        <Placemark>
                            <name>奥羽線</name>
                            <styleUrl>#style_purple</styleUrl>
                            <LineString><tessellate>1</tessellate><coordinates>140.42496,39.49597,0 140.42671,39.49485,0</coordinates></LineString>
                        </Placemark>
                        <Placemark>
                            <name>奥羽線</name>
                            <styleUrl>#style_purple</styleUrl>
                            <LineString><tessellate>1</tessellate><coordinates>140.51491,39.40697,0 140.51504,39.40671,0 140.51587,39.40522,0</coordinates></LineString>
                        </Placemark>
                        <Placemark>
                            <name>奥羽線</name>
                            <styleUrl>#style_purple</styleUrl>
                            <LineString><tessellate>1</tessellate><coordinates>140.47996,39.46546,0 140.48159,39.46388,0 140.48337,39.4621,0 140.484,39.46147,0 140.4843,39.46115,0 140.48497,39.46026,0 140.48527,39.45981,0 140.48576,39.45899,0 140.48646,39.45778,0 140.48664,39.45746,0 140.48669,39.45738,0 140.48681,39.45717,0 140.48771,39.45554,0 140.48867,39.45383,0 140.48917,39.45297,0 140.4905,39.45063,0 140.49087,39.44998,0 140.491,39.44975,0 140.49143,39.44897,0 140.49151,39.44882,0 140.49186,39.44823,0 140.49286,39.44643,0 140.49322,39.4458,0 140.49393,39.44452,0 140.49423,39.44396,0 140.49519,39.44221,0 140.49599,39.44076,0 140.49621,39.44035,0 140.49656,39.43968,0 140.49661,39.43956,0 140.49686,39.43912,0 140.50151,39.43093,0 140.50159,39.4308,0 140.50452,39.42552,0 140.50536,39.42406,0 140.5061,39.42273,0 140.50764,39.41992,0 140.50787,39.41949,0 140.50855,39.41834,0 140.51018,39.41543,0 140.51055,39.41477,0 140.51074,39.41441,0 140.51076,39.41437,0 140.51174,39.4126,0 140.51339,39.4097,0 140.51469,39.40739,0 140.51491,39.40697,0</coordinates></LineString>
                        </Placemark>
                        <Placemark>
                            <name>奥羽線</name>
                            <styleUrl>#style_purple</styleUrl>
                            <LineString><tessellate>1</tessellate><coordinates>140.42671,39.49485,0 140.42736,39.49442,0 140.4282,39.49389,0 140.42916,39.49328,0 140.42986,39.49287,0 140.43073,39.49246,0 140.43175,39.49211,0 140.4323,39.49198,0 140.43303,39.49185,0 140.4334,39.49181,0 140.43417,39.49174,0 140.43455,39.49173,0 140.43501,39.49172,0 140.43604,39.4917,0 140.43715,39.49168,0 140.44091,39.49164,0 140.44241,39.49163,0 140.44564,39.49159,0 140.44572,39.49158,0 140.4474,39.49156,0 140.44882,39.49154,0 140.44989,39.49151,0 140.45019,39.49148,0 140.45027,39.49147,0 140.45048,39.49144,0 140.45097,39.49134,0 140.45137,39.49126,0 140.4518,39.49116,0 140.45218,39.49105,0 140.45252,39.49092,0 140.45299,39.49073,0 140.4534,39.49052,0 140.45368,39.49034,0 140.45412,39.49003,0 140.45443,39.4898,0 140.45456,39.48968,0 140.45499,39.48928,0 140.45563,39.48866,0 140.45616,39.48817,0 140.45685,39.48751,0 140.45999,39.4845,0 140.46136,39.4832,0 140.46158,39.48299,0 140.46176,39.48281,0 140.46438,39.48027,0 140.46464,39.48001,0 140.4666,39.47814,0 140.46722,39.47755,0 140.46877,39.4761,0 140.47098,39.47404,0 140.47122,39.4738,0 140.47286,39.47223,0 140.47376,39.47136,0 140.47513,39.47005,0 140.4755,39.4697,0 140.47563,39.46958,0 140.47576,39.46946,0 140.47668,39.46858,0</coordinates></LineString>
                        </Placemark>
                        <Placemark>
                            <name>奥羽線</name>
                            <styleUrl>#style_purple</styleUrl>
                            <LineString><tessellate>1</tessellate><coordinates>140.10931,39.73989,0 140.11001,39.73952,0 140.11038,39.7393,0 140.11083,39.73899,0 140.11175,39.73839,0 140.11185,39.73832,0 140.11253,39.73779,0 140.11302,39.73746,0 140.11356,39.7371,0 140.1147,39.73645,0 140.11482,39.73638,0 140.11599,39.73564,0 140.11667,39.73525,0 140.11707,39.73504,0 140.11779,39.73467,0 140.11838,39.73442,0 140.11942,39.73398,0 140.12014,39.73367,0 140.12037,39.73357,0 140.12158,39.73303,0 140.12228,39.73274,0</coordinates></LineString>
                        </Placemark>
                        <Placemark>
                            <name>奥羽線</name>
                            <styleUrl>#style_purple</styleUrl>
                            <LineString><tessellate>1</tessellate><coordinates>140.27357,39.66318,0 140.27471,39.66397,0</coordinates></LineString>
                        </Placemark>
                        <Placemark>
                            <name>奥羽線</name>
                            <styleUrl>#style_purple</styleUrl>
                            <LineString><tessellate>1</tessellate><coordinates>140.10931,39.73989,0 140.11089,39.73915,0 140.1125,39.7384,0 140.11264,39.73834,0 140.11354,39.73792,0 140.1145,39.73743,0 140.11605,39.73662,0 140.11663,39.73626,0 140.11973,39.73432,0 140.12074,39.73371,0 140.12158,39.73325,0 140.12228,39.73274,0</coordinates></LineString>
                        </Placemark>
                        <Placemark>
                            <name>奥羽線</name>
                            <styleUrl>#style_purple</styleUrl>
                            <LineString><tessellate>1</tessellate><coordinates>140.32386,39.5664,0 140.32345,39.56654,0 140.32307,39.56668,0 140.32283,39.56678,0 140.32259,39.56693,0 140.32241,39.56709,0</coordinates></LineString>
                        </Placemark>
                        <Placemark>
                            <name>奥羽線</name>
                            <styleUrl>#style_purple</styleUrl>
                            <LineString><tessellate>1</tessellate><coordinates>140.21968,39.65094,0 140.22026,39.65098,0 140.22233,39.65111,0 140.22482,39.65124,0 140.22594,39.65131,0 140.22669,39.65139,0 140.2274,39.65151,0 140.22985,39.65216,0 140.23014,39.65223,0 140.23117,39.6525,0 140.23139,39.65255,0 140.23171,39.65263,0 140.23269,39.65288,0 140.23393,39.6532,0 140.23571,39.65366,0 140.23718,39.65406,0 140.23824,39.65433,0 140.23843,39.65437,0 140.23878,39.65446,0 140.23999,39.65476,0 140.24106,39.655,0 140.24257,39.65528,0 140.2434,39.65537,0 140.24407,39.65538,0 140.24472,39.65526,0 140.24553,39.65495,0 140.24603,39.65474,0 140.24644,39.65457,0 140.24657,39.6545,0 140.24719,39.65418,0 140.24785,39.65388,0 140.25023,39.65283,0 140.25109,39.65255,0 140.2515,39.65245,0 140.25201,39.65242,0 140.25339,39.65243,0 140.25379,39.65244,0 140.25423,39.65251,0 140.25461,39.65262,0 140.25554,39.65291,0 140.25636,39.65318,0 140.25989,39.65451,0 140.26027,39.65468,0 140.26184,39.65536,0 140.26253,39.6557,0 140.26289,39.65592,0 140.26511,39.65735,0 140.26521,39.65742,0 140.26729,39.65885,0 140.26947,39.66032,0 140.27357,39.66318,0</coordinates></LineString>
                        </Placemark>
                        <Placemark>
                            <name>奥羽線</name>
                            <styleUrl>#style_purple</styleUrl>
                            <LineString><tessellate>1</tessellate><coordinates>140.37259,39.54767,0 140.37387,39.54685,0 140.37497,39.54616,0 140.37628,39.54532,0 140.37755,39.54452,0 140.37876,39.54373,0 140.37888,39.54364,0 140.37935,39.54325,0 140.37973,39.54294,0 140.38009,39.54266,0 140.38051,39.54229,0 140.38093,39.5419,0 140.38146,39.54139,0 140.38179,39.54104,0 140.38219,39.54054,0 140.38282,39.53967,0 140.38349,39.53874,0 140.38465,39.53699,0 140.3855,39.53579,0 140.3856,39.53562,0 140.38665,39.53404,0 140.38755,39.53265,0 140.38768,39.53244,0 140.38857,39.53102,0 140.38869,39.53083,0 140.38886,39.53056,0 140.38984,39.52899,0 140.39024,39.52835,0 140.39136,39.52658,0 140.39262,39.52453,0 140.39388,39.52253,0 140.39412,39.52215,0 140.39506,39.52064,0 140.39632,39.51861,0 140.39714,39.5173,0 140.39805,39.51589,0 140.39867,39.51487,0 140.39891,39.51449,0 140.39992,39.51294,0 140.40041,39.51227,0 140.4007,39.51193,0 140.40106,39.51158,0 140.40171,39.51101,0 140.40268,39.51035,0 140.40381,39.50963,0 140.40432,39.50929,0 140.40465,39.50908,0 140.405,39.50886,0 140.4053,39.50867,0 140.40627,39.50805,0 140.40726,39.50741,0 140.40839,39.50668,0 140.40931,39.50609,0 140.41062,39.50523,0 140.41259,39.50396,0 140.41336,39.50347,0 140.41436,39.50282,0 140.4145,39.50273,0 140.41525,39.50224,0 140.41622,39.5016,0 140.41797,39.50046,0 140.419,39.49978,0 140.41933,39.49957,0 140.41984,39.49926,0 140.42106,39.49847,0 140.42197,39.49789,0 140.42292,39.49728,0 140.42399,39.49659,0 140.42496,39.49597,0</coordinates></LineString>
                        </Placemark>
                        <Placemark>
                            <name>奥羽線</name>
                            <styleUrl>#style_purple</styleUrl>
                            <LineString><tessellate>1</tessellate><coordinates>140.21783,39.65081,0 140.21679,39.65072,0 140.21615,39.65067,0 140.21385,39.65051,0 140.21214,39.6504,0 140.21029,39.65027,0 140.207,39.65002,0 140.20575,39.64993,0 140.20259,39.64971,0 140.2012,39.64962,0 140.19937,39.64949,0 140.19716,39.64936,0 140.19536,39.6492,0 140.19471,39.64913,0 140.19439,39.64906,0 140.19309,39.64872,0 140.19179,39.64834,0 140.19013,39.64791,0 140.18893,39.64773,0 140.18874,39.6477,0 140.18808,39.64761,0 140.18758,39.64761,0 140.18707,39.64768,0 140.18679,39.64772,0 140.18622,39.64779,0 140.18575,39.64782,0 140.18515,39.64781,0 140.18482,39.64779,0 140.18471,39.64778,0 140.18415,39.6477,0 140.18356,39.64757,0 140.18286,39.64735,0 140.18216,39.64712,0 140.18126,39.64682,0 140.1803,39.64648,0 140.17988,39.64633,0 140.17938,39.64624,0 140.17899,39.64621,0 140.1787,39.6462,0 140.17836,39.6462,0 140.17761,39.64627,0 140.17719,39.64635,0 140.17608,39.64666,0 140.17344,39.64744,0 140.17318,39.64751,0 140.17285,39.64761,0 140.16672,39.64946,0 140.16605,39.64966,0 140.16497,39.64999,0 140.16414,39.65023,0 140.16386,39.6503,0 140.16284,39.65065,0 140.16254,39.65075,0 140.16068,39.65152,0 140.15814,39.65257,0 140.15611,39.65341,0 140.15454,39.65405,0 140.1542,39.65419,0 140.15391,39.6543,0 140.15223,39.65499,0 140.15094,39.65552,0 140.14799,39.65672,0 140.14712,39.65713,0 140.14644,39.65756,0 140.14595,39.65798,0 140.14543,39.65871,0 140.14515,39.65943,0 140.14507,39.65992,0 140.14498,39.66088,0</coordinates></LineString>
                        </Placemark>
                        <Placemark>
                            <name>奥羽線</name>
                            <styleUrl>#style_purple</styleUrl>
                            <LineString><tessellate>1</tessellate><coordinates>140.27471,39.66397,0 140.27528,39.66435,0 140.27568,39.66462,0 140.27637,39.66508,0 140.2775,39.66572,0 140.27804,39.6659,0 140.27903,39.66614,0 140.27949,39.66615,0 140.28088,39.666,0 140.282,39.66581,0 140.28227,39.66579,0 140.28358,39.66582,0 140.28414,39.66593,0 140.28529,39.66636,0 140.28602,39.66655,0 140.28616,39.66658,0 140.2871,39.66675,0 140.28754,39.66678,0 140.28972,39.66661,0 140.2918,39.66642,0 140.29423,39.66617,0 140.29513,39.666,0 140.29629,39.66563,0 140.29685,39.66539,0 140.29701,39.66532,0 140.29891,39.66426,0 140.29971,39.66342,0 140.29999,39.66308,0 140.30028,39.66236,0 140.30061,39.66084,0 140.30087,39.66013,0 140.301,39.65992,0 140.30189,39.65895,0 140.30259,39.65808,0 140.30261,39.65806,0 140.30405,39.65616,0 140.3051,39.65481,0 140.30598,39.65385,0 140.3074,39.65262,0 140.30853,39.65173,0 140.30931,39.6514,0 140.30964,39.65133,0 140.30995,39.65126,0 140.31037,39.65107,0 140.31062,39.65092,0 140.31089,39.65075,0 140.31129,39.65049,0 140.31167,39.65014,0 140.31207,39.6497,0 140.31228,39.64934,0 140.31245,39.64896,0 140.31265,39.64839,0 140.3127,39.64822,0 140.3127,39.64777,0 140.31269,39.64769,0 140.31247,39.64592,0 140.31209,39.64371,0 140.31189,39.64288,0 140.3113,39.64061,0 140.31084,39.63881,0 140.31068,39.63822,0 140.31017,39.63616,0 140.30971,39.6344,0 140.30962,39.6336,0 140.30962,39.63337,0 140.3097,39.63292,0 140.30993,39.63221,0 140.31028,39.63138,0 140.31048,39.63113,0 140.31127,39.63023,0 140.3116,39.62991,0 140.31236,39.62917,0 140.31275,39.62883,0 140.31292,39.62866,0 140.31332,39.62826,0 140.31405,39.62742,0 140.3141,39.62736,0 140.31468,39.62665,0 140.31498,39.62626,0 140.31601,39.62491,0 140.31732,39.62318,0 140.31894,39.62122,0 140.32005,39.61984,0</coordinates></LineString>
                        </Placemark>
                        <Placemark>
                            <name>奥羽線</name>
                            <styleUrl>#style_purple</styleUrl>
                            <LineString><tessellate>1</tessellate><coordinates>140.07449,39.75731,0 140.07241,39.7605,0</coordinates></LineString>
                        </Placemark>
                        <Placemark>
                            <name>奥羽線</name>
                            <styleUrl>#style_purple</styleUrl>
                            <LineString><tessellate>1</tessellate><coordinates>140.14481,39.66298,0 140.14479,39.66312,0 140.14473,39.66409,0 140.14467,39.66492,0 140.14461,39.66569,0 140.14454,39.66653,0 140.14453,39.66683,0 140.14451,39.66713,0 140.14435,39.66945,0 140.14431,39.67021,0 140.14419,39.67177,0 140.14406,39.67337,0 140.14398,39.67446,0 140.14386,39.67616,0 140.14373,39.67753,0 140.14367,39.67796,0 140.14362,39.67825,0 140.1435,39.67879,0 140.14315,39.6797,0 140.14269,39.6807,0 140.14244,39.68124,0 140.14067,39.68493,0 140.13903,39.68839,0 140.13841,39.68963,0 140.13821,39.69004,0 140.13744,39.69164,0 140.13703,39.69252,0 140.13683,39.69296,0 140.13645,39.6938,0 140.13574,39.69526,0 140.13487,39.69705,0 140.13399,39.69893,0 140.13315,39.70067,0 140.13281,39.70137,0 140.13245,39.70216,0 140.13186,39.70339,0 140.13144,39.70424,0 140.13099,39.70525,0 140.13076,39.7057,0 140.1304,39.70644,0 140.13026,39.70671,0 140.13015,39.70692,0 140.12991,39.70746,0 140.12967,39.70808,0 140.12955,39.70874,0 140.12949,39.70932,0 140.12952,39.70981,0 140.12973,39.71132,0 140.12977,39.71206,0 140.12978,39.71223,0 140.12974,39.71441,0 140.12974,39.71485,0 140.12974,39.71629,0</coordinates></LineString>
                        </Placemark>
                        <Placemark>
                            <name>奥羽線</name>
                            <styleUrl>#style_purple</styleUrl>
                            <LineString><tessellate>1</tessellate><coordinates>140.12228,39.73274,0 140.12296,39.73248,0 140.1238,39.73209,0 140.12445,39.73175,0 140.12506,39.73131,0 140.12556,39.73085,0 140.12601,39.73028,0 140.12644,39.72955,0 140.12675,39.72896,0 140.12744,39.72746,0 140.12813,39.72594,0 140.12899,39.72419,0 140.12937,39.72336,0 140.12953,39.723,0 140.12966,39.72226,0 140.12975,39.72129,0</coordinates></LineString>
                        </Placemark>
                        <Placemark>
                            <name>奥羽線</name>
                            <styleUrl>#style_purple</styleUrl>
                            <LineString><tessellate>1</tessellate><coordinates>140.32107,39.61855,0 140.32203,39.61731,0 140.32336,39.61555,0 140.324,39.6144,0 140.32507,39.61241,0 140.32553,39.61157,0 140.32637,39.61006,0 140.32713,39.60872,0 140.32724,39.60843,0 140.32737,39.60778,0 140.32732,39.60679,0 140.32714,39.60596,0 140.32676,39.60408,0 140.32634,39.60294,0 140.32617,39.60253,0 140.32613,39.60242,0 140.3259,39.6019,0 140.32539,39.60072,0 140.32491,39.59957,0 140.32466,39.59898,0 140.32436,39.59819,0 140.32423,39.59771,0 140.32418,39.59729,0 140.32424,39.59687,0 140.32441,39.59641,0 140.3246,39.59608,0 140.32489,39.59571,0 140.32546,39.59517,0 140.32592,39.59468,0 140.32596,39.59464,0 140.32718,39.59325,0 140.32739,39.59299,0 140.32767,39.5926,0 140.32787,39.59212,0 140.32793,39.5918,0 140.32793,39.59095,0 140.32786,39.59026,0 140.32776,39.58977,0 140.3275,39.58909,0 140.32721,39.58868,0 140.32685,39.58825,0 140.3263,39.58767,0 140.32587,39.58731,0 140.32534,39.58692,0 140.32411,39.58614,0 140.32362,39.58587,0 140.32249,39.58514,0 140.32227,39.58497,0 140.32201,39.58474,0 140.32168,39.58438,0 140.32133,39.58395,0 140.32117,39.58372,0 140.32089,39.58327,0 140.32074,39.58295,0 140.32062,39.58254,0 140.32055,39.58215,0 140.32052,39.58196,0 140.32048,39.58049,0 140.32049,39.58022,0 140.32055,39.58003,0 140.32066,39.5798,0 140.32086,39.57945,0 140.32101,39.57924,0 140.32127,39.57898,0 140.32194,39.57844,0 140.32236,39.5781,0 140.32261,39.57785,0 140.3228,39.57762,0 140.32304,39.57724,0 140.32324,39.5769,0 140.32337,39.57656,0 140.32345,39.57619,0 140.32348,39.57591,0 140.32348,39.57549,0 140.32346,39.57517,0 140.32339,39.57489,0 140.32332,39.57472,0 140.32307,39.57416,0 140.32264,39.57336,0 140.32199,39.57216,0 140.32139,39.57109,0 140.32124,39.57079,0 140.32113,39.57052,0 140.32106,39.57024,0 140.32104,39.57,0 140.32106,39.56948,0 140.32112,39.56906,0 140.32134,39.56849,0 140.32157,39.56808,0 140.32175,39.56781,0 140.32218,39.5673,0 140.32241,39.56709,0</coordinates></LineString>
                        </Placemark>
                        <Placemark>
                            <name>奥羽線</name>
                            <styleUrl>#style_purple</styleUrl>
                            <LineString><tessellate>1</tessellate><coordinates>140.21968,39.65094,0 140.21783,39.65081,0</coordinates></LineString>
                        </Placemark>
                        <Placemark>
                            <name>奥羽線</name>
                            <styleUrl>#style_purple</styleUrl>
                            <LineString><tessellate>1</tessellate><coordinates>140.07449,39.75731,0 140.07497,39.75661,0 140.07536,39.75602,0 140.07586,39.75531,0 140.07607,39.75507,0 140.07626,39.75489,0 140.07652,39.75465,0 140.07679,39.75444,0 140.07703,39.75429,0 140.07737,39.75409,0 140.07782,39.75389,0 140.07849,39.75358,0 140.07917,39.75325,0 140.08013,39.75278,0 140.0817,39.75204,0 140.08227,39.75177,0 140.08512,39.75043,0 140.08722,39.74942,0 140.09079,39.74768,0 140.09106,39.74755,0 140.09127,39.74744,0 140.09445,39.74587,0 140.09489,39.74566,0 140.09644,39.74512,0 140.09697,39.74493,0 140.09944,39.74398,0 140.10123,39.74329,0 140.10342,39.74244,0 140.10606,39.74137,0 140.10813,39.74046,0 140.10931,39.73989,0</coordinates></LineString>
                        </Placemark>
                        <Placemark>
                            <name>奥羽線</name>
                            <styleUrl>#style_purple</styleUrl>
                            <LineString><tessellate>1</tessellate><coordinates>140.12974,39.71629,0 140.12976,39.71881,0</coordinates></LineString>
                        </Placemark>
                        <Placemark>
                            <name>奥羽線</name>
                            <styleUrl>#style_purple</styleUrl>
                            <LineString><tessellate>1</tessellate><coordinates>140.07241,39.7605,0 140.07162,39.7617,0 140.07135,39.76211,0 140.07094,39.76285,0 140.07088,39.76296,0 140.07075,39.7633,0 140.07066,39.76356,0 140.07062,39.7637,0 140.0706,39.7639,0 140.07055,39.76493,0 140.07045,39.76816,0 140.07042,39.77007,0 140.07041,39.77012,0 140.07037,39.77243,0 140.07033,39.77327,0 140.0703,39.77364,0 140.07019,39.77426,0 140.07002,39.77488,0 140.06988,39.77532,0 140.06913,39.77745,0 140.06861,39.7789,0</coordinates></LineString>
                        </Placemark>
                        <Placemark>
                            <name>奥羽線</name>
                            <styleUrl>#style_purple</styleUrl>
                            <LineString><tessellate>1</tessellate><coordinates>140.14498,39.66088,0 140.14481,39.66298,0</coordinates></LineString>
                        </Placemark>
                        <Placemark>
                            <name>奥羽線</name>
                            <styleUrl>#style_purple</styleUrl>
                            <LineString><tessellate>1</tessellate><coordinates>140.37116,39.54858,0 140.37087,39.54876,0 140.37032,39.54911,0 140.36927,39.54976,0 140.36726,39.55099,0 140.36594,39.55183,0 140.36474,39.55257,0 140.36293,39.55374,0 140.36282,39.55381,0 140.36262,39.55394,0 140.36186,39.55441,0 140.36084,39.55507,0 140.36046,39.55531,0 140.35984,39.55569,0 140.35861,39.5565,0 140.35696,39.55758,0 140.35597,39.55825,0 140.35564,39.55844,0 140.35528,39.55857,0 140.35209,39.55949,0 140.35147,39.55967,0 140.34959,39.56022,0 140.34644,39.56113,0 140.34284,39.56215,0 140.34101,39.56266,0 140.33996,39.56295,0 140.33762,39.56361,0 140.33429,39.56454,0 140.33198,39.56518,0 140.33119,39.56537,0 140.3305,39.56549,0 140.33017,39.56553,0 140.32892,39.5657,0 140.32612,39.56604,0 140.32485,39.5662,0 140.32454,39.56626,0 140.32386,39.5664,0</coordinates></LineString>
                        </Placemark>
                        <Placemark>
                            <name>奥羽線</name>
                            <styleUrl>#style_purple</styleUrl>
                            <LineString><tessellate>1</tessellate><coordinates>140.37259,39.54767,0 140.37193,39.5481,0 140.37157,39.54834,0 140.37116,39.54858,0</coordinates></LineString>
                        </Placemark>
                        <Placemark>
                            <name>奥羽線</name>
                            <styleUrl>#style_purple</styleUrl>
                            <LineString><tessellate>1</tessellate><coordinates>140.12947,39.71836,0 140.12947,39.71972,0 140.12951,39.72035,0 140.12975,39.72129,0</coordinates></LineString>
                        </Placemark>
                        <Placemark>
                            <name>奥羽線</name>
                            <styleUrl>#style_purple</styleUrl>
                            <LineString><tessellate>1</tessellate><coordinates>140.06861,39.7789,0 140.06829,39.77977,0</coordinates></LineString>
                        </Placemark>
                        <Placemark>
                            <name>奥羽線</name>
                            <styleUrl>#style_purple</styleUrl>
                            <LineString><tessellate>1</tessellate><coordinates>140.32005,39.61984,0 140.32107,39.61855,0</coordinates></LineString>
                        </Placemark>
                        <Placemark>
                            <name>奥羽線</name>
                            <styleUrl>#style_purple</styleUrl>
                            <LineString><tessellate>1</tessellate><coordinates>140.12947,39.71836,0 140.12952,39.71624,0</coordinates></LineString>
                        </Placemark>
                        <Placemark>
                            <name>奥羽線</name>
                            <styleUrl>#style_purple</styleUrl>
                            <LineString><tessellate>1</tessellate><coordinates>140.12976,39.71881,0 140.12975,39.72129,0</coordinates></LineString>
                        </Placemark>
                        <Placemark>
                            <name>奥羽線</name>
                            <styleUrl>#style_purple</styleUrl>
                            <LineString><tessellate>1</tessellate><coordinates>140.3059,38.76386,0 140.30631,38.76117,0</coordinates></LineString>
                        </Placemark>
                        <Placemark>
                            <name>奥羽線</name>
                            <styleUrl>#style_purple</styleUrl>
                            <LineString><tessellate>1</tessellate><coordinates>140.3059,38.76386,0 140.30559,38.76602,0 140.30494,38.77067,0</coordinates></LineString>
                        </Placemark>
                        <Placemark>
                            <name>奥羽線</name>
                            <styleUrl>#style_purple</styleUrl>
                            <LineString><tessellate>1</tessellate><coordinates>140.31619,38.72132,0 140.3162,38.72142,0 140.31624,38.7219,0</coordinates></LineString>
                        </Placemark>
                        <Placemark>
                            <name>奥羽線</name>
                            <styleUrl>#style_purple</styleUrl>
                            <LineString><tessellate>1</tessellate><coordinates>140.31473,38.71609,0 140.31507,38.7168,0 140.31536,38.71771,0 140.31555,38.71845,0 140.31583,38.71988,0 140.31619,38.72132,0</coordinates></LineString>
                        </Placemark>
                        <Placemark>
                            <name>奥羽線</name>
                            <styleUrl>#style_purple</styleUrl>
                            <LineString><tessellate>1</tessellate><coordinates>140.3864,38.47787,0 140.38618,38.48227,0 140.38606,38.48347,0 140.38568,38.48686,0 140.38539,38.48952,0 140.38534,38.48991,0 140.38473,38.49543,0 140.38469,38.49579,0 140.38437,38.49856,0 140.38437,38.49911,0 140.38443,38.49974,0 140.38456,38.50083,0 140.38481,38.50227,0 140.38491,38.50279,0 140.38495,38.50293,0 140.38536,38.5051,0 140.3856,38.50629,0 140.38584,38.50751,0 140.38632,38.50989,0 140.38646,38.51064,0 140.38656,38.51118,0 140.3868,38.51238,0 140.38704,38.51362,0 140.38726,38.5148,0 140.38745,38.51601,0 140.38758,38.51708,0 140.38768,38.51822,0 140.38773,38.51929,0 140.38771,38.51958,0 140.38767,38.52019,0 140.38757,38.52141,0 140.38751,38.5226,0 140.38745,38.52391,0 140.38739,38.52519,0 140.38735,38.52655,0 140.38738,38.52683,0 140.38743,38.52711,0 140.38764,38.52776,0 140.3877,38.52795,0 140.38793,38.52853,0 140.38809,38.52889,0 140.38847,38.52971,0 140.38962,38.53219,0 140.39075,38.53458,0 140.39133,38.53575,0 140.39167,38.53662,0 140.39186,38.53749,0 140.39188,38.53774,0 140.39194,38.53829,0 140.39152,38.54529,0 140.3914,38.54758,0</coordinates></LineString>
                        </Placemark>
                        <Placemark>
                            <name>奥羽線</name>
                            <styleUrl>#style_purple</styleUrl>
                            <LineString><tessellate>1</tessellate><coordinates>140.3864,38.47787,0 140.38644,38.47633,0</coordinates></LineString>
                        </Placemark>
                        <Placemark>
                            <name>奥羽線</name>
                            <styleUrl>#style_purple</styleUrl>
                            <LineString><tessellate>1</tessellate><coordinates>140.34176,38.28921,0 140.34181,38.28898,0 140.34195,38.28828,0</coordinates></LineString>
                        </Placemark>
                        <Placemark>
                            <name>奥羽線</name>
                            <styleUrl>#style_purple</styleUrl>
                            <LineString><tessellate>1</tessellate><coordinates>140.34449,38.30194,0 140.34351,38.29805,0 140.34336,38.29747,0 140.34291,38.29569,0 140.3424,38.29371,0 140.34207,38.29238,0 140.34203,38.2922,0 140.34176,38.29113,0 140.3417,38.29058,0 140.34171,38.29008,0 140.34176,38.28921,0</coordinates></LineString>
                        </Placemark>
                        <Placemark>
                            <name>奥羽線</name>
                            <styleUrl>#style_purple</styleUrl>
                            <LineString><tessellate>1</tessellate><coordinates>140.36144,38.65472,0 140.36068,38.65621,0</coordinates></LineString>
                        </Placemark>
                        <Placemark>
                            <name>奥羽線</name>
                            <styleUrl>#style_purple</styleUrl>
                            <LineString><tessellate>1</tessellate><coordinates>140.34794,38.31545,0 140.34762,38.31411,0 140.34744,38.31343,0</coordinates></LineString>
                        </Placemark>
                        <Placemark>
                            <name>奥羽線</name>
                            <styleUrl>#style_purple</styleUrl>
                            <LineString><tessellate>1</tessellate><coordinates>140.34744,38.31343,0 140.34677,38.31092,0 140.34644,38.30953,0 140.34575,38.30689,0 140.34549,38.30586,0 140.34489,38.30349,0 140.34481,38.3032,0</coordinates></LineString>
                        </Placemark>
                        <Placemark>
                            <name>奥羽線</name>
                            <styleUrl>#style_purple</styleUrl>
                            <LineString><tessellate>1</tessellate><coordinates>140.3599,38.66682,0 140.35999,38.66669,0 140.36007,38.66658,0 140.36012,38.66649,0 140.36017,38.66642,0 140.36025,38.66628,0 140.36031,38.66619,0 140.36043,38.66598,0 140.36055,38.66578,0 140.36064,38.66558,0 140.36073,38.66537,0 140.36082,38.66516,0 140.36089,38.66494,0 140.36091,38.66483,0 140.36093,38.66472,0 140.36095,38.66453,0 140.36097,38.66433,0 140.36098,38.66413,0 140.36098,38.66392,0 140.36097,38.6637,0 140.36097,38.66355,0 140.36098,38.66345,0 140.36099,38.66331,0</coordinates></LineString>
                        </Placemark>
                        <Placemark>
                            <name>奥羽線</name>
                            <styleUrl>#style_purple</styleUrl>
                            <LineString><tessellate>1</tessellate><coordinates>140.30689,38.21802,0 140.30731,38.2185,0 140.30767,38.21887,0 140.30802,38.21914,0 140.30834,38.21933,0 140.30873,38.21951,0 140.30899,38.21962,0 140.30913,38.21967,0 140.30957,38.21982,0 140.31063,38.22016,0 140.31069,38.22018,0 140.31149,38.22067,0 140.31166,38.22079,0 140.31191,38.22099,0</coordinates></LineString>
                        </Placemark>
                        <Placemark>
                            <name>奥羽線</name>
                            <styleUrl>#style_purple</styleUrl>
                            <LineString><tessellate>1</tessellate><coordinates>140.34233,38.28647,0 140.34255,38.28527,0 140.34286,38.28347,0 140.34295,38.28298,0 140.34331,38.28109,0 140.34335,38.28073,0 140.34334,38.28066,0 140.34332,38.28025,0 140.34324,38.27981,0 140.34308,38.27934,0 140.34291,38.27903,0 140.34257,38.27848,0 140.34198,38.27781,0 140.34169,38.27756,0 140.34142,38.27735,0 140.34134,38.27729,0 140.33893,38.27535,0 140.33696,38.27377,0 140.33665,38.27352,0 140.33452,38.27176,0 140.33428,38.27151,0 140.33402,38.27123,0 140.33381,38.27095,0 140.33361,38.27064,0 140.33332,38.2702,0 140.33311,38.26979,0 140.33288,38.26934,0 140.3327,38.26878,0 140.33262,38.26822,0 140.3326,38.26767,0 140.33261,38.26739,0 140.33265,38.26674,0</coordinates></LineString>
                        </Placemark>
                        <Placemark>
                            <name>奥羽線</name>
                            <styleUrl>#style_purple</styleUrl>
                            <LineString><tessellate>1</tessellate><coordinates>140.37118,38.62999,0 140.37115,38.63018,0 140.37107,38.63054,0 140.37095,38.63109,0 140.3709,38.63134,0 140.37085,38.63161,0 140.37081,38.63179,0 140.37075,38.63215,0 140.37064,38.63265,0 140.3706,38.63283,0 140.37053,38.63307,0 140.3704,38.63335,0 140.3702,38.63384,0 140.36999,38.63434,0 140.36979,38.63484,0 140.36958,38.63533,0 140.36937,38.63583,0 140.36917,38.63632,0 140.36898,38.6368,0 140.36897,38.63682,0 140.36877,38.63732,0 140.36852,38.6379,0 140.36835,38.63831,0 140.36806,38.63902,0 140.36776,38.63972,0 140.36748,38.64043,0 140.36719,38.64113,0 140.36689,38.64184,0 140.36678,38.64212,0 140.36659,38.64256,0 140.36634,38.64318,0 140.36608,38.64381,0 140.36581,38.64443,0 140.36555,38.64507,0 140.3654,38.6454,0 140.36527,38.64575,0 140.36507,38.64621,0 140.36502,38.64634,0 140.36478,38.64694,0 140.36453,38.64755,0 140.36428,38.64815,0 140.36404,38.64879,0 140.36381,38.64944,0 140.36359,38.65005,0 140.36337,38.65067,0 140.36331,38.65084,0 140.36316,38.65121,0 140.36304,38.65147,0 140.36282,38.65189,0 140.36265,38.65226,0 140.36242,38.65271,0 140.36225,38.65308,0 140.36199,38.6536,0 140.3618,38.65399,0 140.36168,38.65424,0 140.36151,38.65457,0 140.36144,38.65472,0</coordinates></LineString>
                        </Placemark>
                        <Placemark>
                            <name>奥羽線</name>
                            <styleUrl>#style_purple</styleUrl>
                            <LineString><tessellate>1</tessellate><coordinates>140.3914,38.54758,0 140.39131,38.54896,0</coordinates></LineString>
                        </Placemark>
                        <Placemark>
                            <name>奥羽線</name>
                            <styleUrl>#style_purple</styleUrl>
                            <LineString><tessellate>1</tessellate><coordinates>140.36585132,38.34255684,0 140.36617,38.34401,0 140.36622,38.34447,0 140.36665,38.34663,0 140.36704,38.3485,0 140.36853,38.35569,0 140.36887,38.3574,0 140.36896,38.35779,0 140.36913,38.35856,0 140.36931,38.35946,0</coordinates></LineString>
                        </Placemark>
                        <Placemark>
                            <name>奥羽線</name>
                            <styleUrl>#style_purple</styleUrl>
                            <LineString><tessellate>1</tessellate><coordinates>140.30689,38.21802,0 140.30704,38.21846,0 140.30725,38.21884,0 140.30758,38.21917,0 140.30792,38.21943,0 140.30826,38.21965,0 140.3086,38.21978,0 140.30882,38.21987,0 140.30942,38.22005,0 140.31054,38.2204,0 140.31095,38.22052,0 140.31128,38.22067,0 140.31191,38.22099,0</coordinates></LineString>
                        </Placemark>
                        <Placemark>
                            <name>奥羽線</name>
                            <styleUrl>#style_purple</styleUrl>
                            <LineString><tessellate>1</tessellate><coordinates>140.3593,38.33125,0 140.35836,38.33017,0</coordinates></LineString>
                        </Placemark>
                        <Placemark>
                            <name>奥羽線</name>
                            <styleUrl>#style_purple</styleUrl>
                            <LineString><tessellate>1</tessellate><coordinates>140.31624,38.7219,0 140.3163,38.72244,0 140.31627,38.72289,0 140.31622,38.72383,0 140.31596,38.7253,0 140.31581,38.72569,0 140.31539,38.72639,0 140.31515,38.72668,0 140.31473,38.72704,0 140.31388,38.72764,0 140.31281,38.72829,0 140.31199,38.72882,0 140.31095,38.72955,0 140.3104,38.72993,0 140.30966,38.73046,0 140.3085,38.73149,0 140.30738,38.73277,0 140.30676,38.73404,0 140.30668,38.7344,0 140.30667,38.73494,0 140.30673,38.73549,0 140.30706,38.7379,0 140.30709,38.73811,0 140.30712,38.73832,0 140.30749,38.74075,0 140.30764,38.74172,0 140.30794,38.74401,0 140.30816,38.7457,0 140.30823,38.74665,0 140.30814,38.74723,0 140.30779,38.74971,0 140.30776,38.74988,0 140.30774,38.75006,0 140.30753,38.75148,0 140.30733,38.7529,0 140.30681,38.75712,0 140.30678,38.7574,0 140.30667,38.75829,0 140.30662,38.7587,0 140.30657,38.75909,0 140.30631,38.76117,0</coordinates></LineString>
                        </Placemark>
                        <Placemark>
                            <name>奥羽線</name>
                            <styleUrl>#style_purple</styleUrl>
                            <LineString><tessellate>1</tessellate><coordinates>140.38398,38.45015,0 140.38375,38.44862,0 140.38352,38.44708,0 140.38348,38.4468,0 140.38332,38.44577,0 140.38326,38.44531,0 140.38321,38.44499,0 140.38318,38.44474,0 140.38242,38.43969,0 140.38193,38.43648,0 140.38132,38.43236,0 140.381,38.43028,0 140.38087,38.4294,0</coordinates></LineString>
                        </Placemark>
                        <Placemark>
                            <name>奥羽線</name>
                            <styleUrl>#style_purple</styleUrl>
                            <LineString><tessellate>1</tessellate><coordinates>140.37133,38.62923,0 140.37118,38.62999,0</coordinates></LineString>
                        </Placemark>
                        <Placemark>
                            <name>奥羽線</name>
                            <styleUrl>#style_purple</styleUrl>
                            <LineString><tessellate>1</tessellate><coordinates>140.38065,38.42782,0 140.38043,38.42626,0 140.38007,38.42366,0 140.37972,38.42118,0 140.37962,38.42059,0 140.37952,38.41961,0 140.37929,38.41788,0 140.3788,38.4143,0 140.37875,38.41397,0 140.37861,38.4131,0</coordinates></LineString>
                        </Placemark>
                        <Placemark>
                            <name>奥羽線</name>
                            <styleUrl>#style_purple</styleUrl>
                            <LineString><tessellate>1</tessellate><coordinates>140.37861,38.4131,0 140.37837,38.41152,0</coordinates></LineString>
                        </Placemark>
                        <Placemark>
                            <name>奥羽線</name>
                            <styleUrl>#style_purple</styleUrl>
                            <LineString><tessellate>1</tessellate><coordinates>140.3842,38.45174,0 140.38398,38.45015,0</coordinates></LineString>
                        </Placemark>
                        <Placemark>
                            <name>奥羽線</name>
                            <styleUrl>#style_purple</styleUrl>
                            <LineString><tessellate>1</tessellate><coordinates>140.3599,38.66682,0 140.36007,38.6667,0 140.36017,38.6666,0 140.36026,38.66651,0 140.36037,38.6664,0 140.36047,38.66629,0 140.36054,38.6662,0 140.36061,38.6661,0 140.36069,38.66597,0 140.36081,38.66576,0 140.36088,38.66562,0 140.36094,38.66547,0 140.361,38.66531,0 140.36111,38.66494,0 140.36113,38.66483,0 140.36116,38.66467,0 140.36117,38.6645,0 140.36118,38.66434,0 140.36116,38.66414,0 140.36114,38.66389,0 140.36112,38.66374,0 140.36109,38.6636,0 140.36106,38.66349,0 140.36101,38.66337,0 140.36099,38.66331,0</coordinates></LineString>
                        </Placemark>
                        <Placemark>
                            <name>奥羽線</name>
                            <styleUrl>#style_purple</styleUrl>
                            <LineString><tessellate>1</tessellate><coordinates>140.32677,38.24716,0 140.32639,38.24647,0 140.32589,38.24554,0 140.32578,38.24533,0 140.32537,38.24457,0 140.32518,38.24421,0 140.32357,38.24123,0 140.32217,38.23865,0 140.32073,38.23601,0 140.32071,38.23596,0 140.32055,38.23566,0 140.32034,38.23529,0 140.3192,38.23319,0 140.31803,38.23106,0 140.31787,38.23076,0 140.31773,38.23052,0 140.31689,38.22897,0 140.31666,38.22855,0 140.31565,38.22671,0 140.31484,38.22523,0 140.31393,38.22358,0 140.31359,38.22292,0 140.31316,38.22215,0 140.31279,38.22168,0 140.31191,38.22099,0</coordinates></LineString>
                        </Placemark>
                        <Placemark>
                            <name>奥羽線</name>
                            <styleUrl>#style_purple</styleUrl>
                            <LineString><tessellate>1</tessellate><coordinates>140.36931,38.35946,0 140.36942,38.36001,0 140.36956,38.3607,0</coordinates></LineString>
                        </Placemark>
                        <Placemark>
                            <name>奥羽線</name>
                            <styleUrl>#style_purple</styleUrl>
                            <LineString><tessellate>1</tessellate><coordinates>140.32789,38.24922,0 140.32772,38.2489,0 140.32751,38.24852,0 140.32677,38.24716,0</coordinates></LineString>
                        </Placemark>
                        <Placemark>
                            <name>奥羽線</name>
                            <styleUrl>#style_purple</styleUrl>
                            <LineString><tessellate>1</tessellate><coordinates>140.35836,38.33017,0 140.35756,38.32926,0 140.35581,38.32725,0 140.35486,38.32616,0 140.35206,38.32295,0 140.3516,38.32242,0 140.351,38.32172,0 140.35039,38.32101,0 140.34956,38.32003,0 140.34914,38.31933,0 140.34891,38.31889,0 140.3487,38.31838,0 140.34849,38.31768,0 140.34823,38.31663,0 140.34794,38.31545,0</coordinates></LineString>
                        </Placemark>
                        <Placemark>
                            <name>奥羽線</name>
                            <styleUrl>#style_purple</styleUrl>
                            <LineString><tessellate>1</tessellate><coordinates>140.37837,38.41152,0 140.37827,38.41083,0 140.37808,38.40961,0 140.37781,38.40767,0 140.37719,38.40324,0 140.37686,38.4009,0 140.37636,38.39762,0 140.37623,38.39677,0 140.3761,38.39592,0 140.37604,38.3955,0 140.37586,38.39424,0 140.37568,38.39298,0 140.37525,38.38998,0 140.3751,38.38897,0 140.37505,38.38867,0 140.37486,38.38741,0 140.37482,38.38716,0</coordinates></LineString>
                        </Placemark>
                        <Placemark>
                            <name>奥羽線</name>
                            <styleUrl>#style_purple</styleUrl>
                            <LineString><tessellate>1</tessellate><coordinates>140.31598,38.69211,0 140.3159,38.69243,0 140.3159,38.69286,0 140.31592,38.69298,0 140.31596,38.69335,0 140.31597,38.69386,0 140.31601,38.69498,0 140.31605,38.6961,0 140.31613,38.69752,0 140.31623,38.69922,0 140.31629,38.69985,0 140.31625,38.70035,0 140.31617,38.70075,0 140.31603,38.70119,0 140.31589,38.70156,0 140.31479,38.70359,0 140.31399,38.70504,0 140.31387,38.70537,0 140.31374,38.70591,0 140.31374,38.70614,0 140.3138,38.70865,0 140.31382,38.71383,0 140.31386,38.71424,0 140.31392,38.71459,0 140.31405,38.71505,0 140.31408,38.71514,0 140.31416,38.71535,0 140.31429,38.71556,0 140.31473,38.71609,0</coordinates></LineString>
                        </Placemark>
                        <Placemark>
                            <name>奥羽線</name>
                            <styleUrl>#style_purple</styleUrl>
                            <LineString><tessellate>1</tessellate><coordinates>140.33265,38.26674,0 140.33274,38.26513,0</coordinates></LineString>
                        </Placemark>
                        <Placemark>
                            <name>奥羽線</name>
                            <styleUrl>#style_purple</styleUrl>
                            <LineString><tessellate>1</tessellate><coordinates>140.375,38.59635,0 140.37295,38.5993,0 140.3726,38.60001,0 140.37246,38.60066,0 140.37239,38.6015,0 140.37253,38.60355,0 140.37256,38.60394,0 140.37261,38.60471,0 140.37274,38.60632,0 140.37295,38.60901,0 140.3732,38.61224,0 140.37349,38.61572,0 140.37338,38.617,0 140.37324,38.618,0 140.37228,38.62478,0 140.37185,38.62694,0 140.37174,38.62742,0 140.3716,38.62813,0 140.37155,38.62835,0 140.3714,38.62887,0 140.37133,38.62923,0</coordinates></LineString>
                        </Placemark>
                        <Placemark>
                            <name>奥羽線</name>
                            <styleUrl>#style_purple</styleUrl>
                            <LineString><tessellate>1</tessellate><coordinates>140.33274,38.26513,0 140.33278,38.26415,0</coordinates></LineString>
                        </Placemark>
                        <Placemark>
                            <name>奥羽線</name>
                            <styleUrl>#style_purple</styleUrl>
                            <LineString><tessellate>1</tessellate><coordinates>140.33278,38.26415,0 140.3328,38.26375,0 140.33285,38.26219,0 140.33287,38.26158,0 140.33287,38.26147,0 140.33289,38.26021,0 140.33291,38.25904,0 140.33291,38.25899,0 140.3329,38.25872,0 140.33288,38.25863,0 140.33281,38.2582,0 140.3328,38.25814,0 140.33277,38.25801,0 140.33274,38.2579,0 140.33245,38.2572,0 140.33244,38.25718,0 140.33142,38.2553,0 140.33123,38.25505,0 140.33033,38.25365,0 140.33011,38.25329,0 140.32992,38.25296,0 140.32956,38.2523,0 140.32902,38.2513,0 140.32883,38.25097,0 140.32789,38.24922,0</coordinates></LineString>
                        </Placemark>
                        <Placemark>
                            <name>奥羽線</name>
                            <styleUrl>#style_purple</styleUrl>
                            <LineString><tessellate>1</tessellate><coordinates>140.30351,38.20644,0 140.3032,38.20533,0</coordinates></LineString>
                        </Placemark>
                        <Placemark>
                            <name>奥羽線</name>
                            <styleUrl>#style_purple</styleUrl>
                            <LineString><tessellate>1</tessellate><coordinates>140.34481,38.3032,0 140.34449,38.30194,0</coordinates></LineString>
                        </Placemark>
                        <Placemark>
                            <name>奥羽線</name>
                            <styleUrl>#style_purple</styleUrl>
                            <LineString><tessellate>1</tessellate><coordinates>140.37482,38.38716,0 140.37471,38.38646,0</coordinates></LineString>
                        </Placemark>
                        <Placemark>
                            <name>奥羽線</name>
                            <styleUrl>#style_purple</styleUrl>
                            <LineString><tessellate>1</tessellate><coordinates>140.38087,38.4294,0 140.38065,38.42782,0</coordinates></LineString>
                        </Placemark>
                        <Placemark>
                            <name>奥羽線</name>
                            <styleUrl>#style_purple</styleUrl>
                            <LineString><tessellate>1</tessellate><coordinates>140.31623,38.69133,0 140.3165,38.69084,0 140.31709,38.68984,0 140.31733,38.68953,0 140.31747,38.68938,0 140.31761,38.68924,0 140.31976,38.68695,0 140.32158,38.68513,0 140.32184,38.68484,0 140.32211,38.68455,0 140.32242,38.68423,0 140.32291,38.68391,0 140.32355,38.68359,0 140.3242,38.68339,0 140.32491,38.68324,0 140.32555,38.68316,0 140.3274,38.68295,0 140.32826,38.68285,0 140.3308,38.68254,0 140.33182,38.68238,0 140.33257,38.68221,0 140.33315,38.68207,0 140.33597,38.68113,0 140.33609,38.68109,0 140.33878,38.6802,0 140.33997,38.67981,0 140.34115,38.67941,0 140.34161,38.67926,0 140.34207,38.6791,0 140.34223,38.67905,0 140.3424,38.679,0 140.34254,38.67895,0 140.34268,38.67891,0 140.3434,38.67867,0 140.34411,38.67843,0 140.34769,38.67729,0 140.35126,38.67615,0 140.35138,38.67611,0 140.35151,38.67607,0 140.35165,38.67602,0 140.35179,38.67598,0 140.35207,38.67589,0 140.35235,38.6758,0 140.35281,38.67565,0 140.35327,38.67551,0 140.35436,38.67511,0 140.3549,38.67488,0 140.35532,38.67465,0 140.35558,38.67447,0 140.35588,38.67422,0 140.35614,38.67393,0 140.35641,38.67354,0 140.35664,38.67318,0 140.3568,38.67283,0 140.3569,38.6725,0 140.35697,38.67207,0 140.35697,38.67056,0 140.35698,38.67026,0 140.35705,38.66996,0 140.35719,38.66958,0 140.35729,38.66937,0 140.35739,38.66915,0 140.35755,38.66889,0 140.35783,38.66852,0 140.35801,38.6683,0 140.35822,38.66806,0 140.35843,38.66789,0 140.35867,38.6677,0 140.35892,38.6675,0 140.35915,38.66734,0 140.3595,38.66713,0 140.35972,38.66696,0 140.35982,38.66688,0 140.3599,38.66682,0</coordinates></LineString>
                        </Placemark>
                        <Placemark>
                            <name>奥羽線</name>
                            <styleUrl>#style_purple</styleUrl>
                            <LineString><tessellate>1</tessellate><coordinates>140.36068,38.65621,0 140.36056,38.65649,0 140.36045,38.65673,0 140.36034,38.65697,0 140.36023,38.6572,0 140.36012,38.65743,0 140.36002,38.65764,0 140.35993,38.65785,0 140.35985,38.65803,0 140.35979,38.65826,0 140.35975,38.65849,0 140.35974,38.65874,0 140.35974,38.6589,0 140.35975,38.65918,0 140.3598,38.65943,0 140.35985,38.65964,0 140.35991,38.65988,0 140.35999,38.66013,0 140.36006,38.66036,0 140.36014,38.6606,0 140.36021,38.66083,0 140.36028,38.66105,0 140.36035,38.66127,0 140.36042,38.66149,0 140.36049,38.66171,0 140.36056,38.66193,0 140.36062,38.66213,0 140.36069,38.66233,0 140.36077,38.6626,0 140.36083,38.66276,0 140.36086,38.66287,0 140.36089,38.66297,0 140.36091,38.66307,0 140.36097,38.66326,0 140.36099,38.66331,0</coordinates></LineString>
                        </Placemark>
                        <Placemark>
                            <name>奥羽線</name>
                            <styleUrl>#style_purple</styleUrl>
                            <LineString><tessellate>1</tessellate><coordinates>140.38644,38.47633,0 140.38652,38.47414,0 140.38665,38.47098,0 140.38671,38.46995,0 140.38674,38.46937,0 140.38674,38.46921,0 140.38667,38.46832,0 140.38574,38.46209,0 140.38568,38.46166,0 140.38519,38.45841,0 140.38513,38.45796,0 140.3842,38.45174,0</coordinates></LineString>
                        </Placemark>
                        <Placemark>
                            <name>奥羽線</name>
                            <styleUrl>#style_purple</styleUrl>
                            <LineString><tessellate>1</tessellate><coordinates>140.31623,38.69133,0 140.31611,38.6917,0 140.31598,38.69211,0</coordinates></LineString>
                        </Placemark>
                        <Placemark>
                            <name>奥羽線</name>
                            <styleUrl>#style_purple</styleUrl>
                            <LineString><tessellate>1</tessellate><coordinates>140.37577,38.59529,0 140.375,38.59635,0</coordinates></LineString>
                        </Placemark>
                        <Placemark>
                            <name>奥羽線</name>
                            <styleUrl>#style_purple</styleUrl>
                            <LineString><tessellate>1</tessellate><coordinates>140.30351,38.20644,0 140.30467,38.21044,0 140.30549,38.21326,0 140.30639,38.21632,0 140.30689,38.21802,0</coordinates></LineString>
                        </Placemark>
                        <Placemark>
                            <name>奥羽線</name>
                            <styleUrl>#style_purple</styleUrl>
                            <LineString><tessellate>1</tessellate><coordinates>140.39131,38.54896,0 140.39121,38.55079,0 140.39093,38.55634,0 140.39092,38.55654,0 140.39087,38.55763,0 140.39079,38.55914,0 140.39066,38.56151,0 140.3906,38.56296,0 140.39053,38.56407,0 140.39047,38.56526,0 140.39041,38.56656,0 140.39033,38.56778,0 140.39028,38.56897,0 140.39031,38.56934,0 140.39039,38.56972,0 140.39044,38.57015,0 140.39045,38.57026,0 140.39045,38.57067,0 140.39045,38.57078,0 140.39037,38.57107,0 140.3902,38.57174,0 140.39007,38.57222,0 140.3899,38.57277,0 140.38963,38.57349,0 140.38935,38.57405,0 140.38896,38.5749,0 140.38855,38.57593,0 140.38829,38.57698,0 140.38818,38.57776,0 140.38806,38.57822,0 140.38779,38.57879,0 140.3877,38.57893,0 140.38748,38.5793,0 140.38709,38.57976,0 140.38687,38.58005,0 140.38496,38.58249,0 140.38326,38.58486,0 140.38228,38.58625,0 140.38171,38.58706,0 140.38142,38.58748,0 140.38138,38.58752,0 140.37963,38.59,0 140.37704,38.59352,0 140.37577,38.59529,0</coordinates></LineString>
                        </Placemark>
                        <Placemark>
                            <name>奥羽線</name>
                            <styleUrl>#style_purple</styleUrl>
                            <LineString><tessellate>1</tessellate><coordinates>140.34195,38.28828,0 140.34233,38.28647,0</coordinates></LineString>
                        </Placemark>
                        <Placemark>
                            <name>奥羽線</name>
                            <styleUrl>#style_purple</styleUrl>
                            <LineString><tessellate>1</tessellate><coordinates>140.36956,38.3607,0 140.36988,38.36234,0 140.36997,38.3628,0 140.37,38.36293,0 140.37004,38.36313,0 140.37161,38.37059,0 140.37181,38.37154,0 140.37186,38.37179,0 140.37263,38.37533,0 140.37351,38.37936,0 140.37366,38.38007,0 140.37377,38.38056,0 140.37385,38.38091,0 140.37389,38.38114,0 140.37393,38.38144,0 140.37471,38.38646,0</coordinates></LineString>
                        </Placemark>
                        <Placemark>
                            <name>奥羽線</name>
                            <styleUrl>#style_purple</styleUrl>
                            <LineString><tessellate>1</tessellate><coordinates>140.45972,37.75341,0 140.45953,37.75521,0</coordinates></LineString>
                        </Placemark>
                        <Placemark>
                            <name>奥羽線</name>
                            <styleUrl>#style_purple</styleUrl>
                            <LineString><tessellate>1</tessellate><coordinates>140.45953,37.75521,0 140.45939,37.75687,0 140.45923,37.75881,0 140.45918,37.75918,0 140.45916,37.75925,0 140.45913,37.75937,0 140.45903,37.75962,0 140.45887,37.75986,0 140.4585,37.76042,0 140.4582,37.76073,0 140.45791,37.761,0 140.45769,37.76116,0 140.45733,37.76139,0 140.45684,37.76164,0 140.45652,37.76177,0 140.45622,37.76187,0 140.45573,37.762,0 140.45516,37.76209,0 140.45512,37.7621,0 140.45421,37.76224,0 140.45395,37.76228,0 140.45368,37.76231,0 140.45232,37.7625,0 140.45119,37.76265,0 140.45078,37.76268,0 140.44915,37.76274,0 140.44853,37.76277,0 140.4479,37.7628,0</coordinates></LineString>
                        </Placemark>
                        <Placemark>
                            <name>奥羽線</name>
                            <styleUrl>#style_purple</styleUrl>
                            <LineString><tessellate>1</tessellate><coordinates>140.45857,37.75232,0 140.45859,37.75301,0 140.45865,37.7558,0</coordinates></LineString>
                        </Placemark>
                        <Placemark>
                            <name>奥羽線</name>
                            <styleUrl>#style_purple</styleUrl>
                            <LineString><tessellate>1</tessellate><coordinates>140.45855,37.75938,0 140.45854,37.75893,0 140.45855,37.75873,0 140.45857,37.75806,0 140.45857,37.75802,0 140.45864,37.75608,0 140.45865,37.7558,0</coordinates></LineString>
                        </Placemark>
                        <Placemark>
                            <name>奥羽線</name>
                            <styleUrl>#style_purple</styleUrl>
                            <LineString><tessellate>1</tessellate><coordinates>140.15277,37.99145,0 140.15285,37.99322,0</coordinates></LineString>
                        </Placemark>
                        <Placemark>
                            <name>奥羽線</name>
                            <styleUrl>#style_purple</styleUrl>
                            <LineString><tessellate>1</tessellate><coordinates>140.3409,37.80544,0 140.34227,37.8048,0 140.34378,37.80408,0 140.34497,37.80352,0 140.34657,37.80276,0 140.34686,37.80263,0 140.34716,37.80248,0 140.34761,37.80234,0 140.34815,37.8022,0 140.34886,37.80207,0 140.34968,37.80195,0 140.35023,37.80191,0 140.35077,37.80191,0 140.35197,37.80203,0 140.35303,37.80211,0 140.35515,37.80222,0 140.3556,37.80221,0 140.35579,37.80218,0 140.356,37.80213,0 140.35626,37.80205,0</coordinates></LineString>
                        </Placemark>
                        <Placemark>
                            <name>奥羽線</name>
                            <styleUrl>#style_purple</styleUrl>
                            <LineString><tessellate>1</tessellate><coordinates>140.17145,37.85265,0 140.17265,37.8521,0 140.17321,37.85169,0 140.17349,37.85141,0 140.17361,37.85128,0 140.1741,37.85074,0 140.1757,37.84893,0</coordinates></LineString>
                        </Placemark>
                        <Placemark>
                            <name>奥羽線</name>
                            <styleUrl>#style_purple</styleUrl>
                            <LineString><tessellate>1</tessellate><coordinates>140.14697,37.86419,0 140.15142,37.8616,0 140.15382,37.85983,0 140.15539,37.85839,0 140.15543,37.85835,0</coordinates></LineString>
                        </Placemark>
                        <Placemark>
                            <name>奥羽線</name>
                            <styleUrl>#style_purple</styleUrl>
                            <LineString><tessellate>1</tessellate><coordinates>140.12985,37.90464,0 140.12887,37.90759,0</coordinates></LineString>
                        </Placemark>
                        <Placemark>
                            <name>奥羽線</name>
                            <styleUrl>#style_purple</styleUrl>
                            <LineString><tessellate>1</tessellate><coordinates>140.14557,37.865,0 140.14348,37.86628,0 140.14276,37.86691,0 140.14225,37.86757,0 140.14197,37.86812,0 140.14141,37.86983,0 140.13884,37.87764,0 140.13854,37.87854,0 140.13564,37.88724,0 140.13275,37.89594,0 140.12985,37.90464,0</coordinates></LineString>
                        </Placemark>
                        <Placemark>
                            <name>奥羽線</name>
                            <styleUrl>#style_purple</styleUrl>
                            <LineString><tessellate>1</tessellate><coordinates>140.38838,37.77177,0 140.38816,37.77181,0 140.38751,37.77191,0 140.38737,37.77193,0 140.38682,37.77203,0 140.38537,37.7723,0 140.38441,37.77249,0 140.38428,37.77252,0 140.38415,37.77255,0 140.38408,37.77256,0 140.38366,37.77266,0 140.383,37.77281,0 140.38274,37.77287,0 140.3826,37.77291,0 140.38215,37.77302,0 140.38181,37.77313,0 140.38153,37.77324,0 140.38134,37.77333,0 140.38115,37.77344,0 140.38061,37.77379,0 140.38029,37.77402,0 140.37972,37.77443,0 140.37971,37.77444,0 140.37963,37.7745,0 140.37953,37.77457,0 140.37881,37.7751,0 140.37865,37.77522,0 140.37861,37.77524,0 140.37851,37.77533,0 140.37806,37.77568,0 140.37777,37.77587,0 140.37737,37.77617,0 140.37731,37.77621,0 140.37657,37.77679,0 140.37653,37.77684,0 140.37622,37.77709,0 140.37587,37.77742,0 140.37551,37.77783,0 140.37546,37.7779,0 140.37543,37.77792,0 140.37499,37.77852,0 140.37492,37.77863,0 140.37485,37.77873,0 140.37461,37.77913,0 140.37448,37.77935,0 140.37434,37.77965,0 140.37429,37.77981,0 140.37421,37.78013,0 140.3742,37.78034,0 140.37421,37.78071,0 140.37424,37.78094,0 140.37435,37.78131,0 140.37446,37.78154,0 140.37457,37.7817,0 140.3747,37.78189,0 140.37486,37.78208,0 140.37509,37.78229,0 140.37535,37.78249,0 140.37578,37.78275,0 140.37612,37.78294,0 140.37765,37.78373,0 140.37897,37.7844,0 140.37914,37.7845,0 140.3795,37.78473,0 140.37994,37.78507,0 140.38032,37.78549,0 140.38045,37.78567,0 140.38073,37.78616,0 140.38083,37.78637,0 140.38098,37.78682,0 140.38102,37.78707,0 140.38101,37.78759,0 140.38097,37.78807,0 140.38093,37.7883,0</coordinates></LineString>
                        </Placemark>
                        <Placemark>
                            <name>奥羽線</name>
                            <styleUrl>#style_purple</styleUrl>
                            <LineString><tessellate>1</tessellate><coordinates>140.16254,38.05422,0 140.16289,38.05409,0 140.16318,38.05399,0 140.16359,38.05387,0 140.16375,38.05383,0 140.16436,38.05377,0 140.16474,38.05374,0 140.16519,38.05374,0 140.16586,38.05376,0 140.16628,38.05382,0 140.16669,38.05391,0 140.16708,38.05404,0 140.16746,38.0542,0 140.16781,38.05439,0 140.16813,38.05461,0 140.16843,38.05485,0 140.16868,38.05512,0 140.1699,38.05655,0 140.17002,38.05669,0 140.17015,38.05683,0 140.17041,38.05708,0 140.17063,38.0573,0</coordinates></LineString>
                        </Placemark>
                        <Placemark>
                            <name>奥羽線</name>
                            <styleUrl>#style_purple</styleUrl>
                            <LineString><tessellate>1</tessellate><coordinates>140.21907,38.1258,0 140.21916,38.12599,0 140.21948,38.12655,0</coordinates></LineString>
                        </Placemark>
                        <Placemark>
                            <name>奥羽線</name>
                            <styleUrl>#style_purple</styleUrl>
                            <LineString><tessellate>1</tessellate><coordinates>140.27894,38.15263,0 140.27796,38.15118,0</coordinates></LineString>
                        </Placemark>
                        <Placemark>
                            <name>奥羽線</name>
                            <styleUrl>#style_purple</styleUrl>
                            <LineString><tessellate>1</tessellate><coordinates>140.19994,37.83826,0 140.20041,37.83717,0 140.2007,37.8365,0</coordinates></LineString>
                        </Placemark>
                        <Placemark>
                            <name>奥羽線</name>
                            <styleUrl>#style_purple</styleUrl>
                            <LineString><tessellate>1</tessellate><coordinates>140.15285,37.99322,0 140.15288,37.99397,0 140.1529,37.99476,0 140.15307,37.99915,0 140.15327,38.00298,0 140.1535,38.00889,0 140.15352,38.00928,0 140.15357,38.01055,0 140.15365,38.01262,0 140.15369,38.01369,0 140.15371,38.01401,0 140.15371,38.01434,0 140.1537,38.01466,0 140.15368,38.01498,0 140.15364,38.01531,0 140.15359,38.01563,0 140.15352,38.01595,0 140.15344,38.01627,0 140.15335,38.01658,0 140.15309,38.01726,0 140.15205,38.01995,0 140.15195,38.02021,0 140.15176,38.02071,0 140.15103,38.02259,0 140.15007,38.02509,0 140.14976,38.02589,0 140.14829,38.02975,0 140.14649,38.03449,0 140.14648,38.0345,0 140.14639,38.03476,0 140.14632,38.03507,0 140.14628,38.03539,0 140.14627,38.03572,0 140.1463,38.03604,0 140.14633,38.03623,0 140.14637,38.03643,0 140.14644,38.03669,0 140.14726,38.04019,0 140.14782,38.04242,0 140.14828,38.04424,0 140.14837,38.04459,0 140.14839,38.04467,0 140.14856,38.04539,0 140.14885,38.04657,0</coordinates></LineString>
                        </Placemark>
                        <Placemark>
                            <name>奥羽線</name>
                            <styleUrl>#style_purple</styleUrl>
                            <LineString><tessellate>1</tessellate><coordinates>140.1277,37.91124,0 140.12704,37.91317,0 140.12694,37.91344,0 140.12485,37.91965,0 140.12461,37.92037,0 140.1245,37.92073,0 140.12446,37.92098,0 140.12446,37.92153,0 140.1246,37.92317,0 140.12465,37.92372,0 140.1247,37.92423,0 140.12499,37.92716,0 140.1251,37.92844,0 140.12522,37.92967,0 140.12529,37.93009,0 140.12542,37.93055,0 140.12552,37.93084,0 140.12566,37.93114,0 140.12579,37.93134,0 140.12598,37.93154,0 140.12655,37.93196,0 140.12743,37.93257,0 140.1288,37.93348,0 140.1305,37.93463,0 140.13073,37.93479,0 140.13207,37.9357,0 140.13234,37.93592,0 140.13251,37.93609,0 140.13276,37.93641,0 140.13306,37.93687,0 140.13312,37.93696,0 140.13331,37.93727,0 140.13472,37.93975,0 140.13575,37.9416,0 140.13721,37.9442,0 140.13754,37.94482,0 140.13768,37.94507,0 140.13911,37.94764,0 140.13959,37.94852,0 140.1399,37.94912,0 140.14074,37.95072,0 140.14091,37.95107,0 140.14133,37.95182,0 140.14214,37.95332,0</coordinates></LineString>
                        </Placemark>
                        <Placemark>
                            <name>奥羽線</name>
                            <styleUrl>#style_purple</styleUrl>
                            <LineString><tessellate>1</tessellate><coordinates>140.17145,37.85265,0 140.17289,37.85225,0 140.17343,37.85192,0 140.17364,37.85171,0 140.17384,37.85147,0 140.17405,37.85118,0 140.17455,37.85051,0 140.1757,37.84893,0</coordinates></LineString>
                        </Placemark>
                        <Placemark>
                            <name>奥羽線</name>
                            <styleUrl>#style_purple</styleUrl>
                            <LineString><tessellate>1</tessellate><coordinates>140.21948,38.12655,0 140.22005,38.12712,0 140.22019,38.12726,0 140.22039,38.12745,0 140.22064,38.12769,0 140.22118,38.12818,0 140.22183,38.12858,0 140.22221,38.12875,0 140.22271,38.12896,0 140.22329,38.1291,0 140.22382,38.12921,0 140.22417,38.12926,0 140.22624,38.1295,0 140.22981,38.12988,0 140.23197,38.13011,0</coordinates></LineString>
                        </Placemark>
                        <Placemark>
                            <name>奥羽線</name>
                            <styleUrl>#style_purple</styleUrl>
                            <LineString><tessellate>1</tessellate><coordinates>140.4479,37.7628,0 140.44774,37.76283,0 140.44611,37.76308,0 140.44599,37.7631,0 140.44597,37.76311,0 140.44484,37.76327,0 140.44439,37.76334,0 140.44428,37.76335,0 140.44396,37.76339,0 140.44336,37.76347,0 140.44325,37.76349,0 140.44278,37.76355,0 140.44219,37.76363,0 140.44167,37.76371,0 140.44027,37.7639,0 140.44012,37.76392,0 140.43967,37.76398,0 140.43876,37.76411,0 140.4387,37.76412,0 140.43827,37.76417,0 140.43807,37.7642,0 140.43745,37.76429,0 140.43736,37.76431,0 140.43696,37.76436,0 140.43651,37.76442,0 140.43578,37.76452,0 140.43522,37.7646,0 140.4349,37.76465,0 140.43425,37.76474,0 140.43319,37.76489,0 140.43294,37.76492,0 140.43221,37.76503,0 140.43207,37.76504,0 140.43186,37.76508,0 140.43096,37.7652,0 140.43079,37.76522,0 140.43,37.76534,0 140.42916,37.76545,0 140.42826,37.76558,0 140.4281,37.76561,0 140.42774,37.76566,0 140.42715,37.76574,0</coordinates></LineString>
                        </Placemark>
                        <Placemark>
                            <name>奥羽線</name>
                            <styleUrl>#style_purple</styleUrl>
                            <LineString><tessellate>1</tessellate><coordinates>140.45855,37.75938,0 140.45844,37.75975,0 140.45832,37.76004,0 140.45815,37.76031,0 140.45795,37.76057,0 140.45771,37.76079,0 140.45752,37.76095,0 140.45728,37.76114,0 140.45712,37.76123,0 140.45664,37.76143,0 140.45627,37.76153,0 140.45537,37.76168,0 140.45325,37.762,0 140.4479,37.7628,0</coordinates></LineString>
                        </Placemark>
                        <Placemark>
                            <name>奥羽線</name>
                            <styleUrl>#style_purple</styleUrl>
                            <LineString><tessellate>1</tessellate><coordinates>140.15543,37.85835,0 140.15599,37.85784,0 140.15663,37.85755,0 140.15683,37.85747,0 140.15786,37.8571,0 140.1593,37.85666,0 140.16001,37.85654,0 140.16093,37.85656,0 140.16177,37.85664,0 140.16217,37.85677,0 140.16401,37.85738,0</coordinates></LineString>
                        </Placemark>
                        <Placemark>
                            <name>奥羽線</name>
                            <styleUrl>#style_purple</styleUrl>
                            <LineString><tessellate>1</tessellate><coordinates>140.17752,38.06661,0 140.17972,38.06829,0 140.18198,38.07001,0 140.18226,38.07029,0 140.18243,38.0705,0 140.18287,38.07111,0 140.18307,38.07139,0 140.18352,38.07201,0</coordinates></LineString>
                        </Placemark>
                        <Placemark>
                            <name>奥羽線</name>
                            <styleUrl>#style_purple</styleUrl>
                            <LineString><tessellate>1</tessellate><coordinates>140.42715,37.76574,0 140.42507,37.76602,0</coordinates></LineString>
                        </Placemark>
                        <Placemark>
                            <name>奥羽線</name>
                            <styleUrl>#style_purple</styleUrl>
                            <LineString><tessellate>1</tessellate><coordinates>140.29805,38.17086,0 140.2978,38.17029,0 140.29761,38.16993,0 140.29738,38.16963,0 140.29722,38.16941,0 140.29705,38.1692,0 140.29686,38.169,0 140.29664,38.16881,0 140.29641,38.16862,0 140.29615,38.16844,0 140.29589,38.16827,0 140.29562,38.16812,0 140.29534,38.16797,0 140.29504,38.16784,0 140.29474,38.16771,0 140.29443,38.16761,0 140.29412,38.16751,0 140.29305,38.16719,0 140.29269,38.16707,0 140.29235,38.16692,0 140.29191,38.16669,0 140.29181,38.16664,0 140.29163,38.16653,0 140.29139,38.16639,0 140.29117,38.16623,0 140.29096,38.16605,0 140.29077,38.16587,0 140.2906,38.16568,0 140.2899,38.16475,0 140.28973,38.1645,0 140.28954,38.16426,0 140.28932,38.16404,0 140.28908,38.16383,0 140.28882,38.16364,0 140.28853,38.16347,0 140.28823,38.16332,0 140.28686,38.16271,0 140.28657,38.16258,0 140.28631,38.16245,0 140.28605,38.16229,0 140.28582,38.16212,0 140.2856,38.16193,0 140.28541,38.16173,0 140.28467,38.16076,0 140.28432,38.16026,0 140.28383,38.15957,0 140.28284,38.15815,0 140.28265,38.15789,0 140.28004,38.15418,0 140.27989,38.15398,0 140.27894,38.15263,0</coordinates></LineString>
                        </Placemark>
                        <Placemark>
                            <name>奥羽線</name>
                            <styleUrl>#style_purple</styleUrl>
                            <LineString><tessellate>1</tessellate><coordinates>140.16254,38.05422,0 140.16289,38.05403,0 140.16317,38.0539,0 140.1635,38.05377,0 140.16363,38.05372,0 140.16401,38.05364,0 140.16444,38.05358,0 140.16486,38.05355,0 140.16528,38.05355,0 140.16565,38.05356,0 140.1663,38.05362,0 140.16673,38.0537,0 140.16704,38.05379,0 140.16735,38.0539,0 140.16763,38.05403,0 140.16803,38.05423,0 140.16838,38.05446,0 140.1687,38.05471,0 140.16896,38.05494,0 140.16918,38.05522,0 140.16989,38.05632,0 140.17012,38.05664,0 140.1702,38.05674,0 140.17038,38.05698,0 140.17063,38.0573,0</coordinates></LineString>
                        </Placemark>
                        <Placemark>
                            <name>奥羽線</name>
                            <styleUrl>#style_purple</styleUrl>
                            <LineString><tessellate>1</tessellate><coordinates>140.14296,37.95479,0 140.1436,37.95615,0 140.14391,37.95692,0 140.14522,37.96021,0 140.14531,37.96043,0 140.14548,37.96083,0 140.14552,37.96094,0 140.14572,37.96136,0 140.14608,37.96203,0 140.14662,37.96297,0 140.14849,37.96625,0 140.14892,37.96698,0 140.14989,37.96863,0 140.15044,37.96956,0 140.15077,37.97013,0 140.1509,37.97035,0 140.15147,37.97134,0 140.15193,37.9722,0 140.15202,37.97241,0 140.15208,37.97265,0 140.15212,37.973,0 140.15218,37.97402,0 140.15219,37.97433,0 140.15228,37.97638,0 140.15229,37.97664,0 140.15229,37.97699,0 140.15232,37.97752,0 140.15237,37.97912,0 140.15244,37.9813,0 140.15258,37.985,0 140.1526,37.9854,0 140.15261,37.98566,0 140.15265,37.98739,0 140.15272,37.98971,0 140.15276,37.99068,0 140.15277,37.99145,0</coordinates></LineString>
                        </Placemark>
                        <Placemark>
                            <name>奥羽線</name>
                            <styleUrl>#style_purple</styleUrl>
                            <LineString><tessellate>1</tessellate><coordinates>140.36085,37.79838,0 140.36137,37.79824,0 140.3616,37.79818,0 140.36181,37.79813,0 140.3623,37.79806,0 140.36877,37.79693,0 140.3703,37.79658,0 140.37076,37.79644,0 140.37163,37.79615,0 140.37185,37.79608,0 140.37202,37.79599,0 140.37229,37.79583,0 140.37265,37.79559,0 140.373,37.79533,0 140.37359,37.79485,0 140.37367,37.79479,0 140.37389,37.79461,0 140.37448,37.79415,0 140.37538,37.79342,0 140.37556,37.79328,0 140.37569,37.79318,0 140.37661,37.79252,0 140.37728,37.79204,0 140.37778,37.79171,0 140.37822,37.79141,0 140.37868,37.79113,0 140.37907,37.79089,0 140.37935,37.7907,0 140.37961,37.7905,0 140.37984,37.7903,0 140.38004,37.79012,0 140.38014,37.78998,0 140.38018,37.7899,0 140.3802,37.78987,0 140.38039,37.78955,0 140.38068,37.78889,0 140.38093,37.7883,0</coordinates></LineString>
                        </Placemark>
                        <Placemark>
                            <name>奥羽線</name>
                            <styleUrl>#style_purple</styleUrl>
                            <LineString><tessellate>1</tessellate><coordinates>140.42507,37.76602,0 140.42464,37.76608,0 140.42408,37.76616,0 140.42395,37.76618,0 140.42391,37.76619,0 140.42325,37.76628,0 140.42254,37.76639,0 140.4224,37.76641,0 140.42217,37.76645,0 140.42146,37.76655,0 140.42026,37.76674,0 140.41957,37.76686,0 140.41905,37.76693,0 140.41839,37.76703,0 140.41786,37.76711,0 140.41758,37.76715,0 140.41738,37.76719,0 140.41714,37.76722,0 140.41689,37.76726,0 140.41637,37.76735,0 140.41582,37.76743,0 140.41579,37.76744,0 140.41572,37.76744,0 140.41435,37.76766,0 140.41352,37.76779,0 140.41303,37.76787,0 140.4127,37.76792,0 140.41183,37.76805,0 140.41143,37.76811,0 140.41109,37.76816,0 140.41102,37.76817,0 140.41072,37.76822,0 140.41053,37.76825,0 140.40916,37.76846,0 140.40877,37.76852,0 140.40874,37.76853,0 140.40772,37.76869,0 140.40759,37.76871,0 140.40664,37.76886,0 140.40547,37.76905,0 140.40484,37.76915,0 140.40398,37.76929,0 140.40327,37.7694,0 140.40259,37.76952,0 140.40226,37.76957,0 140.40215,37.76958,0 140.40193,37.76962,0 140.40163,37.76967,0 140.40152,37.76968,0 140.40115,37.76975,0 140.40056,37.76984,0 140.4,37.76993,0 140.39993,37.76994,0 140.39962,37.76998,0 140.39934,37.77003,0 140.39771,37.77029,0 140.39679,37.77043,0 140.39641,37.7705,0 140.39604,37.77055,0 140.39573,37.77061,0 140.39434,37.77083,0 140.39294,37.77105,0 140.39272,37.77109,0 140.39206,37.7712,0 140.39188,37.77123,0 140.39152,37.7713,0 140.39143,37.77131,0 140.39128,37.77133,0</coordinates></LineString>
                        </Placemark>
                        <Placemark>
                            <name>奥羽線</name>
                            <styleUrl>#style_purple</styleUrl>
                            <LineString><tessellate>1</tessellate><coordinates>140.3032,38.20533,0 140.30246,38.20279,0 140.30239,38.20254,0 140.30163,38.19998,0 140.3009,38.19752,0 140.30019,38.19508,0 140.2998,38.19378,0 140.29971,38.19347,0 140.29958,38.19287,0 140.29948,38.19221,0 140.2995,38.19168,0 140.29963,38.19093,0 140.29992,38.18989,0 140.30031,38.18853,0 140.30047,38.18779,0 140.30045,38.18723,0 140.30033,38.18656,0 140.30002,38.18517,0 140.29999,38.1849,0 140.29996,38.18463,0 140.29994,38.18427,0 140.29999,38.1839,0 140.30012,38.1834,0 140.30087,38.18157,0 140.30118,38.18078,0 140.30126,38.18057,0 140.30144,38.1801,0 140.30145,38.18008,0 140.3016,38.17951,0 140.30172,38.17887,0 140.30174,38.17843,0 140.30172,38.17788,0 140.30153,38.17672,0 140.30136,38.17558,0 140.30128,38.17526,0 140.30117,38.175,0 140.30096,38.1745,0 140.30078,38.17424,0 140.30047,38.17386,0 140.30001,38.17343,0 140.29952,38.17307,0 140.29906,38.17267,0 140.29879,38.17237,0 140.29849,38.17186,0</coordinates></LineString>
                        </Placemark>
                        <Placemark>
                            <name>奥羽線</name>
                            <styleUrl>#style_purple</styleUrl>
                            <LineString><tessellate>1</tessellate><coordinates>140.33544,37.80565,0 140.33663,37.80549,0 140.33681,37.80549,0 140.33797,37.80557,0 140.33942,37.80566,0 140.33985,37.80566,0 140.3401,37.80564,0 140.34033,37.8056,0 140.3409,37.80544,0</coordinates></LineString>
                        </Placemark>
                        <Placemark>
                            <name>奥羽線</name>
                            <styleUrl>#style_purple</styleUrl>
                            <LineString><tessellate>1</tessellate><coordinates>140.237,37.8111,0 140.23919,37.80949,0 140.24039,37.80875,0 140.24267,37.80721,0 140.24412,37.80632,0 140.24558,37.80558,0 140.24569,37.80553,0 140.24664,37.80506,0 140.24702,37.8049,0 140.24756,37.80468,0 140.24788,37.80458,0 140.24836,37.80455,0 140.2492,37.80453,0 140.25034,37.80451,0 140.25122,37.80454,0 140.252,37.80459,0 140.25618,37.80507,0 140.25795,37.8053,0 140.25845,37.80534,0 140.2588,37.8054,0 140.25914,37.8055,0 140.25952,37.80568,0</coordinates></LineString>
                        </Placemark>
                        <Placemark>
                            <name>奥羽線</name>
                            <styleUrl>#style_purple</styleUrl>
                            <LineString><tessellate>1</tessellate><coordinates>140.12887,37.90759,0 140.1277,37.91124,0</coordinates></LineString>
                        </Placemark>
                        <Placemark>
                            <name>奥羽線</name>
                            <styleUrl>#style_purple</styleUrl>
                            <LineString><tessellate>1</tessellate><coordinates>140.15543,37.85835,0 140.15622,37.85789,0 140.15689,37.85767,0 140.15794,37.85733,0 140.15872,37.85706,0 140.15934,37.85693,0 140.15991,37.85692,0 140.16082,37.85694,0 140.16179,37.85701,0 140.16212,37.85706,0 140.16401,37.85738,0</coordinates></LineString>
                        </Placemark>
                        <Placemark>
                            <name>奥羽線</name>
                            <styleUrl>#style_purple</styleUrl>
                            <LineString><tessellate>1</tessellate><coordinates>140.36085,37.79838,0 140.36195,37.79829,0 140.36316,37.79818,0 140.36593,37.79783,0 140.36651,37.79775,0 140.36703,37.79765,0 140.37017,37.79693,0 140.37163,37.79654,0 140.37203,37.79643,0 140.37222,37.79637,0 140.3724,37.79627,0 140.37254,37.79616,0 140.37272,37.79601,0 140.37314,37.79566,0 140.37401,37.79497,0 140.37415,37.79486,0 140.37424,37.79478,0 140.37465,37.79446,0 140.3749,37.79426,0 140.37609,37.79331,0 140.37643,37.79304,0 140.37647,37.79301,0 140.37689,37.79273,0 140.37778,37.79211,0 140.37849,37.79166,0 140.37896,37.79136,0 140.37938,37.79109,0 140.37958,37.79093,0 140.37965,37.79088,0 140.37991,37.79066,0 140.38016,37.79042,0 140.38031,37.79024,0 140.38051,37.78994,0 140.38063,37.78972,0 140.38076,37.78929,0 140.38084,37.78895,0 140.38085,37.78888,0 140.38093,37.7883,0</coordinates></LineString>
                        </Placemark>
                        <Placemark>
                            <name>奥羽線</name>
                            <styleUrl>#style_purple</styleUrl>
                            <LineString><tessellate>1</tessellate><coordinates>140.14917,38.04789,0 140.14885,38.04657,0</coordinates></LineString>
                        </Placemark>
                        <Placemark>
                            <name>奥羽線</name>
                            <styleUrl>#style_purple</styleUrl>
                            <LineString><tessellate>1</tessellate><coordinates>140.19994,37.83826,0 140.19961,37.8387,0 140.19914,37.83907,0 140.19805,37.83979,0 140.19596,37.84115,0 140.19458,37.84202,0 140.19409,37.8422,0 140.19354,37.84233,0 140.19318,37.84237,0 140.19273,37.84235,0 140.19087,37.84201,0 140.19057,37.84196,0 140.19023,37.84195,0 140.18991,37.84195,0 140.18962,37.842,0 140.18871,37.84223,0 140.18847,37.84232,0 140.18826,37.84243,0 140.1878,37.84275,0 140.18762,37.84294,0 140.18732,37.84325,0 140.18611,37.84455,0 140.18574,37.84489,0 140.18524,37.84523,0 140.18522,37.84524,0 140.18449,37.84558,0 140.18401,37.84572,0 140.18135,37.84613,0 140.18037,37.84626,0 140.18029,37.84628,0 140.17995,37.84632,0 140.1798,37.84634,0 140.17878,37.84654,0 140.17812,37.84673,0 140.17749,37.847,0 140.17706,37.84728,0 140.17673,37.84758,0 140.1757,37.84893,0</coordinates></LineString>
                        </Placemark>
                        <Placemark>
                            <name>奥羽線</name>
                            <styleUrl>#style_purple</styleUrl>
                            <LineString><tessellate>1</tessellate><coordinates>140.33544,37.80565,0 140.33454,37.80578,0</coordinates></LineString>
                        </Placemark>
                        <Placemark>
                            <name>奥羽線</name>
                            <styleUrl>#style_purple</styleUrl>
                            <LineString><tessellate>1</tessellate><coordinates>140.3409,37.80544,0 140.3424,37.80505,0 140.34412,37.80459,0 140.34459,37.80448,0 140.34715,37.80374,0 140.34964,37.80308,0 140.35083,37.80275,0 140.35116,37.80269,0 140.35143,37.80265,0 140.35185,37.80262,0 140.35363,37.80261,0 140.35465,37.80257,0 140.35481,37.80256,0 140.35526,37.80252,0 140.35554,37.80246,0 140.35573,37.80239,0 140.3559,37.8023,0 140.35626,37.80205,0</coordinates></LineString>
                        </Placemark>
                        <Placemark>
                            <name>奥羽線</name>
                            <styleUrl>#style_purple</styleUrl>
                            <LineString><tessellate>1</tessellate><coordinates>140.21907,38.1258,0 140.21838,38.12442,0</coordinates></LineString>
                        </Placemark>
                        <Placemark>
                            <name>奥羽線</name>
                            <styleUrl>#style_purple</styleUrl>
                            <LineString><tessellate>1</tessellate><coordinates>140.14214,37.95332,0 140.14296,37.95479,0</coordinates></LineString>
                        </Placemark>
                        <Placemark>
                            <name>奥羽線</name>
                            <styleUrl>#style_purple</styleUrl>
                            <LineString><tessellate>1</tessellate><coordinates>140.26902,37.81167,0 140.2673,37.81099,0</coordinates></LineString>
                        </Placemark>
                        <Placemark>
                            <name>奥羽線</name>
                            <styleUrl>#style_purple</styleUrl>
                            <LineString><tessellate>1</tessellate><coordinates>140.14917,38.04789,0 140.1497,38.05005,0 140.14975,38.05026,0 140.15021,38.05213,0</coordinates></LineString>
                        </Placemark>
                        <Placemark>
                            <name>奥羽線</name>
                            <styleUrl>#style_purple</styleUrl>
                            <LineString><tessellate>1</tessellate><coordinates>140.15021,38.05213,0 140.15035,38.0527,0 140.15085,38.0548,0 140.15098,38.05511,0 140.15115,38.05541,0 140.15134,38.0557,0 140.15156,38.05598,0 140.15181,38.05624,0 140.15209,38.05648,0 140.15239,38.0567,0 140.1525,38.05677,0 140.15271,38.05691,0 140.1529,38.057,0 140.15305,38.05708,0 140.1534,38.05723,0 140.15351,38.05727,0 140.15376,38.05735,0 140.15414,38.05745,0 140.15452,38.05753,0 140.15492,38.05757,0 140.15531,38.05759,0 140.15571,38.05759,0 140.1561,38.05755,0 140.15652,38.05749,0 140.15692,38.05738,0 140.15731,38.05724,0 140.15767,38.05707,0 140.15801,38.05686,0 140.15975,38.05586,0 140.16254,38.05422,0</coordinates></LineString>
                        </Placemark>
                        <Placemark>
                            <name>奥羽線</name>
                            <styleUrl>#style_purple</styleUrl>
                            <LineString><tessellate>1</tessellate><coordinates>140.14697,37.86419,0 140.14557,37.865,0</coordinates></LineString>
                        </Placemark>
                        <Placemark>
                            <name>奥羽線</name>
                            <styleUrl>#style_purple</styleUrl>
                            <LineString><tessellate>1</tessellate><coordinates>140.2007,37.8365,0 140.20074,37.83633,0 140.20076,37.83619,0 140.20078,37.83607,0 140.20082,37.83591,0 140.20092,37.83568,0 140.20115,37.83512,0 140.20142,37.83456,0 140.20156,37.8343,0 140.20169,37.8341,0 140.20181,37.83393,0 140.20208,37.83364,0 140.20224,37.83349,0 140.20255,37.83326,0 140.20275,37.83312,0 140.20305,37.83294,0 140.20345,37.83276,0 140.20387,37.83261,0 140.20444,37.83244,0 140.20542,37.83219,0 140.20598,37.83202,0 140.20624,37.83191,0 140.20647,37.83178,0 140.20693,37.83147,0 140.20747,37.83106,0 140.20762,37.83097,0 140.20835,37.8305,0 140.20897,37.83012,0 140.20945,37.82976,0 140.21048,37.8291,0 140.21101,37.82875,0 140.21116,37.82863,0 140.21224,37.82786,0 140.21405,37.82665,0 140.21413,37.82659,0 140.21421,37.8265,0 140.21484,37.82574,0 140.21513,37.82538,0 140.21524,37.82526,0 140.21549,37.825,0 140.2158,37.82476,0 140.21601,37.82463,0 140.21624,37.82452,0 140.2168,37.82431,0 140.21703,37.82425,0 140.21727,37.8242,0 140.21754,37.82417,0 140.21909,37.82414,0 140.21981,37.82415,0 140.22042,37.8241,0 140.22071,37.82406,0 140.22101,37.82398,0 140.22127,37.82389,0 140.22156,37.82377,0 140.2218,37.82366,0 140.222,37.82354,0 140.22221,37.82338,0 140.22248,37.82312,0 140.22293,37.82265,0 140.22336,37.82211,0 140.22357,37.82182,0 140.22382,37.82139,0 140.22392,37.82121,0 140.22399,37.82102,0 140.2242,37.82014,0 140.22434,37.81973,0 140.22447,37.81943,0 140.22465,37.81907,0 140.22479,37.81884,0 140.2249,37.81867,0 140.22505,37.81845,0 140.22527,37.81823,0 140.22558,37.81802,0 140.22618,37.81768,0 140.22671,37.8174,0 140.22766,37.81694,0 140.22802,37.81677,0 140.22836,37.81659,0 140.22865,37.8164,0 140.2289,37.81621,0 140.22908,37.81603,0 140.22929,37.81573,0 140.22977,37.81492,0 140.22989,37.81473,0 140.23008,37.81444,0 140.23025,37.81425,0 140.23046,37.81406,0 140.23065,37.81391,0 140.231,37.81366,0 140.23122,37.81352,0 140.23138,37.81345,0 140.23162,37.81336,0 140.23189,37.8133,0 140.23245,37.81325,0 140.23295,37.81321,0 140.23345,37.81314,0 140.23387,37.81308,0 140.23409,37.81303,0 140.23453,37.81289,0 140.23481,37.81279,0</coordinates></LineString>
                        </Placemark>
                        <Placemark>
                            <name>奥羽線</name>
                            <styleUrl>#style_purple</styleUrl>
                            <LineString><tessellate>1</tessellate><coordinates>140.23713,37.81123,0 140.23869,37.81007,0 140.2395,37.80951,0 140.24066,37.80878,0 140.24275,37.80736,0 140.24465,37.80627,0 140.24583,37.80566,0 140.24602,37.80556,0 140.24664,37.80526,0 140.24762,37.80487,0 140.24792,37.80477,0 140.24839,37.80473,0 140.24918,37.80472,0 140.25032,37.80471,0 140.25119,37.80476,0 140.25185,37.80482,0 140.25603,37.80529,0 140.25753,37.80545,0 140.25845,37.80554,0 140.25883,37.80557,0 140.25911,37.8056,0 140.25952,37.80568,0</coordinates></LineString>
                        </Placemark>
                        <Placemark>
                            <name>奥羽線</name>
                            <styleUrl>#style_purple</styleUrl>
                            <LineString><tessellate>1</tessellate><coordinates>140.20403,38.09355,0 140.20293,38.09314,0</coordinates></LineString>
                        </Placemark>
                        <Placemark>
                            <name>奥羽線</name>
                            <styleUrl>#style_purple</styleUrl>
                            <LineString><tessellate>1</tessellate><coordinates>140.33454,37.80578,0 140.33403,37.80585,0 140.33318,37.8059,0 140.3304,37.80591,0 140.33,37.80591,0 140.32955,37.80588,0 140.32931,37.80586,0 140.32892,37.80579,0 140.3285,37.80568,0 140.32817,37.80558,0 140.32758,37.80537,0 140.32671,37.805,0 140.32437,37.80407,0 140.32407,37.80398,0 140.32359,37.80386,0 140.32308,37.80374,0 140.32066,37.80327,0 140.32026,37.80321,0 140.32006,37.80318,0 140.3194,37.80311,0 140.31888,37.80308,0 140.3184,37.80308,0 140.31789,37.80309,0 140.31749,37.80313,0 140.31717,37.80318,0 140.31682,37.80328,0 140.31647,37.80341,0 140.31498,37.80415,0 140.31475,37.80425,0 140.31453,37.80433,0 140.31421,37.80438,0 140.31387,37.80445,0 140.31354,37.80448,0 140.31245,37.80455,0 140.31209,37.80454,0 140.31168,37.80451,0 140.31115,37.80451,0 140.31079,37.80452,0 140.31051,37.80455,0 140.31025,37.8046,0 140.31,37.80465,0 140.30962,37.80475,0 140.30895,37.805,0 140.30875,37.80507,0 140.30707,37.8058,0 140.30643,37.80607,0 140.3061,37.8062,0 140.30559,37.80636,0 140.30519,37.80644,0 140.30462,37.80654,0 140.30397,37.80662,0 140.30347,37.80668,0 140.30308,37.80676,0 140.30269,37.80688,0 140.30236,37.80701,0 140.30164,37.80733,0 140.30117,37.80757,0 140.30077,37.80783,0 140.30044,37.80807,0 140.30018,37.8083,0 140.29912,37.8093,0 140.29764,37.81069,0 140.29528,37.81301,0 140.29417,37.81413,0 140.2935,37.8148,0 140.29289,37.81543,0 140.29234,37.81592,0 140.29199,37.81619,0 140.29175,37.81635,0 140.29153,37.81645,0 140.29125,37.81653,0 140.29043,37.81667,0 140.29018,37.81671,0 140.28995,37.81674,0 140.28964,37.81676,0 140.28898,37.8168,0 140.28796,37.81685,0 140.28765,37.81689,0 140.28735,37.81698,0 140.28668,37.8172,0 140.28555,37.81762,0 140.28522,37.8177,0 140.2848,37.81775,0 140.28437,37.81775,0 140.28367,37.8177,0 140.28334,37.81766,0 140.28318,37.81762,0 140.28307,37.81758,0 140.28286,37.81752,0 140.28096,37.81691,0 140.27853,37.81616,0 140.27714,37.81573,0 140.27665,37.81557,0 140.27642,37.81548,0 140.27627,37.8154,0 140.27611,37.81529,0 140.2748,37.81424,0 140.27435,37.81384,0 140.27406,37.81364,0 140.27373,37.81343,0 140.27339,37.81324,0 140.27298,37.81303,0 140.27229,37.81275,0 140.27201,37.81267,0 140.2716,37.81258,0 140.27112,37.81244,0 140.27076,37.81231,0 140.26921,37.81173,0 140.26902,37.81167,0</coordinates></LineString>
                        </Placemark>
                        <Placemark>
                            <name>奥羽線</name>
                            <styleUrl>#style_purple</styleUrl>
                            <LineString><tessellate>1</tessellate><coordinates>140.23713,37.81123,0 140.23548,37.81242,0 140.23481,37.81279,0</coordinates></LineString>
                        </Placemark>
                        <Placemark>
                            <name>奥羽線</name>
                            <styleUrl>#style_purple</styleUrl>
                            <LineString><tessellate>1</tessellate><coordinates>140.23481,37.81279,0 140.23543,37.81237,0 140.23641,37.81166,0 140.237,37.8111,0</coordinates></LineString>
                        </Placemark>
                        <Placemark>
                            <name>奥羽線</name>
                            <styleUrl>#style_purple</styleUrl>
                            <LineString><tessellate>1</tessellate><coordinates>140.20293,38.09314,0 140.1988,38.0915,0 140.19845,38.09136,0 140.1972,38.09088,0 140.19597,38.09039,0 140.19488,38.08997,0 140.19393,38.08961,0 140.19342,38.08941,0 140.19315,38.08928,0 140.19292,38.08915,0 140.19254,38.08896,0 140.19204,38.08864,0 140.19186,38.0885,0 140.19171,38.08838,0 140.19159,38.08827,0 140.19146,38.08811,0 140.19112,38.0877,0 140.19058,38.08701,0 140.19028,38.08655,0 140.19021,38.08642,0 140.19019,38.0863,0 140.19014,38.08614,0 140.18828,38.08222,0 140.18715,38.07978,0 140.18531,38.07585,0 140.18465,38.07444,0 140.1844,38.07391,0 140.18352,38.07201,0</coordinates></LineString>
                        </Placemark>
                        <Placemark>
                            <name>奥羽線</name>
                            <styleUrl>#style_purple</styleUrl>
                            <LineString><tessellate>1</tessellate><coordinates>140.39128,37.77133,0 140.38838,37.77177,0</coordinates></LineString>
                        </Placemark>
                        <Placemark>
                            <name>奥羽線</name>
                            <styleUrl>#style_purple</styleUrl>
                            <LineString><tessellate>1</tessellate><coordinates>140.16401,37.85738,0 140.16493,37.8574,0 140.16609,37.8572,0 140.16693,37.8568,0 140.16811,37.85604,0 140.16863,37.85557,0 140.17016,37.8533,0 140.17074,37.85291,0 140.17145,37.85265,0</coordinates></LineString>
                        </Placemark>
                        <Placemark>
                            <name>奥羽線</name>
                            <styleUrl>#style_purple</styleUrl>
                            <LineString><tessellate>1</tessellate><coordinates>140.21948,38.12655,0 140.21966,38.12699,0 140.22028,38.12805,0 140.22049,38.12827,0 140.22075,38.12852,0 140.22122,38.12892,0 140.2217,38.1292,0 140.22205,38.12936,0 140.22236,38.12947,0 140.22269,38.12957,0 140.22304,38.12962,0 140.22491,38.12981,0 140.22705,38.13009,0 140.22846,38.13029,0 140.22905,38.13033,0 140.22945,38.13034,0 140.23197,38.13011,0</coordinates></LineString>
                        </Placemark>
                        <Placemark>
                            <name>奥羽線</name>
                            <styleUrl>#style_purple</styleUrl>
                            <LineString><tessellate>1</tessellate><coordinates>140.17063,38.0573,0 140.17085,38.05749,0 140.17118,38.05768,0 140.17209,38.05827,0 140.17377,38.05947,0 140.17447,38.05997,0 140.175,38.06048,0 140.17518,38.06069,0 140.17538,38.06101,0 140.17553,38.0613,0 140.17565,38.06159,0 140.17573,38.06189,0 140.17588,38.06243,0 140.176,38.06288,0 140.1761,38.0632,0 140.17619,38.06353,0 140.1768,38.06568,0 140.17691,38.06594,0 140.17707,38.06619,0 140.17727,38.06641,0 140.17752,38.06661,0</coordinates></LineString>
                        </Placemark>
                        <Placemark>
                            <name>奥羽線</name>
                            <styleUrl>#style_purple</styleUrl>
                            <LineString><tessellate>1</tessellate><coordinates>140.17752,38.06661,0 140.17994,38.06814,0 140.18046,38.06846,0 140.18096,38.06878,0 140.18145,38.06913,0 140.18192,38.0695,0 140.18207,38.06965,0 140.18226,38.06987,0 140.18246,38.07013,0 140.1827,38.07044,0 140.18306,38.07105,0 140.18323,38.07138,0 140.18339,38.07172,0 140.18352,38.07201,0</coordinates></LineString>
                        </Placemark>
                        <Placemark>
                            <name>奥羽線</name>
                            <styleUrl>#style_purple</styleUrl>
                            <LineString><tessellate>1</tessellate><coordinates>140.27796,38.15118,0 140.27733,38.15026,0 140.27387,38.14534,0 140.27257,38.14349,0 140.27229,38.1431,0 140.27125,38.14162,0 140.2711,38.14143,0 140.27088,38.14123,0 140.26874,38.13945,0 140.26795,38.1388,0 140.26762,38.13854,0 140.26251,38.1343,0 140.26048,38.13262,0 140.26009,38.1323,0 140.25964,38.13203,0 140.25917,38.13178,0 140.25868,38.13157,0 140.25817,38.13138,0 140.25765,38.13121,0 140.25711,38.13108,0 140.25656,38.13098,0 140.256,38.13091,0 140.25164,38.13043,0 140.25001,38.13025,0 140.24879,38.13012,0 140.24786,38.13004,0 140.24663,38.12992,0 140.24643,38.1299,0 140.24414,38.1296,0 140.2437,38.12958,0 140.24108,38.12958,0 140.23708,38.12959,0 140.23539,38.12973,0 140.23468,38.12982,0 140.23337,38.12998,0 140.23197,38.13011,0</coordinates></LineString>
                        </Placemark>
                        <Placemark>
                            <name>奥羽線</name>
                            <styleUrl>#style_purple</styleUrl>
                            <LineString><tessellate>1</tessellate><coordinates>140.21838,38.12442,0 140.21808,38.1238,0 140.21775,38.12313,0 140.21754,38.12277,0 140.21741,38.12255,0 140.21731,38.12234,0 140.21723,38.12218,0 140.21716,38.12195,0 140.21713,38.12181,0 140.21704,38.12046,0 140.217,38.11946,0 140.21697,38.11922,0 140.2169,38.11864,0 140.21684,38.11833,0 140.21678,38.11812,0 140.21667,38.1178,0 140.21655,38.1175,0 140.21638,38.11711,0 140.21593,38.11628,0 140.21531,38.11526,0 140.21446,38.11376,0 140.21413,38.11316,0 140.21188,38.10914,0 140.20987,38.10555,0 140.2097,38.10526,0 140.20951,38.1048,0 140.2094,38.10432,0 140.20935,38.10386,0 140.20935,38.10365,0 140.20938,38.10348,0 140.20989,38.09917,0 140.21002,38.0981,0 140.21003,38.09793,0 140.21003,38.09779,0 140.21001,38.09765,0 140.20994,38.09736,0 140.20985,38.09713,0 140.20976,38.09689,0 140.20971,38.09674,0 140.20961,38.09658,0 140.2095,38.09643,0 140.20936,38.09623,0 140.20915,38.09601,0 140.20894,38.09582,0 140.20814,38.09523,0 140.20791,38.09508,0 140.20767,38.09496,0 140.20718,38.09476,0 140.20646,38.09448,0 140.2063,38.09441,0 140.20603,38.0943,0 140.20422,38.09363,0 140.20403,38.09355,0</coordinates></LineString>
                        </Placemark>
                        <Placemark>
                            <name>奥羽線</name>
                            <styleUrl>#style_purple</styleUrl>
                            <LineString><tessellate>1</tessellate><coordinates>140.2673,37.81099,0 140.267,37.81086,0 140.26668,37.81067,0 140.26635,37.81036,0 140.26604,37.81,0 140.26576,37.8096,0 140.26555,37.80922,0 140.26533,37.8089,0 140.26503,37.80859,0 140.26471,37.80825,0 140.26442,37.808,0 140.26416,37.80782,0 140.26372,37.80755,0 140.26254,37.80695,0 140.26077,37.80609,0 140.26044,37.80593,0 140.26016,37.80583,0 140.25952,37.80568,0</coordinates></LineString>
                        </Placemark>
                        <Placemark>
                            <name>奥羽線</name>
                            <styleUrl>#style_purple</styleUrl>
                            <LineString><tessellate>1</tessellate><coordinates>140.29849,38.17186,0 140.29805,38.17086,0</coordinates></LineString>
                        </Placemark>
                        <Placemark>
                            <name>奥羽線</name>
                            <styleUrl>#style_purple</styleUrl>
                            <LineString><tessellate>1</tessellate><coordinates>140.35626,37.80205,0 140.35689,37.80162,0 140.35701,37.80153,0 140.35832,37.80037,0 140.3589,37.79979,0 140.35927,37.79939,0 140.35946,37.79919,0 140.35962,37.79903,0 140.35983,37.79886,0 140.36007,37.79871,0 140.36025,37.79861,0 140.36056,37.79847,0 140.36085,37.79838,0</coordinates></LineString>
                        </Placemark>
                        <Placemark>
                            <name>上越新幹線</name>
                            <styleUrl>#style_green</styleUrl>
                            <LineString><tessellate>1</tessellate><coordinates>139.06412,37.91257,0 139.05937,37.91144,0</coordinates></LineString>
                        </Placemark>
                        <Placemark>
                            <name>上越新幹線</name>
                            <styleUrl>#style_green</styleUrl>
                            <LineString><tessellate>1</tessellate><coordinates>139.39115,36.13894,0 139.39267,36.13838,0 139.39291,36.1383,0 139.39461,36.13766,0 139.39508,36.13748,0 139.39547,36.13734,0 139.39666,36.1369,0 139.39859,36.13619,0 139.40133,36.13518,0 139.40275,36.13463,0 139.4028,36.1346,0 139.40408,36.13413,0 139.40472,36.13391,0 139.40587,36.13348,0 139.40747,36.13289,0 139.40875,36.13243,0 139.40903,36.13233,0 139.41044,36.13182,0 139.41177,36.13133,0 139.41339,36.13075,0 139.41481,36.13024,0 139.41715,36.12939,0 139.41747,36.12927,0 139.41857,36.12887,0 139.41952,36.12854,0 139.42043,36.12821,0 139.42147,36.12783,0 139.42211,36.12761,0 139.42392,36.12693,0 139.42441,36.12676,0 139.42445,36.12673,0 139.42521,36.12647,0 139.4272,36.12574,0 139.42724,36.12572,0 139.42744,36.12565,0 139.42753,36.12562,0 139.429,36.12509,0 139.43034,36.12459,0 139.43075,36.12445,0 139.43122,36.12428,0 139.43148,36.12418,0 139.43158,36.12415,0 139.43186,36.12405,0 139.43213,36.12395,0 139.43243,36.12384,0 139.43298,36.12364,0 139.43316,36.12358,0 139.4333,36.12352,0 139.43359,36.12343,0 139.4344,36.12311,0 139.43493,36.12292,0 139.43506,36.12288,0 139.43559,36.12267,0 139.43609,36.1225,0 139.43623,36.12244,0 139.43674,36.12226,0 139.43717,36.1221,0 139.43883,36.12148,0 139.43989,36.12106,0 139.44125,36.1205,0 139.4419,36.12024,0 139.44261,36.11996,0 139.44327,36.11968,0 139.4443,36.11928,0 139.44581,36.11865,0 139.44728,36.11804,0 139.4481,36.1177,0 139.44944,36.1171,0 139.45041,36.11667,0 139.45191,36.11595,0 139.45378,36.11501,0 139.45398,36.11491,0 139.45499,36.11438,0 139.45572,36.11399,0 139.45682,36.11335,0 139.45789,36.11274,0 139.45868,36.11229,0 139.45879,36.11223,0 139.45914,36.11202,0 139.46024,36.11139,0 139.46125,36.11079,0 139.46141,36.1107,0 139.46284,36.10987,0 139.46435,36.10901,0 139.46487,36.10871,0 139.46655,36.10776,0 139.46726,36.10735,0 139.46766,36.10711,0 139.46783,36.10702,0 139.46865,36.10653,0 139.47009,36.10571,0 139.47133,36.10501,0 139.47346,36.10376,0 139.47536,36.10266,0 139.47687,36.1018,0 139.47752,36.10143,0 139.47841,36.10091,0 139.47858,36.1008,0 139.47871,36.10074,0 139.4797,36.10015,0 139.48064,36.09962,0 139.48128,36.09927,0 139.48144,36.09916,0 139.48161,36.09906,0 139.48318,36.09816,0 139.48628,36.09635,0 139.48785,36.09544,0 139.48845,36.09511,0 139.48942,36.09454,0 139.49047,36.09393,0 139.49054,36.09388,0 139.49179,36.09317,0 139.49265,36.09268,0 139.49367,36.09208,0 139.49409,36.09184,0 139.49524,36.09117,0 139.49584,36.09082,0 139.49678,36.09027,0 139.49692,36.09019,0 139.49701,36.09015,0 139.4978,36.08969,0 139.49806,36.08954,0 139.49846,36.08931,0 139.49882,36.0891,0 139.49925,36.08886,0 139.49976,36.08856,0 139.50019,36.08831,0 139.50067,36.08804,0 139.50104,36.08782,0 139.50166,36.08746,0 139.50241,36.08702,0 139.50318,36.08659,0 139.50332,36.08651,0 139.50392,36.08617,0 139.50471,36.08572,0 139.50508,36.08551,0 139.50524,36.08541,0 139.50543,36.08532,0 139.50579,36.0851,0 139.50612,36.08492,0 139.50623,36.08485,0 139.50727,36.08424,0 139.50774,36.08398,0 139.50884,36.08335,0 139.50977,36.08283,0 139.51013,36.08263,0 139.51096,36.08214,0 139.51202,36.08151,0 139.51238,36.08132,0 139.51337,36.08075,0 139.5134,36.08073,0 139.51378,36.08051,0 139.51392,36.08043,0 139.51414,36.08029,0 139.51494,36.07982,0 139.51581,36.0793,0 139.51585,36.07927,0 139.51621,36.07904,0 139.51665,36.07878,0 139.51694,36.0786,0 139.51756,36.07821,0 139.51767,36.07814,0 139.51842,36.07766,0 139.51869,36.07747,0 139.51927,36.07708,0 139.5195,36.07692,0 139.5203,36.07636,0 139.52078,36.07603,0 139.52117,36.07577,0 139.52175,36.07535,0 139.52215,36.07507,0 139.52354,36.07406,0 139.52439,36.07343,0 139.52457,36.07328,0 139.5254,36.07265,0 139.52694,36.07145,0 139.52726,36.0712,0 139.52803,36.07059,0 139.52922,36.06965,0 139.53,36.06906,0 139.53048,36.06867,0 139.53174,36.06769,0 139.53201,36.06747,0 139.53238,36.06718,0 139.5333,36.06647,0 139.53356,36.06626,0 139.5341,36.06584,0 139.53476,36.06532,0 139.53478,36.06531,0 139.53492,36.0652,0 139.53542,36.0648,0 139.53696,36.06356,0 139.53831,36.06248,0 139.53909,36.06189,0 139.53924,36.06175,0 139.54063,36.0607,0 139.54137,36.06012,0 139.54182,36.05978,0 139.54289,36.05894,0 139.54427,36.05785,0 139.5461,36.05642,0 139.54707,36.05565,0 139.54711,36.05562,0 139.54906,36.0541,0 139.54918,36.05399,0 139.55,36.05335,0 139.55087,36.05268,0 139.55134,36.05231,0 139.55236,36.0515,0 139.55312,36.05092,0 139.55348,36.05064,0 139.55379,36.0504,0 139.55392,36.05029,0 139.55493,36.04951,0 139.55523,36.04926,0 139.55534,36.04919,0 139.55587,36.04876,0 139.55597,36.04869,0 139.55747,36.04752,0 139.55779,36.04726,0 139.55797,36.04712,0 139.55824,36.04691,0 139.55841,36.04677,0 139.55859,36.04664,0 139.55885,36.04643,0 139.55942,36.04598,0 139.55982,36.04566,0 139.56053,36.04511,0 139.56057,36.04509,0 139.561,36.04474,0 139.56169,36.0442,0 139.56176,36.04415,0 139.56471,36.04184,0 139.56511,36.04153,0 139.56568,36.0411,0 139.56606,36.04079,0 139.56613,36.04074,0 139.56683,36.04017,0 139.56738,36.03973,0 139.56744,36.03968,0 139.56791,36.03931,0 139.56841,36.03891,0 139.5703,36.03742,0 139.5705,36.03726,0 139.57077,36.03706,0 139.5709,36.03696,0 139.57108,36.03682,0 139.57189,36.03619,0 139.57209,36.03605,0 139.57337,36.03505,0 139.57383,36.03469,0 139.57501,36.03374,0 139.57574,36.03316,0 139.57617,36.03281,0 139.57703,36.03214,0 139.57778,36.03155,0 139.57819,36.03122,0 139.57849,36.03097,0 139.57852,36.03096,0 139.57928,36.03036,0 139.58015,36.02969,0 139.58204,36.02819,0 139.58223,36.02806,0 139.58256,36.02782,0 139.58299,36.02748,0 139.5838,36.02684,0 139.58392,36.02672,0 139.58559,36.02542,0 139.58619,36.02497,0 139.58784,36.02366,0 139.5881,36.02346,0 139.58832,36.02329,0 139.58914,36.02265,0 139.58993,36.02202,0 139.59025,36.02177,0 139.59094,36.02121,0 139.59095,36.0212,0 139.59135,36.0209,0 139.59193,36.02044,0 139.59318,36.01947,0 139.59351,36.01921,0 139.59383,36.01896,0 139.59419,36.01867,0 139.59463,36.01831,0 139.59506,36.01797,0 139.59537,36.01771,0 139.59561,36.01753,0 139.59596,36.01725,0 139.5969,36.01649,0 139.59726,36.01622,0 139.59764,36.01594,0 139.59772,36.01588,0 139.59858,36.01521,0 139.59864,36.01518,0 139.59887,36.01499,0 139.59979,36.01427,0 139.60107,36.01327,0 139.60149,36.01293,0 139.60268,36.012,0 139.60431,36.01071,0 139.60443,36.01063,0 139.60518,36.01004,0 139.60685,36.00874,0 139.60712,36.00853,0 139.60746,36.00826,0 139.60777,36.00802,0 139.60847,36.00746,0 139.6085,36.00745,0 139.60906,36.00701,0 139.60946,36.00669,0 139.61072,36.0057,0 139.61161,36.00498,0 139.61228,36.00444,0 139.61369,36.00319,0 139.61447,36.00251,0 139.61577,36.00119,0 139.61638,36.00052,0 139.61649,36.0004,0 139.61713,35.9997,0 139.6178,35.99885,0 139.61824,35.99829,0 139.61939,35.99668,0 139.61982,35.99599,0 139.62014,35.9955,0 139.62064,35.99466,0 139.62099,35.99401,0 139.62177,35.9925,0 139.62194,35.99215,0 139.62248,35.99084,0 139.6226,35.9905,0 139.6227,35.99026,0 139.62275,35.99014,0 139.62277,35.9901,0 139.62309,35.98919,0 139.62331,35.98858,0 139.62349,35.98795,0 139.62363,35.98745,0 139.62382,35.98671,0 139.62393,35.98628,0 139.62398,35.986,0 139.62404,35.98575,0 139.62408,35.98549,0 139.62418,35.98497,0 139.62424,35.98465,0 139.62426,35.98452,0 139.6243,35.98424,0 139.62438,35.98381,0 139.62443,35.9835,0 139.62448,35.98314,0 139.62453,35.98292,0 139.6246,35.98222,0 139.62464,35.98177,0 139.62469,35.98107,0 139.62471,35.98048,0 139.6247,35.97929,0 139.62468,35.97899,0 139.62466,35.97858,0 139.62464,35.97813,0 139.62459,35.97689,0 139.62458,35.97668,0 139.62455,35.97595,0 139.62452,35.97526,0</coordinates></LineString>
                        </Placemark>
                        <Placemark>
                            <name>上越新幹線</name>
                            <styleUrl>#style_green</styleUrl>
                            <LineString><tessellate>1</tessellate><coordinates>139.39115,36.13894,0 139.38814,36.14006,0</coordinates></LineString>
                        </Placemark>
                        <Placemark>
                            <name>上越新幹線</name>
                            <styleUrl>#style_green</styleUrl>
                            <LineString><tessellate>1</tessellate><coordinates>139.62235,35.90806,0 139.62208,35.90871,0 139.62177,35.9095,0 139.62144,35.91025,0 139.62085,35.912,0 139.6199,35.91483,0 139.6191,35.91714,0 139.61873,35.91817,0 139.61834,35.91928,0 139.6182,35.91971,0 139.61818,35.91987,0 139.61817,35.91999,0 139.6179,35.92078,0 139.61762,35.92173,0 139.61753,35.92208,0 139.61729,35.92303,0 139.61714,35.92386,0 139.61699,35.92489,0 139.61677,35.92655,0 139.61667,35.92745,0 139.6166,35.92816,0 139.61658,35.92877,0 139.61657,35.92926,0 139.61663,35.93147,0 139.61674,35.93267,0 139.61687,35.9341,0 139.61709,35.93528,0 139.61748,35.93748,0 139.61753,35.93774,0 139.61777,35.93901,0 139.61832,35.942,0 139.61889,35.94503,0 139.6192,35.94665,0 139.61956,35.94857,0 139.62017,35.95186,0 139.62069,35.95452,0 139.62088,35.95556,0 139.62132,35.9579,0 139.62165,35.95968,0 139.62167,35.95974,0 139.62175,35.9602,0 139.62177,35.9603,0 139.62202,35.9616,0 139.62203,35.96172,0 139.62207,35.96194,0 139.62218,35.96253,0 139.62219,35.96263,0 139.62221,35.96272,0 139.62232,35.96336,0 139.62235,35.96346,0 139.62239,35.96372,0 139.62254,35.9646,0 139.62282,35.96613,0 139.62283,35.96617,0 139.62288,35.96645,0 139.62299,35.96706,0 139.623,35.96709,0 139.62308,35.96759,0 139.62322,35.9683,0 139.62329,35.96875,0 139.62334,35.96889,0 139.62336,35.96912,0 139.62362,35.97044,0 139.62363,35.97052,0 139.62368,35.97079,0 139.62379,35.97137,0 139.62389,35.97196,0 139.62392,35.97208,0 139.62396,35.97232,0 139.62399,35.97247,0 139.62407,35.97293,0 139.62419,35.97354,0 139.62429,35.97409,0 139.62438,35.97453,0 139.62448,35.97508,0 139.62452,35.97526,0</coordinates></LineString>
                        </Placemark>
                        <Placemark>
                            <name>上越新幹線</name>
                            <styleUrl>#style_green</styleUrl>
                            <LineString><tessellate>1</tessellate><coordinates>139.62381,35.90445,0 139.62313,35.906,0 139.62235,35.90806,0</coordinates></LineString>
                        </Placemark>
                        <Placemark>
                            <name>上越新幹線</name>
                            <styleUrl>#style_green</styleUrl>
                            <LineString><tessellate>1</tessellate><coordinates>138.92294,37.16949,0 138.92295,37.16971,0 138.9231,37.17151,0 138.92329,37.17374,0 138.92357,37.17687,0 138.92358,37.17696,0 138.92362,37.17741,0 138.92363,37.17753,0 138.92369,37.1786,0 138.92385,37.18101,0 138.92387,37.18258,0 138.92385,37.18334,0 138.92383,37.18423,0 138.92383,37.18424,0 138.92376,37.18585,0 138.92367,37.18713,0 138.92354,37.18826,0 138.92345,37.18895,0 138.92329,37.18985,0 138.92298,37.19123,0 138.92267,37.19253,0 138.92247,37.19317,0 138.92242,37.19332,0 138.92213,37.19429,0 138.92184,37.19515,0 138.92152,37.19601,0 138.92114,37.1969,0 138.9207,37.19783,0 138.92026,37.19869,0 138.91978,37.19955,0 138.91889,37.20098,0 138.91852,37.20156,0 138.91792,37.20249,0 138.91698,37.20395,0 138.916,37.20548,0 138.91413,37.20834,0 138.91253,37.21086,0 138.91184,37.21194,0 138.91057,37.21392,0 138.90922,37.21603,0 138.90769,37.2184,0 138.90671,37.21993,0 138.90563,37.22161,0 138.90538,37.22198,0 138.9046,37.22319,0 138.9035,37.22492,0 138.90154,37.2279,0 138.9011,37.22864,0 138.8997,37.23085,0 138.89945,37.23124,0 138.89928,37.23145,0 138.89885,37.23216,0 138.8986,37.23255,0 138.89775,37.23384,0 138.89716,37.23479,0 138.89671,37.23548,0 138.89582,37.23684,0 138.89432,37.23918,0 138.89344,37.24053,0 138.89318,37.24093,0 138.89213,37.24255,0 138.89131,37.2438,0 138.89029,37.24542,0 138.88952,37.24655,0 138.88871,37.24788,0 138.88829,37.24851,0 138.88803,37.2489,0 138.8869,37.25063,0 138.88533,37.25303,0 138.88334,37.25607,0 138.8825,37.25739,0 138.88242,37.25752,0 138.88116,37.25943,0 138.87867,37.26328,0 138.87813,37.26409,0 138.87809,37.26417,0 138.87633,37.26685,0 138.8752,37.26864,0 138.87344,37.27133,0 138.87291,37.27214,0 138.8718,37.27386,0 138.87117,37.27485,0 138.87023,37.27637,0 138.87015,37.2765,0 138.86913,37.27806,0 138.8682,37.27952,0 138.86718,37.28108,0 138.86617,37.2826,0 138.86516,37.28412,0 138.86503,37.28433,0 138.86487,37.28458,0 138.86399,37.28592,0 138.86291,37.28761,0 138.86183,37.28927,0 138.86085,37.29077,0 138.85986,37.2923,0 138.85879,37.29393,0 138.85773,37.29557,0 138.85693,37.2968,0 138.85651,37.29745,0 138.85556,37.29891,0 138.85486,37.3,0 138.85468,37.30028,0 138.85446,37.30061,0 138.85372,37.30176,0 138.85275,37.30319,0 138.85181,37.30467,0 138.85172,37.30482,0 138.85075,37.30626,0 138.84979,37.30776,0 138.84948,37.30824,0 138.84893,37.3091,0 138.84884,37.30924,0 138.8479,37.31073,0 138.84762,37.31111,0 138.84671,37.31253,0 138.84584,37.31386,0 138.84486,37.31538,0 138.84452,37.31589,0 138.84379,37.31707,0 138.84378,37.31708,0 138.84298,37.31841,0 138.84258,37.31913,0 138.84212,37.32012,0 138.84149,37.3217,0 138.84093,37.32312,0 138.84089,37.32324,0 138.84043,37.3247,0 138.84022,37.32559,0 138.84006,37.32626,0 138.83999,37.32644,0 138.83968,37.32785,0 138.83962,37.328,0 138.83932,37.32944,0 138.83914,37.33095,0 138.8391,37.33131,0 138.83896,37.33244,0 138.83884,37.33404,0 138.83883,37.33451,0 138.83881,37.33495,0 138.83884,37.33636,0 138.83885,37.33671,0 138.8389,37.33698,0 138.83903,37.33809,0 138.83916,37.33918,0 138.83923,37.33972,0 138.8393,37.34027,0 138.83936,37.34077,0 138.83943,37.34136,0 138.83956,37.34247,0 138.83971,37.34356,0 138.83988,37.34463,0 138.84002,37.34573,0 138.84017,37.34683,0 138.84031,37.34793,0 138.84045,37.34904,0 138.84053,37.34973,0 138.84057,37.35011,0 138.84072,37.35126,0 138.84086,37.35236,0 138.84099,37.35347,0 138.84114,37.35457,0 138.84127,37.3557,0 138.84133,37.35608,0 138.84143,37.35679,0 138.84144,37.35687,0 138.84159,37.35789,0 138.84172,37.35894,0 138.84185,37.36001,0 138.84198,37.36105,0 138.84212,37.36209,0 138.84226,37.36313,0 138.8424,37.36417,0 138.84251,37.36504,0 138.84254,37.36521,0 138.84267,37.36625,0 138.8428,37.3673,0 138.84294,37.36836,0 138.84307,37.36941,0 138.84321,37.37045,0 138.84335,37.37151,0 138.84349,37.37256,0 138.84367,37.37401,0 138.84401,37.37654,0 138.84419,37.37794,0 138.84442,37.37968,0 138.84458,37.3809,0 138.84472,37.38201,0 138.84486,37.38313,0 138.84495,37.38375,0 138.84502,37.38424,0 138.84516,37.38535,0 138.84529,37.38646,0 138.84544,37.38758,0 138.84559,37.3887,0 138.84574,37.38982,0 138.84587,37.39091,0 138.846,37.39199,0 138.84609,37.39272,0 138.84613,37.3931,0 138.84625,37.39422,0 138.84636,37.39533,0 138.84648,37.39644,0 138.84659,37.39757,0 138.8467,37.39869,0 138.84682,37.39981,0 138.84694,37.40092,0 138.84702,37.4017,0 138.84705,37.40204,0 138.84717,37.40316,0 138.84728,37.40427,0 138.84738,37.40538,0 138.84747,37.40648,0 138.84758,37.40757,0 138.84769,37.40868,0 138.84779,37.40981,0 138.84787,37.41069,0 138.84789,37.41094,0 138.848,37.41206,0 138.8481,37.41318,0 138.84821,37.41429,0 138.84831,37.41541,0 138.84841,37.41653,0 138.84853,37.41768,0 138.84858,37.41817,0 138.84861,37.41885,0 138.8487,37.41968,0 138.849,37.42254,0 138.84921,37.42452,0 138.84962,37.42854,0 138.84963,37.42866,0 138.84996,37.43169,0 138.85028,37.43486,0 138.85048,37.43682,0 138.8506,37.43764,0 138.85064,37.43794,0 138.85072,37.43849,0 138.85081,37.43907,0 138.85093,37.43965,0 138.85101,37.43998,0 138.85118,37.44056,0 138.85133,37.44105,0 138.85151,37.44157,0 138.85179,37.44226,0 138.85227,37.44344,0 138.85255,37.44417,0 138.85286,37.44496,0 138.85322,37.44585,0</coordinates></LineString>
                        </Placemark>
                        <Placemark>
                            <name>上越新幹線</name>
                            <styleUrl>#style_green</styleUrl>
                            <LineString><tessellate>1</tessellate><coordinates>138.85472,37.44968,0 138.85526,37.45104,0 138.85567,37.45207,0 138.85693,37.45532,0 138.8581,37.45828,0 138.85845,37.45915,0 138.85864,37.45963,0 138.85966,37.46227,0 138.86071,37.46498,0 138.86091,37.46541,0 138.86147,37.46689,0 138.86199,37.46822,0 138.86333,37.47164,0 138.86454,37.47473,0 138.86485,37.47552,0 138.86496,37.4758,0 138.86567,37.4776,0 138.8657,37.47769,0 138.86689,37.48064,0 138.86812,37.48379,0 138.86896,37.48597,0 138.86905,37.48618,0 138.86935,37.48694,0 138.87003,37.4887,0 138.87057,37.49009,0 138.87179,37.49316,0 138.87202,37.49373,0 138.87263,37.49522,0 138.87321,37.49666,0 138.87395,37.49853,0 138.87466,37.5002,0 138.87526,37.50172,0 138.87527,37.50175,0 138.87574,37.503,0 138.8761,37.50394,0 138.87643,37.50477,0 138.87655,37.50507,0 138.87696,37.50612,0 138.87741,37.50728,0 138.87772,37.50811,0 138.87827,37.50949,0 138.87851,37.51011,0 138.87929,37.51212,0 138.87978,37.51337,0 138.88007,37.51412,0 138.88085,37.51613,0 138.88163,37.51813,0 138.88184,37.51868,0 138.88233,37.51994,0 138.8824,37.52014,0 138.88277,37.52106,0 138.88319,37.52214,0 138.88397,37.52413,0 138.8846,37.52554,0 138.88507,37.52662,0 138.88571,37.52812,0 138.88634,37.52959,0 138.88657,37.53014,0 138.8874,37.53209,0 138.88827,37.53411,0 138.88913,37.53613,0 138.88997,37.53811,0 138.88999,37.53815,0 138.89084,37.54016,0 138.8917,37.54218,0 138.89248,37.54398,0 138.89257,37.5442,0 138.89288,37.54493,0 138.89343,37.54622,0 138.89429,37.54824,0 138.89516,37.55026,0 138.89602,37.55227,0 138.89652,37.55345,0 138.89688,37.55429,0 138.89774,37.55631,0 138.89859,37.5583,0 138.89944,37.5603,0 138.90015,37.56197,0 138.90029,37.5623,0 138.90114,37.5643,0 138.90198,37.56631,0 138.90284,37.56832,0 138.9037,37.57033,0 138.90377,37.57049,0 138.90442,37.57202,0 138.90456,37.57235,0 138.90542,37.57436,0 138.90628,37.57638,0 138.90713,37.5784,0 138.90799,37.58041,0 138.90804,37.58054,0 138.90885,37.58243,0 138.90971,37.58446,0 138.91051,37.58633,0 138.91241,37.59067,0 138.9126,37.59112,0 138.91383,37.594,0 138.91596,37.5989,0 138.91627,37.59962,0 138.91787,37.60336,0 138.91857,37.60501,0 138.91976,37.60778,0 138.91992,37.60814,0 138.92099,37.61051,0 138.92286,37.61486,0 138.92364,37.61663,0 138.92382,37.61704,0 138.92524,37.62034,0 138.92567,37.62135,0 138.92616,37.62251,0 138.92625,37.62272,0 138.9274,37.62527,0 138.92789,37.62636,0 138.92842,37.62748,0 138.93025,37.63112,0 138.93032,37.63127,0 138.93167,37.63395,0 138.93248,37.63556,0 138.93322,37.63703,0 138.93328,37.63715,0 138.93407,37.63874,0 138.93473,37.64006,0 138.93486,37.64028,0 138.93599,37.64256,0 138.93767,37.64588,0</coordinates></LineString>
                        </Placemark>
                        <Placemark>
                            <name>上越新幹線</name>
                            <styleUrl>#style_green</styleUrl>
                            <LineString><tessellate>1</tessellate><coordinates>138.93949,37.64956,0 138.94073,37.65196,0 138.94122,37.65296,0 138.94286,37.65626,0 138.94504,37.66058,0 138.94541,37.66131,0 138.94686,37.66425,0 138.94962,37.66965,0 138.94978,37.66999,0 138.9501,37.67062,0 138.95113,37.67256,0 138.95236,37.67494,0 138.95309,37.67635,0 138.95365,37.67742,0 138.95393,37.67796,0 138.95433,37.67874,0 138.95477,37.67956,0 138.95497,37.67995,0 138.95526,37.68052,0 138.95552,37.681,0 138.95565,37.68127,0 138.9559,37.68176,0 138.95619,37.68231,0 138.95659,37.68312,0 138.95688,37.68368,0 138.95722,37.68433,0 138.9575,37.68486,0 138.95808,37.68601,0 138.95822,37.68627,0 138.95861,37.68702,0 138.95883,37.68743,0 138.96009,37.6899,0 138.96044,37.69059,0 138.9612,37.69208,0 138.96139,37.69245,0 138.96148,37.69264,0 138.96261,37.69487,0 138.96355,37.69666,0 138.96422,37.698,0 138.96464,37.69882,0 138.96506,37.69965,0 138.96574,37.70097,0 138.96576,37.70101,0 138.96588,37.70125,0 138.9663,37.70208,0 138.96716,37.70371,0 138.96761,37.70462,0 138.96875,37.70694,0 138.96886,37.70719,0 138.96943,37.70835,0 138.96988,37.70938,0 138.96993,37.70949,0 138.97004,37.70976,0 138.97092,37.71196,0 138.97106,37.71231,0 138.97205,37.7148,0 138.97301,37.71718,0 138.97328,37.71796,0 138.97342,37.71838,0 138.9736,37.71894,0 138.97383,37.71969,0 138.97421,37.72095,0 138.97451,37.72209,0 138.97501,37.72437,0 138.97505,37.72463,0 138.97546,37.72679,0 138.97549,37.72695,0 138.97555,37.72723,0 138.97597,37.72971,0 138.9764,37.7322,0 138.97682,37.7346,0 138.97692,37.73516,0 138.97726,37.737,0 138.9777,37.73945,0 138.97811,37.74176,0 138.97851,37.74408,0 138.97856,37.74436,0 138.97901,37.74691,0 138.97945,37.74946,0 138.97966,37.75066,0 138.97976,37.75125,0 138.9801,37.75298,0 138.98048,37.75503,0 138.98113,37.75859,0 138.98174,37.76189,0 138.98202,37.76339,0 138.98228,37.76494,0 138.98271,37.76735,0 138.98334,37.77081,0 138.98379,37.77331,0 138.98418,37.77542,0 138.9846,37.77782,0 138.98464,37.77808,0 138.98481,37.77889,0 138.98506,37.78041,0 138.98521,37.78127,0 138.98545,37.78259,0 138.98559,37.78334,0 138.98595,37.78537,0 138.98627,37.78707,0 138.98663,37.7891,0 138.98712,37.79184,0 138.98719,37.79226,0 138.98749,37.79395,0 138.98808,37.79727,0 138.98876,37.80101,0 138.98879,37.80118,0 138.98934,37.80426,0 138.98951,37.80524,0 138.98998,37.80728,0 138.99035,37.80894,0 138.99063,37.80998,0 138.99065,37.81006,0 138.99108,37.8115,0 138.99154,37.81286,0 138.99196,37.81411,0 138.99265,37.81618,0 138.99302,37.81719,0 138.99373,37.81898,0 138.9947,37.82147,0 138.99471,37.8215,0 138.99558,37.82359,0 138.99676,37.82637,0 138.99724,37.82758,0 138.99732,37.82776,0 138.99766,37.82862,0 138.99798,37.82935,0 138.99859,37.83085,0 138.99975,37.83357,0 139.00088,37.8363,0 139.00173,37.83837,0 139.00233,37.83986,0 139.00392,37.84377,0 139.00521,37.84693,0 139.00539,37.84736,0 139.00672,37.85057,0 139.00788,37.85341,0 139.00873,37.85548,0 139.00907,37.8563,0 139.01052,37.85977,0 139.01177,37.86288,0 139.01224,37.86403,0 139.01299,37.86588,0 139.01386,37.86801,0 139.01498,37.87073,0 139.01569,37.87239,0 139.01578,37.87257,0 139.01617,37.87341,0 139.01679,37.8746,0 139.01753,37.87595,0 139.01835,37.87729,0 139.01868,37.87781,0 139.0191,37.87842,0 139.02035,37.88009,0 139.02076,37.88061,0 139.02123,37.8812,0 139.02207,37.88216,0 139.02336,37.88366,0 139.02438,37.88484,0 139.02476,37.88528,0 139.02544,37.88606,0 139.02702,37.88787,0 139.02712,37.88799,0 139.02801,37.88901,0 139.03048,37.89187,0 139.03193,37.89357,0 139.03287,37.89462,0 139.03351,37.89535,0 139.03431,37.89626,0 139.03476,37.89675,0 139.03534,37.89732,0 139.03606,37.89802,0 139.03701,37.89891,0 139.03874,37.90049,0 139.04077,37.90215,0 139.04175,37.90296,0 139.04355,37.90439,0 139.04572,37.90609,0 139.0461,37.90636,0 139.04657,37.90668,0 139.04727,37.9071,0 139.04799,37.90748,0 139.04858,37.90775,0 139.04915,37.90798,0 139.04979,37.90824,0 139.05394,37.90977,0 139.05576,37.91042,0 139.05642,37.91063,0 139.05822,37.91114,0 139.05937,37.91144,0</coordinates></LineString>
                        </Placemark>
                        <Placemark>
                            <name>上越新幹線</name>
                            <styleUrl>#style_green</styleUrl>
                            <LineString><tessellate>1</tessellate><coordinates>138.92253,37.16568,0 138.92266,37.16719,0 138.92281,37.16852,0 138.92294,37.16949,0</coordinates></LineString>
                        </Placemark>
                        <Placemark>
                            <name>上越新幹線</name>
                            <styleUrl>#style_green</styleUrl>
                            <LineString><tessellate>1</tessellate><coordinates>138.85472,37.44968,0 138.85322,37.44585,0</coordinates></LineString>
                        </Placemark>
                        <Placemark>
                            <name>上越新幹線</name>
                            <styleUrl>#style_green</styleUrl>
                            <LineString><tessellate>1</tessellate><coordinates>138.93767,37.64588,0 138.93879,37.64814,0 138.93949,37.64956,0</coordinates></LineString>
                        </Placemark>
                        <Placemark>
                            <name>上越新幹線</name>
                            <styleUrl>#style_green</styleUrl>
                            <LineString><tessellate>1</tessellate><coordinates>138.97794,36.69118,0 138.97772,36.69229,0 138.97749,36.69354,0 138.97724,36.69495,0</coordinates></LineString>
                        </Placemark>
                        <Placemark>
                            <name>上越新幹線</name>
                            <styleUrl>#style_green</styleUrl>
                            <LineString><tessellate>1</tessellate><coordinates>138.81079,36.93397,0 138.81231,36.93224,0 138.81262,36.93191,0 138.81437,36.92983,0 138.81597,36.92801,0 138.81659,36.92729,0 138.81756,36.92618,0 138.81923,36.92425,0 138.82038,36.92289,0 138.82096,36.92214,0 138.82207,36.92056,0 138.82262,36.91974,0 138.82273,36.91956,0 138.82289,36.91933,0 138.82296,36.91921,0 138.82306,36.91904,0 138.82323,36.91873,0 138.82347,36.91833,0 138.8236,36.91812,0 138.82379,36.91782,0 138.82405,36.91742,0 138.82424,36.91711,0 138.82436,36.91693,0 138.82459,36.91658,0 138.82482,36.91621,0 138.82522,36.91557,0 138.82543,36.91523,0 138.82582,36.91457,0 138.82603,36.91422,0 138.82635,36.9137,0 138.82658,36.91329,0 138.82678,36.913,0 138.827,36.91265,0 138.82727,36.91218,0 138.82754,36.91176,0 138.82759,36.91168,0 138.82773,36.91145,0 138.82778,36.91136,0 138.82795,36.91107,0 138.82803,36.91096,0 138.82828,36.91055,0 138.82857,36.91005,0 138.82888,36.90957,0 138.82929,36.90891,0 138.82953,36.90852,0 138.82979,36.90809,0 138.83005,36.90768,0 138.83037,36.90715,0 138.83079,36.90649,0 138.83101,36.90612,0 138.83113,36.90596,0 138.83134,36.90562,0 138.83156,36.90521,0 138.83181,36.90481,0 138.83206,36.90438,0 138.83232,36.90394,0 138.83252,36.90361,0 138.8326,36.90348,0 138.83282,36.9031,0 138.83314,36.90257,0 138.83337,36.90224,0 138.83368,36.90176,0 138.83384,36.90149,0 138.83407,36.9011,0 138.83442,36.90056,0 138.83474,36.90009,0 138.83502,36.89957,0 138.83525,36.89918,0 138.83555,36.89871,0 138.83579,36.89833,0 138.83603,36.89792,0 138.83633,36.89739,0 138.83666,36.89689,0 138.83692,36.89649,0 138.8372,36.89604,0 138.83746,36.89561,0 138.8375,36.89556,0 138.83765,36.8953,0 138.83782,36.89503,0 138.83799,36.89471,0 138.83814,36.89442,0 138.83839,36.89399,0 138.83856,36.89372,0 138.83874,36.89343,0 138.83885,36.89325,0 138.83901,36.89306,0 138.83916,36.89281,0 138.83937,36.89245,0 138.83963,36.89204,0 138.83992,36.89157,0 138.84014,36.89124,0 138.84038,36.89085,0 138.84062,36.89048,0 138.8409,36.89006,0 138.84125,36.88955,0 138.84153,36.88913,0 138.84175,36.88883,0 138.84202,36.88842,0 138.84223,36.88811,0 138.8425,36.8877,0 138.84259,36.88756,0 138.84276,36.8873,0 138.84284,36.88718,0 138.84306,36.88687,0 138.8433,36.88657,0 138.8435,36.88632,0 138.84378,36.88601,0 138.84396,36.88579,0 138.84417,36.88552,0 138.84433,36.88538,0 138.84454,36.88511,0 138.84472,36.88492,0 138.8449,36.88469,0 138.84525,36.8843,0 138.84556,36.88397,0 138.84569,36.88381,0 138.84603,36.88345,0 138.84629,36.88316,0 138.8466,36.88284,0 138.84691,36.8825,0 138.84711,36.8823,0 138.84739,36.88203,0 138.84768,36.88173,0 138.84796,36.88147,0 138.84819,36.88125,0 138.84844,36.88098,0 138.84878,36.88059,0 138.84904,36.88031,0 138.84908,36.88027,0 138.84927,36.88008,0 138.84943,36.87988,0 138.84965,36.87963,0 138.84982,36.87947,0 138.85016,36.87916,0 138.85044,36.87881,0 138.8508,36.87846,0 138.85107,36.87819,0 138.85131,36.878,0 138.85164,36.87771,0 138.85191,36.87748,0 138.85209,36.87732,0 138.85232,36.87709,0 138.8526,36.87682,0 138.85288,36.87656,0 138.85306,36.87637,0 138.85333,36.87611,0 138.85346,36.87599,0 138.85395,36.87552,0 138.85427,36.87528,0 138.85489,36.87476,0 138.85516,36.87453,0 138.85555,36.87422,0 138.85598,36.87384,0 138.85628,36.87359,0 138.85638,36.87351,0 138.85675,36.8732,0 138.85729,36.87273,0 138.85778,36.87233,0 138.85827,36.87193,0 138.85868,36.87165,0 138.85918,36.87125,0 138.85957,36.87094,0 138.86,36.87063,0 138.86038,36.87035,0 138.86075,36.8701,0 138.86111,36.86984,0 138.86149,36.86956,0 138.86185,36.86931,0 138.86225,36.86902,0 138.86247,36.86886,0 138.86271,36.86867,0 138.86312,36.86835,0 138.86345,36.86811,0 138.86372,36.86791,0 138.86424,36.86753,0 138.86449,36.86736,0 138.86465,36.86725,0 138.86504,36.86697,0 138.86578,36.86641,0 138.86627,36.86607,0 138.86666,36.86579,0 138.86712,36.86544,0 138.86758,36.86512,0 138.86798,36.86484,0 138.86861,36.86435,0 138.86916,36.86395,0 138.86951,36.86371,0 138.87005,36.86334,0 138.87071,36.86285,0 138.87134,36.86238,0 138.87181,36.86199,0 138.87232,36.86162,0 138.87334,36.86086,0 138.87411,36.86032,0 138.87513,36.85956,0 138.8762,36.85876,0 138.87697,36.8582,0 138.87819,36.85731,0 138.87981,36.85612,0 138.88004,36.85595,0 138.88132,36.85503,0 138.88259,36.8541,0 138.88374,36.85329,0 138.8851,36.85229,0 138.88673,36.85108,0 138.88829,36.84993,0 138.89022,36.84854,0 138.89209,36.84717,0 138.89369,36.846,0 138.89529,36.84481,0 138.89653,36.8439,0 138.89729,36.84334,0 138.89957,36.8417,0 138.90164,36.84018,0 138.90305,36.8391,0 138.90462,36.83796,0 138.90475,36.83786,0 138.90623,36.83676,0 138.90672,36.83642,0 138.9069,36.83627,0 138.9073,36.83598,0 138.90774,36.83565,0 138.90805,36.83543,0 138.90853,36.83508,0 138.90895,36.83476,0 138.90963,36.83427,0 138.91018,36.83386,0 138.9111,36.83318,0 138.91173,36.83272,0 138.9123,36.8323,0 138.91271,36.83201,0 138.91321,36.83163,0 138.91363,36.83132,0 138.91425,36.83087,0 138.91469,36.83055,0 138.91494,36.83037,0 138.91518,36.83019,0 138.91553,36.82993,0 138.91571,36.8298,0 138.91609,36.82951,0 138.91649,36.82922,0 138.91685,36.82895,0 138.91727,36.82865,0 138.91791,36.82819,0 138.91891,36.82744,0 138.91976,36.82681,0 138.92107,36.82587,0 138.92252,36.82479,0 138.92345,36.82411,0 138.92393,36.82376,0 138.92421,36.82355,0 138.92517,36.82287,0 138.92622,36.82207,0 138.92719,36.82138,0 138.92816,36.82066,0 138.9288,36.82018,0 138.92965,36.81954,0 138.93016,36.81919,0 138.93076,36.81874,0 138.93132,36.81831,0 138.93165,36.81808,0 138.93216,36.81771,0 138.93248,36.81747,0 138.93307,36.81702,0 138.93364,36.8166,0 138.93423,36.81618,0 138.9353,36.8154,0 138.9363,36.81468,0 138.93683,36.81428,0 138.93785,36.81353,0 138.93866,36.81294,0 138.93996,36.81198,0 138.94038,36.81167,0 138.94095,36.81125,0 138.94202,36.81047,0 138.94296,36.80978,0 138.94403,36.80899,0 138.94491,36.80836,0 138.94584,36.80768,0 138.94646,36.80721,0 138.94694,36.80687,0 138.94744,36.80645,0 138.94804,36.80597,0 138.94853,36.80556,0 138.94853,36.80555,0 138.94923,36.80494,0 138.94996,36.80425,0 138.95075,36.80351,0 138.95111,36.80314,0 138.95166,36.80256,0 138.95209,36.8021,0 138.95276,36.80139,0 138.95311,36.80099,0 138.95341,36.80062,0 138.95376,36.80021,0 138.95417,36.79972,0 138.95437,36.79947,0 138.95481,36.79893,0 138.95499,36.79868,0 138.9552,36.79839,0 138.95555,36.79793,0 138.95621,36.79702,0 138.95663,36.79641,0 138.95695,36.79595,0 138.95761,36.79493,0 138.95824,36.79389,0 138.95869,36.79308,0 138.95911,36.79231,0 138.95949,36.79156,0 138.96006,36.7903,0 138.9601,36.79021,0 138.96082,36.7885,0 138.96124,36.7874,0 138.96137,36.78697,0 138.96159,36.78634,0 138.96181,36.78567,0 138.96234,36.78384,0 138.96271,36.78232,0 138.96285,36.78159,0 138.96297,36.78101,0 138.96314,36.78011,0 138.96324,36.77943,0 138.96335,36.77842,0 138.96343,36.77785,0 138.96346,36.77757,0 138.96355,36.77635,0 138.96362,36.77528,0 138.96369,36.77434,0 138.96376,36.77347,0 138.96383,36.77257,0 138.96391,36.77142,0 138.96396,36.77083,0 138.96399,36.77026,0 138.96409,36.76921,0 138.96419,36.76781,0 138.96432,36.76649,0 138.96446,36.76431,0 138.96453,36.76346,0 138.96459,36.76255,0 138.96471,36.76106,0 138.96485,36.75987,0 138.96502,36.75843,0 138.96522,36.75704,0 138.96527,36.75655,0 138.96534,36.75619,0 138.96548,36.75528,0 138.9656,36.75448,0 138.96576,36.75368,0 138.96578,36.75359,0 138.96585,36.75309,0 138.96589,36.75285,0 138.96594,36.75251,0 138.966,36.75225,0 138.96635,36.75052,0 138.96675,36.74849,0 138.96708,36.74698,0 138.9671,36.74688,0 138.96743,36.7452,0 138.96792,36.74266,0 138.96838,36.74036,0 138.96884,36.73797,0 138.96897,36.73732,0 138.96949,36.73465,0 138.9699,36.73247,0 138.97024,36.7307,0 138.97056,36.72907,0 138.97067,36.72851,0 138.97092,36.72724,0 138.97145,36.72457,0 138.97154,36.72414,0 138.97197,36.72192,0 138.97231,36.72017,0 138.97239,36.71973,0 138.97276,36.71794,0 138.97293,36.71707,0 138.97302,36.71661,0 138.97311,36.71616,0 138.97319,36.71584,0 138.97353,36.71399,0 138.97359,36.71367,0 138.97378,36.71272,0 138.974,36.71153,0 138.97406,36.71126,0 138.97424,36.71036,0 138.97432,36.70986,0 138.97457,36.70854,0 138.97469,36.70793,0 138.97493,36.70673,0 138.97502,36.70625,0 138.97507,36.70603,0 138.97547,36.70399,0 138.97578,36.70236,0 138.97584,36.70207,0 138.976,36.70124,0 138.97607,36.70084,0 138.97623,36.69995,0 138.97637,36.69931,0 138.97646,36.69886,0 138.97663,36.69805,0 138.97672,36.69762,0 138.97675,36.69741,0 138.97678,36.69725,0 138.97688,36.69677,0 138.977,36.69616,0 138.97724,36.69495,0</coordinates></LineString>
                        </Placemark>
                        <Placemark>
                            <name>上越新幹線</name>
                            <styleUrl>#style_green</styleUrl>
                            <LineString><tessellate>1</tessellate><coordinates>138.80646,36.93901,0 138.80587,36.93969,0 138.80557,36.94001,0 138.80546,36.94015,0 138.80472,36.94101,0 138.804,36.94185,0 138.80362,36.94229,0 138.80274,36.9433,0 138.80249,36.94361,0 138.8022,36.94397,0 138.80178,36.94448,0 138.80138,36.94501,0 138.80112,36.94535,0 138.80059,36.94611,0 138.80026,36.9466,0 138.79956,36.94761,0 138.79884,36.94867,0 138.79764,36.95053,0 138.79716,36.95131,0 138.79637,36.95249,0 138.79561,36.95368,0 138.79516,36.95435,0 138.7946,36.95521,0 138.79452,36.95533,0 138.79393,36.95627,0 138.79331,36.95727,0 138.79277,36.95821,0 138.79212,36.95943,0 138.79141,36.96082,0 138.79074,36.96228,0 138.79023,36.96348,0 138.79009,36.96382,0 138.78961,36.96516,0 138.78902,36.96687,0 138.78874,36.96778,0 138.78857,36.96838,0 138.78842,36.96895,0 138.78839,36.96908,0 138.78836,36.9693,0 138.78826,36.96989,0 138.78809,36.97096,0 138.788,36.9716,0 138.78788,36.97237,0 138.78779,36.97317,0 138.78772,36.97383,0 138.7877,36.97422,0 138.78768,36.97477,0 138.78768,36.97525,0 138.7877,36.97582,0 138.78774,36.97658,0 138.78779,36.97731,0 138.78785,36.9778,0 138.78788,36.97806,0 138.78794,36.97842,0 138.78807,36.97922,0 138.7882,36.97984,0 138.78836,36.9805,0 138.78851,36.98111,0 138.78866,36.98169,0 138.78888,36.98244,0 138.78928,36.98356,0 138.78946,36.98401,0 138.78982,36.98485,0 138.79006,36.98539,0 138.79025,36.98578,0 138.79044,36.98613,0 138.79068,36.98665,0 138.79071,36.98674,0 138.79142,36.9881,0 138.79173,36.98866,0 138.79239,36.98979,0 138.79304,36.99083,0 138.79358,36.99161,0 138.79385,36.99201,0 138.79417,36.99253,0 138.79464,36.9932,0 138.79493,36.99367,0 138.79502,36.99377,0 138.79564,36.99472,0 138.79599,36.99532,0 138.79659,36.99618,0 138.79733,36.99733,0 138.79812,36.99849,0 138.79942,37.00049,0 138.79998,37.00133,0 138.80083,37.00262,0 138.8011,37.00306,0 138.80136,37.00346,0 138.80166,37.0039,0 138.80204,37.00448,0 138.80213,37.00462,0 138.80335,37.00649,0 138.80362,37.0069,0 138.80417,37.00772,0 138.80466,37.00847,0 138.80495,37.00891,0 138.80522,37.00931,0 138.80546,37.00968,0 138.80548,37.00971,0 138.806,37.0105,0 138.8061,37.01064,0 138.80628,37.01091,0 138.80643,37.01114,0 138.80659,37.01138,0 138.80731,37.01246,0 138.80756,37.01283,0 138.80763,37.01294,0 138.80845,37.01415,0 138.809,37.01499,0 138.80959,37.01585,0 138.81011,37.01661,0 138.81092,37.01785,0 138.81177,37.01911,0 138.81287,37.02075,0 138.81325,37.02134,0 138.81359,37.02186,0 138.81435,37.02298,0 138.81458,37.02331,0 138.81545,37.02461,0 138.81567,37.02494,0 138.81677,37.02657,0 138.8172,37.02721,0 138.81728,37.02738,0 138.81797,37.02837,0 138.81823,37.02879,0 138.81839,37.02904,0 138.81879,37.02967,0 138.81963,37.03088,0 138.82145,37.03364,0 138.82192,37.03433,0 138.82233,37.03493,0 138.82279,37.03563,0 138.82323,37.03629,0 138.82359,37.03683,0 138.82391,37.03731,0 138.82443,37.03807,0 138.82487,37.03875,0 138.82548,37.03966,0 138.82605,37.0405,0 138.82621,37.04074,0 138.82687,37.04173,0 138.82788,37.04323,0 138.82796,37.04334,0 138.82827,37.0438,0 138.82879,37.04458,0 138.82963,37.04585,0 138.82992,37.04628,0 138.83007,37.0465,0 138.83057,37.04724,0 138.83076,37.04752,0 138.8315,37.04864,0 138.83193,37.04925,0 138.8326,37.05023,0 138.83313,37.05103,0 138.83363,37.05176,0 138.8339,37.05216,0 138.83434,37.05282,0 138.83474,37.05343,0 138.83556,37.05465,0 138.83611,37.05545,0 138.83636,37.05584,0 138.83688,37.05662,0 138.83739,37.05738,0 138.83765,37.05777,0 138.83782,37.05801,0 138.83874,37.05938,0 138.83879,37.05946,0 138.83897,37.05974,0 138.83985,37.06104,0 138.84034,37.06177,0 138.8409,37.0626,0 138.8412,37.06304,0 138.84198,37.06421,0 138.84255,37.06504,0 138.84312,37.0659,0 138.84391,37.06707,0 138.84411,37.06737,0 138.84491,37.06854,0 138.84512,37.06886,0 138.84604,37.07021,0 138.84664,37.07111,0 138.8468,37.07136,0 138.84715,37.07188,0 138.84739,37.07224,0 138.84784,37.07292,0 138.84801,37.07319,0 138.84839,37.07377,0 138.84872,37.07424,0 138.84929,37.07509,0 138.84939,37.07523,0 138.85002,37.07617,0 138.85049,37.07687,0 138.85101,37.07765,0 138.85157,37.07849,0 138.85202,37.07915,0 138.85264,37.08006,0 138.85362,37.08151,0 138.85396,37.08204,0 138.85462,37.083,0 138.85473,37.08316,0 138.85519,37.08384,0 138.85592,37.0849,0 138.85666,37.086,0 138.85692,37.08639,0 138.85804,37.08801,0 138.85866,37.08887,0 138.86014,37.09086,0 138.86169,37.09281,0 138.8628,37.09402,0 138.86325,37.09451,0 138.86422,37.09553,0 138.86567,37.0969,0 138.86778,37.09891,0 138.86998,37.10088,0 138.8718,37.10252,0 138.87205,37.10276,0 138.8728,37.10347,0 138.87457,37.10502,0 138.87504,37.10545,0 138.87661,37.10687,0 138.87846,37.10852,0 138.8795,37.10943,0 138.88019,37.11003,0 138.8819,37.11162,0 138.88372,37.11323,0 138.88553,37.11484,0 138.88693,37.11611,0 138.88737,37.11651,0 138.88922,37.11816,0 138.89104,37.11978,0 138.89285,37.1214,0 138.89439,37.12279,0 138.89461,37.12299,0 138.89637,37.12462,0 138.89835,37.12633,0 138.90005,37.12786,0 138.90136,37.12904,0 138.90184,37.12946,0 138.90258,37.13011,0 138.90406,37.13143,0 138.90481,37.13209,0 138.90517,37.13243,0 138.9068,37.13388,0 138.90823,37.13511,0 138.90853,37.13537,0 138.91023,37.13693,0 138.91053,37.13721,0 138.91227,37.13881,0 138.91396,37.14052,0 138.9152,37.1419,0 138.91531,37.14203,0 138.91536,37.1421,0 138.91588,37.14269,0 138.91654,37.14358,0 138.91764,37.14514,0 138.91782,37.14546,0 138.91876,37.14708,0 138.91952,37.14872,0 138.92007,37.15009,0 138.92008,37.15013,0 138.92027,37.15068,0 138.92063,37.15187,0 138.92078,37.15241,0 138.92108,37.15364,0 138.92137,37.15496,0 138.92141,37.15517,0 138.92148,37.15554,0 138.92157,37.15635,0 138.92164,37.15707,0 138.9218,37.15845,0 138.92187,37.15901,0 138.92193,37.15992,0 138.9221,37.16132,0 138.92212,37.16174,0 138.92227,37.16305,0 138.92235,37.16399,0 138.92251,37.16553,0 138.92253,37.16568,0</coordinates></LineString>
                        </Placemark>
                        <Placemark>
                            <name>上越新幹線</name>
                            <styleUrl>#style_green</styleUrl>
                            <LineString><tessellate>1</tessellate><coordinates>138.80824,36.93694,0 138.80744,36.93787,0 138.80646,36.93901,0</coordinates></LineString>
                        </Placemark>
                        <Placemark>
                            <name>上越新幹線</name>
                            <styleUrl>#style_green</styleUrl>
                            <LineString><tessellate>1</tessellate><coordinates>138.80824,36.93694,0 138.80879,36.93625,0 138.81079,36.93397,0</coordinates></LineString>
                        </Placemark>
                        <Placemark>
                            <name>上越新幹線</name>
                            <styleUrl>#style_green</styleUrl>
                            <LineString><tessellate>1</tessellate><coordinates>139.0132,36.32111,0 139.01317,36.32134,0 139.01315,36.32162,0 139.01283,36.32435,0 139.01277,36.3248,0</coordinates></LineString>
                        </Placemark>
                        <Placemark>
                            <name>上越新幹線</name>
                            <styleUrl>#style_green</styleUrl>
                            <LineString><tessellate>1</tessellate><coordinates>139.01277,36.3248,0 139.01273,36.32525,0 139.01271,36.32542,0 139.01249,36.32713,0 139.01226,36.32899,0 139.01213,36.33015,0 139.01191,36.33197,0 139.01178,36.33304,0 139.01162,36.33422,0 139.01159,36.33439,0 139.01151,36.33484,0 139.01148,36.33517,0 139.01141,36.33568,0 139.01133,36.33609,0 139.0113,36.33627,0 139.01126,36.33648,0 139.01111,36.3371,0 139.01095,36.33766,0 139.01065,36.33869,0 139.01042,36.33936,0 139.01028,36.33979,0 139.0099,36.3408,0 139.00971,36.34125,0 139.00926,36.34216,0 139.0089,36.34283,0 139.00849,36.34354,0 139.00787,36.34449,0 139.00757,36.34493,0 139.00741,36.34516,0 139.00636,36.34652,0 139.00603,36.34695,0 139.00552,36.34763,0 139.00545,36.34771,0 139.00431,36.34921,0 139.00374,36.34994,0 139.00343,36.35035,0 139.00202,36.35219,0 139.00092,36.35361,0 139.00046,36.35418,0 138.99996,36.3548,0</coordinates></LineString>
                        </Placemark>
                        <Placemark>
                            <name>上越新幹線</name>
                            <styleUrl>#style_green</styleUrl>
                            <LineString><tessellate>1</tessellate><coordinates>138.99996,36.3548,0 138.99878,36.3564,0 138.99827,36.35718,0 138.99794,36.35774,0 138.99785,36.35787,0 138.99757,36.35832,0 138.99728,36.3588,0 138.99681,36.35957,0 138.99667,36.35976,0 138.9966,36.35989,0 138.99648,36.36008,0 138.99637,36.36031,0 138.99626,36.3605,0 138.99617,36.36069,0 138.99604,36.36093,0 138.99587,36.36129,0 138.99573,36.36159,0 138.99564,36.36178,0 138.99558,36.36192,0 138.99541,36.36229,0 138.99533,36.36247,0 138.99527,36.36265,0 138.99518,36.36286,0 138.99513,36.36298,0 138.99499,36.36332,0 138.99483,36.36375,0 138.99475,36.36397,0 138.9946,36.36439,0 138.99451,36.36465,0 138.99435,36.36509,0 138.99423,36.36547,0 138.99408,36.36597,0 138.99398,36.36631,0 138.99388,36.36667,0 138.99373,36.36727,0 138.99364,36.36769,0 138.99355,36.36812,0 138.99347,36.36853,0 138.99339,36.36895,0 138.99325,36.36974,0 138.99312,36.37047,0 138.99304,36.37097,0 138.99295,36.3716,0 138.99294,36.37167,0 138.99289,36.37197,0 138.9928,36.37255,0 138.99276,36.37282,0 138.99269,36.37333,0 138.99262,36.37369,0 138.99256,36.3741,0 138.99249,36.37456,0 138.99242,36.37507,0 138.99233,36.37558,0 138.99227,36.37598,0 138.99217,36.37668,0 138.99206,36.37745,0 138.992,36.37789,0 138.9919,36.37847,0 138.99181,36.37907,0 138.99172,36.37967,0 138.99167,36.38003,0 138.99161,36.38045,0 138.99158,36.38062,0 138.99154,36.38086,0 138.99145,36.38147,0 138.99134,36.38215,0 138.99128,36.38266,0 138.99122,36.3831,0 138.99114,36.38355,0 138.99112,36.38372,0 138.99104,36.38424,0 138.991,36.38452,0 138.99094,36.3849,0 138.99089,36.38519,0 138.99083,36.38558,0 138.99079,36.38585,0 138.99074,36.38622,0 138.99067,36.3866,0 138.99064,36.38679,0 138.9906,36.38711,0 138.99049,36.38778,0 138.99043,36.38816,0 138.99033,36.38894,0 138.99019,36.38977,0 138.99013,36.39015,0 138.99003,36.39088,0 138.98997,36.3913,0 138.98979,36.39247,0 138.98975,36.39274,0 138.98972,36.39294,0 138.98968,36.39322,0 138.98948,36.39457,0 138.98942,36.39494,0 138.98937,36.39522,0 138.98931,36.39556,0 138.98924,36.39606,0 138.98917,36.39658,0 138.98905,36.39734,0 138.98895,36.3978,0 138.98889,36.39834,0 138.98884,36.39872,0 138.98871,36.39963,0 138.98864,36.40005,0 138.98857,36.40051,0 138.98825,36.40261,0 138.98797,36.4044,0 138.98774,36.4059,0 138.98762,36.40676,0 138.98756,36.40712,0 138.9875,36.40757,0 138.98749,36.40767,0 138.98745,36.4079,0 138.98733,36.40859,0 138.98709,36.41025,0 138.98701,36.41077,0 138.98694,36.41122,0 138.9869,36.41152,0 138.9868,36.41211,0 138.98673,36.41252,0 138.98652,36.41392,0 138.98645,36.41438,0 138.9864,36.41474,0 138.98632,36.41522,0 138.98611,36.41656,0 138.98611,36.41661,0 138.98608,36.41679,0 138.98602,36.41726,0 138.98593,36.4178,0 138.98585,36.41827,0 138.9858,36.41858,0 138.98568,36.41932,0 138.98564,36.4198,0 138.98547,36.42092,0 138.98535,36.42181,0 138.98508,36.42359,0 138.98493,36.42435,0 138.9848,36.42528,0 138.98476,36.42556,0 138.98468,36.42609,0 138.98467,36.42613,0 138.98462,36.4265,0 138.98443,36.4279,0 138.98431,36.42864,0 138.98417,36.42963,0 138.9841,36.4301,0 138.98381,36.43184,0 138.98354,36.43369,0 138.98343,36.4344,0 138.98314,36.43636,0 138.98295,36.43758,0 138.98279,36.43858,0 138.98275,36.43887,0 138.9826,36.4398,0 138.98235,36.44147,0 138.9822,36.44243,0 138.98195,36.44429,0 138.98189,36.44464,0 138.98151,36.4473,0 138.98148,36.44753,0 138.98133,36.44847,0 138.98107,36.45004,0 138.98098,36.45066,0 138.98066,36.45269,0 138.98054,36.45349,0 138.98027,36.45534,0 138.98015,36.45628,0 138.98011,36.45647,0 138.9799,36.45775,0 138.97984,36.45828,0 138.97952,36.46028,0 138.97942,36.46106,0 138.97912,36.46292,0 138.97899,36.46382,0 138.97879,36.46518,0 138.97867,36.46597,0 138.97856,36.4667,0 138.97847,36.46733,0 138.97815,36.46946,0 138.97812,36.4697,0 138.97772,36.4722,0 138.97765,36.47265,0 138.97732,36.47485,0 138.97729,36.47506,0 138.9771,36.47628,0 138.97704,36.47667,0 138.97697,36.47718,0 138.97681,36.47821,0 138.97674,36.47869,0 138.97646,36.48038,0 138.97635,36.48116,0 138.97619,36.48228,0 138.97605,36.4832,0 138.97593,36.48386,0 138.97575,36.48521,0 138.97574,36.48523,0 138.97568,36.48556,0 138.97563,36.48587,0 138.97545,36.48713,0 138.97526,36.48834,0 138.97508,36.48959,0 138.97502,36.49003,0 138.97485,36.49104,0 138.97465,36.49247,0 138.97439,36.49414,0 138.97439,36.49418,0 138.9742,36.49538,0 138.97402,36.49657,0 138.97379,36.49817,0 138.97359,36.4995,0 138.97334,36.50093,0 138.97314,36.50224,0 138.97302,36.50312,0 138.97292,36.50362,0 138.97279,36.50453,0 138.97271,36.50507,0 138.97258,36.50588,0 138.97248,36.50655,0 138.97239,36.507,0 138.97224,36.50815,0 138.97212,36.50883,0 138.97208,36.50904,0 138.97201,36.50947,0 138.97194,36.51005,0 138.97188,36.51046,0 138.97178,36.51097,0 138.97174,36.51129,0 138.9717,36.5116,0 138.97161,36.51208,0 138.97156,36.51249,0 138.9715,36.51285,0 138.97145,36.5132,0 138.97137,36.51359,0 138.9713,36.51401,0 138.97127,36.51437,0 138.97119,36.51517,0 138.97115,36.51575,0 138.9711,36.51642,0 138.97108,36.51678,0 138.97103,36.51749,0 138.97101,36.51793,0 138.97101,36.51801,0 138.97098,36.51857,0 138.97093,36.51907,0 138.97089,36.51955,0 138.97089,36.52012,0 138.97086,36.52053,0 138.9708,36.52107,0 138.97077,36.52167,0 138.97075,36.52207,0 138.97071,36.5227,0 138.97068,36.52333,0 138.97065,36.52379,0 138.97062,36.52423,0 138.9706,36.52464,0 138.97056,36.52518,0 138.97053,36.52564,0 138.97049,36.52617,0 138.97046,36.52672,0 138.97043,36.52701,0 138.9704,36.52745,0 138.97038,36.52791,0 138.97034,36.52854,0 138.97031,36.52893,0 138.97027,36.52957,0 138.97027,36.52962,0 138.97023,36.53014,0 138.97021,36.5307,0 138.97017,36.53121,0 138.97012,36.53179,0 138.97009,36.53235,0 138.97004,36.53311,0 138.97001,36.53369,0 138.96997,36.53423,0 138.96992,36.53514,0 138.96988,36.53564,0 138.96986,36.53608,0 138.9698,36.53709,0 138.96979,36.53743,0 138.96974,36.53794,0 138.96973,36.53848,0 138.96972,36.53858,0 138.9697,36.53889,0 138.96967,36.53935,0 138.96963,36.5398,0 138.96961,36.54022,0 138.96958,36.54069,0 138.96956,36.54105,0 138.96952,36.54151,0 138.96951,36.54185,0 138.96947,36.54239,0 138.96945,36.5429,0 138.96943,36.54306,0 138.96941,36.54345,0 138.9694,36.54371,0 138.96933,36.54436,0 138.9693,36.54467,0 138.9693,36.54474,0 138.9693,36.54517,0 138.96928,36.54538,0 138.96925,36.54571,0 138.96922,36.54629,0 138.96919,36.54674,0 138.96916,36.54732,0 138.96913,36.54773,0 138.96911,36.54813,0 138.96908,36.54856,0 138.96904,36.5493,0 138.969,36.54963,0 138.969,36.54984,0 138.96897,36.55036,0 138.96894,36.55076,0 138.96892,36.55111,0 138.96889,36.55168,0 138.96885,36.55211,0 138.96882,36.55252,0 138.9688,36.55297,0 138.96877,36.55343,0 138.96876,36.55368,0 138.96875,36.55392,0 138.96872,36.55432,0 138.96869,36.55475,0 138.96867,36.55511,0 138.96865,36.55553,0 138.96862,36.55594,0 138.96858,36.55648,0 138.96855,36.55697,0 138.96851,36.5576,0 138.96847,36.55815,0 138.96845,36.55863,0 138.9684,36.55919,0 138.96838,36.55973,0 138.96833,36.5602,0 138.9683,36.56062,0 138.96827,36.56118,0 138.96824,36.5617,0 138.96821,36.56239,0 138.96819,36.56268,0 138.96818,36.56281,0 138.96814,36.56335,0 138.96811,36.56378,0 138.96808,36.56419,0 138.96805,36.56471,0 138.96802,36.56523,0 138.96798,36.56575,0 138.96795,36.56626,0 138.96793,36.56672,0 138.96788,36.56716,0 138.96787,36.56762,0 138.96783,36.568,0 138.96781,36.56846,0 138.9678,36.56881,0 138.96776,36.56927,0 138.96773,36.56968,0 138.96771,36.56998,0 138.9677,36.5703,0 138.96767,36.57063,0 138.96765,36.57096,0 138.96764,36.57124,0 138.96761,36.57157,0 138.96761,36.57168,0 138.9676,36.57189,0 138.96756,36.57232,0 138.96754,36.57271,0 138.96754,36.57304,0 138.96749,36.57352,0 138.96747,36.57381,0 138.96745,36.57434,0 138.96743,36.57471,0 138.96743,36.57495,0 138.96742,36.57546,0 138.96742,36.5759,0 138.96742,36.57634,0 138.96742,36.57688,0 138.96744,36.57752,0 138.96743,36.57792,0 138.96746,36.57834,0 138.9675,36.57873,0 138.96751,36.57905,0 138.96754,36.57952,0 138.96757,36.57986,0 138.9676,36.58024,0 138.96761,36.58053,0 138.96764,36.58069,0 138.96768,36.58092,0 138.96775,36.58152,0 138.96783,36.58224,0 138.96789,36.58265,0 138.96797,36.58314,0 138.96803,36.58354,0 138.9681,36.58401,0 138.96817,36.58442,0 138.96823,36.58482,0 138.96827,36.58513,0 138.96833,36.58556,0 138.96838,36.58594,0 138.96843,36.58627,0 138.96846,36.58645,0 138.96849,36.58682,0 138.96851,36.58737,0 138.9685,36.58778,0 138.9684,36.5891,0 138.96828,36.58969,0 138.96801,36.59058,0 138.96753,36.59182,0 138.96701,36.59331,0 138.96671,36.59439,0 138.96664,36.59462,0 138.96629,36.59596,0 138.96614,36.59707,0 138.96598,36.5986,0 138.96592,36.59956,0 138.96589,36.59999,0 138.96586,36.60046,0 138.96585,36.601,0 138.96583,36.60153,0 138.96582,36.60216,0 138.96582,36.60293,0 138.96583,36.60335,0 138.96585,36.60398,0 138.96592,36.60535,0 138.96596,36.60593,0 138.96604,36.6071,0 138.96612,36.60774,0 138.96625,36.60891,0 138.96645,36.61018,0 138.96657,36.61086,0 138.96687,36.61226,0 138.96688,36.61232,0 138.96702,36.61296,0 138.96727,36.61409,0 138.96746,36.61489,0 138.96771,36.61592,0 138.9679,36.61674,0 138.96817,36.61786,0 138.96845,36.61907,0 138.96877,36.62046,0 138.96895,36.62117,0 138.96906,36.62165,0 138.96928,36.62258,0 138.96971,36.6244,0 138.97003,36.62574,0 138.97026,36.62681,0 138.97033,36.62702,0 138.97046,36.62766,0 138.97084,36.62913,0 138.97103,36.63006,0 138.97121,36.63076,0 138.97144,36.63174,0 138.97164,36.6326,0 138.97195,36.63387,0 138.97214,36.63466,0 138.97237,36.6357,0 138.97251,36.63626,0 138.97262,36.63679,0 138.97275,36.6373,0 138.9728,36.63749,0 138.97303,36.63846,0 138.97332,36.63969,0 138.97349,36.64044,0 138.97366,36.64113,0 138.97402,36.64271,0 138.97447,36.64452,0 138.97472,36.64561,0 138.97484,36.64616,0 138.97513,36.64738,0 138.97552,36.64898,0 138.97596,36.65086,0 138.97623,36.65203,0 138.97637,36.65266,0 138.97676,36.65425,0 138.97698,36.65519,0 138.97723,36.65626,0 138.97742,36.65711,0 138.97758,36.65778,0 138.97764,36.65801,0 138.97804,36.65973,0 138.97836,36.66108,0 138.97867,36.66244,0 138.97906,36.66404,0 138.97929,36.66501,0 138.97944,36.66567,0 138.97967,36.66664,0 138.97988,36.66753,0 138.97994,36.66774,0 138.98012,36.66859,0 138.98039,36.66977,0 138.9805,36.67008,0 138.98059,36.6718,0 138.98065,36.67359,0 138.98064,36.67456,0 138.98061,36.67553,0 138.98052,36.67678,0 138.98041,36.67762,0 138.98032,36.67833,0 138.98013,36.67942,0 138.97969,36.6818,0 138.97955,36.68255,0 138.97937,36.68355,0 138.97911,36.68493,0 138.97897,36.6856,0</coordinates></LineString>
                        </Placemark>
                        <Placemark>
                            <name>上越新幹線</name>
                            <styleUrl>#style_green</styleUrl>
                            <LineString><tessellate>1</tessellate><coordinates>138.97897,36.6856,0 138.97886,36.68618,0 138.97865,36.68743,0 138.97842,36.68862,0 138.97829,36.68938,0 138.978,36.69094,0 138.97794,36.69118,0</coordinates></LineString>
                        </Placemark>
                        <Placemark>
                            <name>上越新幹線</name>
                            <styleUrl>#style_green</styleUrl>
                            <LineString><tessellate>1</tessellate><coordinates>139.1779,36.21958,0 139.17716,36.21994,0 139.17598,36.22052,0 139.17524,36.22087,0 139.17437,36.22129,0 139.17378,36.22158,0 139.17361,36.22167,0 139.17298,36.22196,0 139.17163,36.22263,0 139.17079,36.22305,0 139.16976,36.22355,0 139.16865,36.22408,0 139.16773,36.22454,0 139.16678,36.22499,0 139.16622,36.22525,0 139.16531,36.22568,0 139.16464,36.22601,0 139.16426,36.2262,0 139.16416,36.22625,0 139.16316,36.22675,0 139.16217,36.22722,0 139.16157,36.22752,0 139.16098,36.22781,0 139.16063,36.22797,0 139.15987,36.22835,0 139.15852,36.22901,0 139.157,36.22974,0 139.1564,36.23004,0 139.15592,36.23027,0 139.15548,36.23049,0 139.15509,36.23068,0 139.15489,36.23077,0 139.15475,36.23083,0 139.15457,36.23092,0 139.15374,36.23133,0 139.15317,36.23161,0 139.15273,36.23183,0 139.15252,36.23193,0 139.15221,36.23209,0 139.1519,36.23223,0 139.15137,36.23249,0 139.15044,36.23295,0 139.14986,36.23323,0 139.14976,36.23328,0 139.14913,36.23358,0 139.14873,36.23376,0 139.14832,36.23397,0 139.14777,36.23425,0 139.14716,36.23454,0 139.14661,36.23481,0 139.14596,36.23512,0 139.14538,36.23539,0 139.14478,36.2357,0 139.14432,36.23593,0 139.14377,36.23619,0 139.14263,36.23674,0 139.14132,36.23738,0 139.14025,36.2379,0 139.13966,36.23818,0 139.13883,36.23859,0 139.13764,36.23917,0 139.13675,36.23962,0 139.13585,36.2401,0 139.13469,36.24073,0 139.13366,36.24126,0 139.13239,36.24194,0 139.13143,36.24247,0 139.13092,36.24276,0 139.13043,36.24303,0 139.12977,36.2434,0 139.12903,36.24381,0 139.12867,36.24401,0 139.12754,36.24463,0 139.12678,36.24507,0 139.12615,36.24541,0 139.12525,36.24591,0 139.12434,36.24641,0 139.1237,36.24679,0 139.12262,36.24741,0 139.12181,36.24789,0 139.12146,36.24808,0 139.1198,36.24897,0 139.11741,36.2503,0 139.11575,36.25122,0 139.1145,36.25192,0 139.1136,36.25242,0 139.11278,36.25288,0 139.1123,36.25315,0 139.11198,36.25332,0 139.11144,36.25363,0 139.11091,36.25392,0 139.11044,36.25417,0 139.11015,36.25433,0 139.10938,36.25475,0 139.10879,36.25508,0 139.10877,36.25509,0 139.10824,36.25538,0 139.10773,36.25567,0 139.10759,36.25574,0 139.107,36.25607,0 139.10643,36.25639,0 139.10605,36.25661,0 139.10575,36.25677,0 139.10529,36.25703,0 139.10486,36.25727,0 139.10454,36.25745,0 139.10398,36.25776,0 139.10357,36.25798,0 139.103,36.25829,0 139.10286,36.25837,0 139.10242,36.25862,0 139.10197,36.25888,0 139.10146,36.25916,0 139.10099,36.25943,0 139.10015,36.25989,0 139.09965,36.26017,0 139.09925,36.26038,0 139.0987,36.26068,0 139.09826,36.26093,0 139.09736,36.26143,0 139.09712,36.26157,0 139.09656,36.26188,0 139.09592,36.26224,0 139.09522,36.26263,0 139.09464,36.26295,0 139.09438,36.2631,0 139.0938,36.26343,0 139.09372,36.26348,0 139.09325,36.26373,0 139.09295,36.26388,0 139.09246,36.26416,0 139.09207,36.26437,0 139.09143,36.26472,0 139.09052,36.26525,0 139.09018,36.26543,0 139.08999,36.26554,0 139.08973,36.26567,0 139.08918,36.26597,0 139.08847,36.26638,0 139.08782,36.26675,0 139.0871,36.26713,0 139.08655,36.26744,0 139.0858,36.26787,0 139.0852,36.26819,0 139.08456,36.26854,0 139.08259,36.26962,0 139.08189,36.27002,0 139.0812,36.27041,0 139.07958,36.2713,0 139.07809,36.27212,0 139.07693,36.27273,0 139.07604,36.27318,0 139.07555,36.27341,0 139.07532,36.27352,0 139.07483,36.27374,0 139.07388,36.27415,0 139.07328,36.2744,0 139.07209,36.2749,0 139.07166,36.27508,0 139.07108,36.27532,0 139.07088,36.2754,0 139.07052,36.27555,0 139.06998,36.27577,0 139.06953,36.27596,0 139.06902,36.27618,0 139.0684,36.27643,0 139.06789,36.27663,0 139.06737,36.27685,0 139.06681,36.27707,0 139.06614,36.27734,0 139.06548,36.2776,0 139.06544,36.27761,0 139.06515,36.27774,0 139.06484,36.27787,0 139.06442,36.27804,0 139.06394,36.27824,0 139.06348,36.27842,0 139.06308,36.27858,0 139.06289,36.27866,0 139.06259,36.27879,0 139.06207,36.279,0 139.06172,36.27914,0 139.06141,36.27926,0 139.0611,36.27939,0 139.06076,36.27953,0 139.06009,36.27981,0 139.05951,36.28005,0 139.05899,36.28026,0 139.05848,36.28047,0 139.05811,36.28063,0 139.05555,36.28168,0 139.05315,36.28266,0 139.0508,36.28361,0 139.0486,36.28452,0 139.04836,36.28463,0 139.04552,36.2858,0 139.04158,36.28742,0 139.04093,36.28769,0 139.04054,36.28785,0 139.04001,36.28807,0 139.03933,36.28836,0 139.03876,36.2886,0 139.03873,36.28861,0 139.03823,36.28882,0 139.03782,36.28899,0 139.03744,36.28914,0 139.03703,36.28931,0 139.03686,36.28938,0 139.03653,36.28952,0 139.03631,36.28961,0 139.03595,36.28975,0 139.03551,36.28994,0 139.03518,36.29007,0 139.03461,36.2903,0 139.03423,36.29047,0 139.03398,36.29057,0 139.03342,36.29082,0 139.03292,36.29106,0 139.03257,36.29122,0 139.03211,36.29144,0 139.03186,36.29156,0 139.03154,36.29173,0 139.03116,36.29192,0 139.03089,36.29207,0 139.03054,36.29225,0 139.03028,36.2924,0 139.02983,36.29265,0 139.02948,36.29285,0 139.02912,36.29308,0 139.02908,36.29311,0 139.02889,36.29322,0 139.02861,36.2934,0 139.02821,36.29365,0 139.02788,36.29387,0 139.02761,36.29406,0 139.02731,36.29426,0 139.02702,36.29446,0 139.02664,36.29473,0 139.0263,36.29499,0 139.026,36.29521,0 139.02544,36.29562,0 139.02508,36.29592,0 139.02467,36.29625,0 139.0242,36.29665,0 139.02392,36.29689,0 139.02372,36.29706,0 139.02332,36.29744,0 139.02295,36.29778,0 139.02258,36.29814,0 139.02247,36.29825,0 139.02217,36.29856,0 139.02154,36.29921,0 139.02135,36.29942,0 139.02132,36.29944,0 139.0211,36.29969,0 139.02092,36.29989,0 139.02047,36.30038,0 139.0201,36.30082,0 139.01992,36.30104,0 139.01965,36.30139,0 139.01942,36.30169,0 139.01917,36.30201,0 139.01891,36.30238,0 139.01859,36.30285,0 139.01853,36.30294,0 139.01845,36.30307,0 139.01794,36.30385,0 139.01774,36.30418,0 139.01759,36.30442,0 139.01739,36.30475,0 139.01725,36.30501,0 139.01706,36.30534,0 139.01691,36.30563,0 139.01677,36.3059,0 139.01664,36.30616,0 139.01651,36.30642,0 139.01645,36.30654,0 139.01625,36.30698,0 139.01612,36.3073,0 139.01609,36.30735,0 139.01599,36.30757,0 139.01589,36.30782,0 139.01573,36.30825,0 139.01557,36.30864,0 139.01546,36.30894,0 139.01529,36.30943,0 139.01515,36.30981,0 139.015,36.31027,0 139.01494,36.31049,0 139.01478,36.31101,0 139.01465,36.3115,0 139.01459,36.31175,0 139.01451,36.31206,0 139.01443,36.31242,0 139.01436,36.31273,0 139.0143,36.31311,0 139.01425,36.31339,0 139.01419,36.31374,0 139.01414,36.31406,0 139.01408,36.31451,0 139.01404,36.31485,0 139.01401,36.31519,0 139.01399,36.31546,0 139.01396,36.31567,0 139.01392,36.31598,0 139.0139,36.31616,0 139.01389,36.31629,0 139.01386,36.31649,0 139.01384,36.31673,0 139.01379,36.3172,0 139.01373,36.31773,0 139.01371,36.31791,0 139.01367,36.31834,0 139.01362,36.31874,0 139.0136,36.31894,0 139.01358,36.31907,0 139.01356,36.31931,0 139.01353,36.31947,0 139.01348,36.31971,0 139.01342,36.32002,0 139.01333,36.32043,0 139.01328,36.32067,0 139.0132,36.32111,0</coordinates></LineString>
                        </Placemark>
                        <Placemark>
                            <name>上越新幹線</name>
                            <styleUrl>#style_green</styleUrl>
                            <LineString><tessellate>1</tessellate><coordinates>139.1779,36.21958,0 139.17834,36.21937,0 139.1789,36.2191,0 139.17944,36.21883,0 139.17998,36.21856,0 139.18071,36.21821,0 139.18119,36.21797,0 139.18155,36.21779,0</coordinates></LineString>
                        </Placemark>
                        <Placemark>
                            <name>上越新幹線</name>
                            <styleUrl>#style_green</styleUrl>
                            <LineString><tessellate>1</tessellate><coordinates>139.38814,36.14006,0 139.38689,36.1405,0 139.38651,36.14064,0 139.38406,36.14155,0 139.38155,36.14247,0 139.3799,36.14308,0 139.3795,36.14324,0 139.37919,36.14335,0 139.37853,36.1436,0 139.37647,36.14441,0 139.37535,36.14485,0 139.37179,36.14627,0 139.37147,36.14639,0 139.37026,36.14682,0 139.36898,36.14729,0 139.36843,36.14749,0 139.36759,36.14779,0 139.36662,36.14813,0 139.3658,36.1484,0 139.36369,36.14911,0 139.36226,36.14956,0 139.36058,36.15007,0 139.35807,36.15068,0 139.35794,36.15072,0 139.35655,36.151,0 139.3553,36.15123,0 139.35382,36.15148,0 139.35246,36.15168,0 139.35109,36.15184,0 139.34965,36.15197,0 139.34829,36.15208,0 139.34716,36.15217,0 139.34685,36.1522,0 139.34539,36.1523,0 139.34367,36.15243,0 139.34177,36.15257,0 139.33986,36.1527,0 139.33823,36.15282,0 139.33659,36.15296,0 139.33612,36.153,0 139.33464,36.15312,0 139.33328,36.15322,0 139.33212,36.15332,0 139.32992,36.15346,0 139.32871,36.15354,0 139.32716,36.15364,0 139.32578,36.15374,0 139.32508,36.15378,0 139.3238,36.15387,0 139.32154,36.15406,0 139.31918,36.15428,0 139.31735,36.15452,0 139.31521,36.15482,0 139.31412,36.15503,0 139.31303,36.15524,0 139.31168,36.15555,0 139.31058,36.15581,0 139.30875,36.15634,0 139.30784,36.15666,0 139.30664,36.15709,0 139.30553,36.1575,0 139.30382,36.15823,0 139.3038,36.15824,0 139.30248,36.15883,0 139.301,36.15954,0 139.29961,36.16021,0 139.29859,36.16071,0 139.29645,36.16174,0 139.29517,36.16236,0 139.29425,36.16282,0 139.29362,36.16313,0 139.29208,36.16388,0 139.28983,36.165,0 139.2895,36.16516,0 139.28822,36.16581,0 139.28665,36.16659,0 139.2846,36.1676,0 139.28338,36.1682,0 139.28146,36.16915,0 139.28002,36.16983,0 139.27979,36.16993,0 139.27798,36.17079,0 139.27787,36.17085,0 139.27649,36.17152,0 139.27446,36.17247,0 139.27241,36.17346,0 139.27019,36.17454,0 139.26889,36.17517,0 139.26845,36.17539,0 139.26651,36.17633,0 139.26536,36.17688,0 139.26277,36.17815,0 139.26159,36.17873,0 139.25894,36.18002,0 139.2588,36.18009,0 139.25644,36.18125,0 139.25492,36.18199,0 139.25277,36.18304,0 139.24969,36.18456,0 139.24945,36.18468,0 139.24679,36.186,0 139.24612,36.18635,0 139.2452,36.18679,0 139.24461,36.18707,0 139.24386,36.18744,0 139.24334,36.1877,0 139.24303,36.18785,0 139.24242,36.18815,0 139.242,36.18835,0 139.24171,36.18849,0 139.24109,36.18879,0 139.24002,36.1893,0 139.23933,36.18964,0 139.23874,36.18992,0 139.23811,36.19023,0 139.23749,36.19054,0 139.23634,36.19109,0 139.23549,36.19151,0 139.2351,36.1917,0 139.23457,36.19196,0 139.23383,36.19232,0 139.23272,36.19286,0 139.23159,36.19341,0 139.23021,36.19408,0 139.22876,36.1948,0 139.22792,36.19521,0 139.2271,36.1956,0 139.2254,36.19644,0 139.22438,36.19692,0 139.22432,36.19695,0 139.22356,36.19732,0 139.22173,36.19821,0 139.22052,36.19879,0 139.21921,36.19945,0 139.21762,36.20022,0 139.21606,36.20098,0 139.21481,36.20158,0 139.21439,36.20178,0 139.21318,36.20239,0 139.21201,36.20295,0 139.21138,36.20326,0 139.21078,36.20356,0 139.20972,36.20407,0 139.20888,36.20447,0 139.20812,36.20484,0 139.20739,36.2052,0 139.20664,36.20557,0 139.20609,36.20584,0 139.20558,36.2061,0 139.20531,36.20623,0 139.20485,36.20645,0 139.20409,36.20683,0 139.20335,36.2072,0 139.20247,36.20763,0 139.2017,36.20799,0 139.20095,36.20835,0 139.20014,36.20875,0 139.19975,36.20894,0 139.19884,36.20938,0 139.19828,36.20966,0 139.19773,36.20993,0 139.19697,36.2103,0 139.19595,36.21079,0 139.1958,36.21086,0 139.19498,36.21127,0 139.19432,36.21158,0 139.19428,36.2116,0 139.19379,36.21184,0 139.19311,36.21217,0 139.19214,36.21264,0 139.19115,36.21312,0 139.1903,36.21353,0 139.18951,36.21393,0 139.18832,36.2145,0 139.18705,36.21513,0 139.18639,36.21545,0 139.18545,36.2159,0 139.18495,36.21614,0 139.18481,36.21622,0 139.18455,36.21635,0 139.18399,36.21661,0 139.18335,36.21693,0 139.18266,36.21725,0 139.18172,36.21771,0 139.18155,36.21779,0</coordinates></LineString>
                        </Placemark>
                        <Placemark>
                            <name>田沢湖線</name>
                            <styleUrl>#style_purple</styleUrl>
                            <LineString><tessellate>1</tessellate><coordinates>141.13499,39.70295,0 141.13448,39.70341,0 141.13287,39.70481,0 141.13253,39.7051,0 141.13117,39.70627,0 141.13071,39.70667,0</coordinates></LineString>
                        </Placemark>
                        <Placemark>
                            <name>田沢湖線</name>
                            <styleUrl>#style_purple</styleUrl>
                            <LineString><tessellate>1</tessellate><coordinates>141.13807,39.70015,0 141.13499,39.70295,0</coordinates></LineString>
                        </Placemark>
                        <Placemark>
                            <name>田沢湖線</name>
                            <styleUrl>#style_purple</styleUrl>
                            <LineString><tessellate>1</tessellate><coordinates>141.0715,39.71128,0 141.07183,39.71146,0 141.0725,39.71184,0</coordinates></LineString>
                        </Placemark>
                        <Placemark>
                            <name>田沢湖線</name>
                            <styleUrl>#style_purple</styleUrl>
                            <LineString><tessellate>1</tessellate><coordinates>141.12293,39.70881,0 141.1237,39.70866,0 141.12407,39.7086,0 141.12605,39.70817,0 141.12645,39.70809,0 141.12747,39.70786,0 141.12781,39.70779,0 141.12875,39.70753,0 141.12937,39.70733,0 141.12976,39.7072,0 141.13001,39.7071,0 141.13022,39.707,0 141.13039,39.7069,0 141.13071,39.70667,0</coordinates></LineString>
                        </Placemark>
                        <Placemark>
                            <name>田沢湖線</name>
                            <styleUrl>#style_purple</styleUrl>
                            <LineString><tessellate>1</tessellate><coordinates>141.0725,39.71184,0 141.074,39.71269,0 141.07437,39.71289,0 141.07544,39.71348,0 141.07638,39.71397,0 141.07689,39.71417,0 141.07746,39.71434,0 141.07784,39.71443,0 141.07816,39.71448,0 141.07891,39.71459,0 141.08011,39.71479,0 141.08038,39.71484,0 141.08191,39.71507,0 141.08281,39.71519,0 141.08339,39.71528,0 141.08362,39.71531,0 141.08511,39.71548,0 141.08549,39.71551,0 141.08593,39.7155,0 141.0866,39.71545,0 141.08729,39.71535,0 141.08909,39.71506,0 141.09103,39.71473,0 141.09178,39.71458,0 141.09346,39.7143,0 141.09464,39.7141,0 141.09723,39.71371,0 141.09801,39.71357,0 141.09876,39.71343,0 141.09973,39.71326,0 141.10127,39.713,0 141.10204,39.71285,0 141.10352,39.71259,0 141.10437,39.71244,0 141.1064,39.71208,0 141.10829,39.71178,0 141.10882,39.71169,0 141.10894,39.71167,0 141.10999,39.71152,0 141.11116,39.71129,0 141.11233,39.71106,0 141.11486,39.71055,0 141.11826,39.70982,0 141.11929,39.70961,0 141.12148,39.70914,0 141.12293,39.70881,0</coordinates></LineString>
                        </Placemark>
                        <Placemark>
                            <name>田沢湖線</name>
                            <styleUrl>#style_purple</styleUrl>
                            <LineString><tessellate>1</tessellate><coordinates>140.57803,39.59979,0 140.57604,39.59862,0 140.57564,39.59837,0 140.57516,39.59804,0 140.57486,39.59776,0 140.57474,39.59761,0 140.57446,39.59728,0 140.57387,39.59628,0 140.57256,39.59407,0 140.57204,39.59321,0 140.57145,39.59225,0</coordinates></LineString>
                        </Placemark>
                        <Placemark>
                            <name>田沢湖線</name>
                            <styleUrl>#style_purple</styleUrl>
                            <LineString><tessellate>1</tessellate><coordinates>140.57091,39.59134,0 140.57001,39.58985,0 140.56978,39.58943,0 140.56843,39.58716,0 140.56778,39.58614,0 140.56728,39.58527,0 140.56709,39.58497,0 140.56563,39.58248,0 140.56489,39.58125,0 140.56447,39.58055,0 140.5636,39.57909,0 140.56349,39.57891,0 140.56347,39.57888,0 140.56275,39.57765,0 140.56261,39.57742,0 140.5625,39.57724,0 140.56231,39.57692,0 140.55984,39.57279,0 140.55949,39.57215,0 140.55812,39.56897,0</coordinates></LineString>
                        </Placemark>
                        <Placemark>
                            <name>田沢湖線</name>
                            <styleUrl>#style_purple</styleUrl>
                            <LineString><tessellate>1</tessellate><coordinates>140.57145,39.59225,0 140.57091,39.59134,0</coordinates></LineString>
                        </Placemark>
                        <Placemark>
                            <name>田沢湖線</name>
                            <styleUrl>#style_purple</styleUrl>
                            <LineString><tessellate>1</tessellate><coordinates>140.54158,39.54668,0 140.54027,39.54544,0</coordinates></LineString>
                        </Placemark>
                        <Placemark>
                            <name>田沢湖線</name>
                            <styleUrl>#style_purple</styleUrl>
                            <LineString><tessellate>1</tessellate><coordinates>140.52733,39.51886,0 140.52701,39.51849,0 140.52672,39.51817,0 140.52625,39.51763,0 140.52291,39.51387,0 140.52145,39.51224,0 140.52027,39.51092,0 140.51519,39.50522,0 140.51494,39.50494,0 140.51307,39.50282,0 140.51232,39.50198,0</coordinates></LineString>
                        </Placemark>
                        <Placemark>
                            <name>田沢湖線</name>
                            <styleUrl>#style_purple</styleUrl>
                            <LineString><tessellate>1</tessellate><coordinates>141.02391,39.70979,0 141.02548,39.70974,0</coordinates></LineString>
                        </Placemark>
                        <Placemark>
                            <name>田沢湖線</name>
                            <styleUrl>#style_purple</styleUrl>
                            <LineString><tessellate>1</tessellate><coordinates>140.60172,39.61232,0 140.60092,39.612,0</coordinates></LineString>
                        </Placemark>
                        <Placemark>
                            <name>田沢湖線</name>
                            <styleUrl>#style_purple</styleUrl>
                            <LineString><tessellate>1</tessellate><coordinates>140.49776,39.48927,0 140.49837,39.48972,0</coordinates></LineString>
                        </Placemark>
                        <Placemark>
                            <name>田沢湖線</name>
                            <styleUrl>#style_purple</styleUrl>
                            <LineString><tessellate>1</tessellate><coordinates>140.90799,39.6852,0 140.90912,39.68537,0 140.90969,39.68547,0 140.91011,39.68555,0 140.91047,39.68564,0 140.91084,39.68575,0 140.91173,39.68602,0 140.91417,39.68683,0 140.91642,39.68758,0 140.9179,39.68808,0 140.9184,39.68823,0 140.91873,39.68835,0 140.91905,39.68843,0 140.9194,39.68851,0 140.92031,39.68872,0 140.92087,39.68885,0 140.92104,39.68889,0 140.92155,39.68904,0 140.9218,39.68913,0 140.92202,39.68922,0 140.92218,39.68929,0 140.92237,39.68941,0 140.92256,39.68955,0 140.92291,39.68981,0 140.9235,39.69021,0 140.9239,39.6905,0 140.9241,39.69063,0 140.92436,39.69076,0 140.92458,39.69087,0 140.9248,39.69096,0 140.92505,39.69105,0 140.92523,39.69111,0 140.92545,39.69117,0 140.92627,39.69138,0 140.92836,39.69191,0 140.93079,39.69251,0 140.93083,39.69252,0 140.93307,39.69306,0 140.93393,39.69324,0 140.93433,39.69331,0 140.93459,39.69335,0 140.9348,39.69337,0 140.93496,39.69338,0 140.93547,39.69336,0 140.93803,39.69337,0 140.93967,39.69338,0 140.94177,39.69338,0 140.94209,39.69338,0 140.94298,39.69339,0</coordinates></LineString>
                        </Placemark>
                        <Placemark>
                            <name>田沢湖線</name>
                            <styleUrl>#style_purple</styleUrl>
                            <LineString><tessellate>1</tessellate><coordinates>140.60092,39.612,0 140.59898,39.61113,0 140.59826,39.61078,0 140.59808,39.6107,0 140.59442,39.60884,0 140.59055,39.60688,0 140.58885,39.60601,0 140.58817,39.60567,0 140.58619,39.60455,0 140.58261,39.60245,0 140.5798,39.60082,0 140.57803,39.59979,0</coordinates></LineString>
                        </Placemark>
                        <Placemark>
                            <name>田沢湖線</name>
                            <styleUrl>#style_purple</styleUrl>
                            <LineString><tessellate>1</tessellate><coordinates>140.49837,39.48972,0 140.50454,39.49439,0 140.50751,39.49664,0 140.50806,39.49714,0 140.51168,39.50124,0</coordinates></LineString>
                        </Placemark>
                        <Placemark>
                            <name>田沢湖線</name>
                            <styleUrl>#style_purple</styleUrl>
                            <LineString><tessellate>1</tessellate><coordinates>141.02548,39.70974,0 141.02792,39.70963,0 141.03171,39.70948,0 141.03294,39.70944,0 141.0334,39.70942,0 141.03404,39.70939,0 141.03523,39.70932,0 141.03626,39.70916,0 141.03692,39.70896,0 141.03734,39.70877,0 141.0378,39.70843,0 141.03821,39.70801,0 141.03868,39.70753,0 141.03886,39.70739,0 141.0391,39.7072,0 141.04047,39.70653,0 141.04133,39.70612,0 141.04214,39.70557,0 141.04261,39.70514,0 141.04297,39.70477,0 141.04328,39.70456,0 141.04354,39.70444,0 141.04416,39.7042,0 141.04523,39.70393,0 141.04684,39.70373,0 141.04849,39.70348,0 141.04892,39.70342,0 141.05108,39.70317,0 141.05201,39.70314,0 141.05207,39.70314,0 141.05321,39.70318,0 141.05401,39.70334,0 141.0561,39.70395,0 141.05795,39.70449,0 141.05925,39.70487,0 141.05973,39.70503,0 141.06022,39.7052,0 141.06068,39.70542,0 141.06118,39.70567,0 141.06227,39.70628,0 141.0626,39.70647,0 141.0639,39.70718,0 141.06577,39.70819,0 141.06744,39.70911,0 141.06906,39.70999,0 141.07031,39.71062,0 141.0715,39.71128,0</coordinates></LineString>
                        </Placemark>
                        <Placemark>
                            <name>田沢湖線</name>
                            <styleUrl>#style_purple</styleUrl>
                            <LineString><tessellate>1</tessellate><coordinates>140.72318,39.70085,0 140.72384,39.70103,0 140.72441,39.70117,0 140.72553,39.70144,0 140.72711,39.70182,0 140.72806,39.70204,0 140.72848,39.70212,0 140.72896,39.7022,0 140.72951,39.70222,0 140.72998,39.70221,0 140.73083,39.70216,0 140.73112,39.70213,0 140.73145,39.70206,0 140.73202,39.70187,0 140.73271,39.70158,0 140.73347,39.70117,0 140.73405,39.70081,0 140.73416,39.70074,0 140.73445,39.70056,0 140.73494,39.70024,0 140.73516,39.70011,0 140.73526,39.70006,0 140.7357,39.69983,0 140.73598,39.69971,0 140.73603,39.69969,0 140.73623,39.69961,0 140.73651,39.69952,0 140.73689,39.69941,0 140.73736,39.69936,0 140.73764,39.69933,0 140.73796,39.69933,0 140.73831,39.69933,0 140.7387,39.69939,0 140.73914,39.69944,0 140.73955,39.69953,0 140.73996,39.69964,0 140.74035,39.69978,0 140.74093,39.70004,0 140.74127,39.70019,0 140.74194,39.70054,0 140.74229,39.7007,0 140.74288,39.7009,0 140.74344,39.70105,0 140.74401,39.70119,0 140.74453,39.70128,0 140.74517,39.70129,0 140.74575,39.70127,0 140.74607,39.70124,0 140.74652,39.70119,0 140.74709,39.7011,0 140.74791,39.701,0 140.74829,39.70096,0 140.74848,39.70095,0 140.74868,39.70096,0 140.74885,39.70098,0 140.74909,39.70101,0 140.74944,39.70111,0 140.75031,39.70138,0 140.75053,39.70145,0 140.75069,39.7015,0 140.75094,39.70156,0 140.7511,39.70158,0 140.75125,39.70161,0 140.75141,39.70162,0 140.75166,39.70163,0 140.75183,39.70163,0 140.75195,39.70162,0 140.75215,39.70161,0 140.75242,39.70158,0 140.75285,39.70154,0 140.75407,39.70144,0 140.7547,39.70139,0 140.75621,39.70127,0 140.75669,39.70123,0 140.7572,39.70119,0 140.75731,39.70118,0 140.75754,39.70115,0 140.75775,39.7011,0 140.75787,39.70107,0 140.75809,39.70101,0 140.75859,39.70082,0 140.75925,39.70056,0 140.75958,39.70043,0 140.76084,39.6999,0 140.7611,39.69979,0 140.76191,39.69945,0 140.7621,39.69938,0 140.76313,39.69897,0 140.76359,39.69875,0 140.76397,39.69857,0 140.76455,39.69836,0 140.76506,39.69815,0 140.76563,39.69792,0 140.76615,39.69772,0 140.76666,39.69753,0 140.76701,39.69741,0 140.76734,39.69734,0 140.76805,39.69725,0 140.76843,39.6972,0 140.76853,39.6972,0 140.76877,39.69721,0 140.76906,39.69724,0 140.76934,39.69728,0 140.77001,39.69738,0 140.77045,39.69744,0 140.77059,39.69746,0 140.77111,39.69749,0 140.77136,39.69748,0 140.77148,39.69746,0 140.77168,39.69743,0 140.77209,39.69733,0 140.7726,39.69709,0 140.77276,39.697,0 140.77307,39.69682,0 140.77331,39.69669,0 140.77373,39.69646,0 140.77447,39.69603,0 140.77482,39.69584,0 140.77519,39.6956,0 140.77544,39.69543,0 140.77565,39.69523,0 140.77581,39.69509,0 140.77602,39.69482,0 140.77611,39.6946,0 140.77622,39.69423,0 140.77633,39.69377,0 140.77642,39.69351,0 140.77656,39.69326,0 140.7768,39.69294,0 140.77699,39.69273,0 140.77718,39.69259,0 140.77773,39.69217,0 140.77803,39.692,0 140.77829,39.69186,0 140.77866,39.69167,0 140.77921,39.69133,0 140.77945,39.69113,0 140.77969,39.69091,0 140.77999,39.69053,0 140.78047,39.68996,0 140.78074,39.68965,0 140.78077,39.68962,0 140.7811,39.68918,0 140.78135,39.68875,0 140.78153,39.68822,0 140.78174,39.68764,0 140.78191,39.68741,0 140.78209,39.68717,0 140.78227,39.68697,0 140.78249,39.68676,0 140.78274,39.6866,0 140.78298,39.68647,0 140.78333,39.68631,0 140.78362,39.68621,0 140.78396,39.68612,0 140.78424,39.68604,0 140.78474,39.68599,0 140.78544,39.68586,0 140.78609,39.68578,0 140.78711,39.68559,0 140.788,39.68546,0 140.78881,39.68531,0 140.78954,39.68519,0 140.79095,39.68495,0 140.79184,39.68482,0 140.79249,39.68469,0 140.79402,39.68445,0 140.79492,39.6843,0 140.79576,39.68418,0 140.79672,39.68401,0 140.79815,39.68375,0 140.8014,39.68318,0 140.805,39.6825,0 140.80656,39.68218,0 140.80729,39.68203,0 140.81112,39.68129,0 140.81445,39.68063,0 140.81735,39.68011,0 140.81796,39.68001,0 140.81841,39.67992,0 140.8207,39.67947,0 140.82431,39.67879,0 140.82734,39.6782,0 140.82919,39.67783,0 140.83171,39.67733,0 140.83659,39.6764,0 140.83855,39.67603,0 140.8396,39.67578,0 140.84005,39.67567,0 140.84036,39.67558,0 140.84058,39.6755,0 140.84095,39.67533,0 140.84111,39.67525,0 140.84194,39.67483,0 140.84315,39.6742,0 140.84338,39.67407,0 140.84376,39.67393,0 140.84417,39.67376,0 140.84462,39.67361,0 140.84501,39.67351,0 140.84537,39.67344,0 140.8458,39.67334,0 140.84636,39.67325,0 140.84691,39.67317,0 140.84751,39.67308,0 140.84781,39.67301,0 140.84814,39.67295,0 140.84854,39.67282,0 140.84885,39.67268,0 140.84918,39.6725,0 140.84934,39.67242,0 140.84959,39.67223,0 140.84984,39.67207,0 140.85022,39.67177,0 140.85081,39.67133,0 140.85109,39.67116,0 140.8513,39.67105,0 140.85156,39.67094,0 140.85192,39.67079,0 140.85252,39.67056,0 140.85316,39.6703,0 140.85405,39.67006,0 140.85446,39.66998,0 140.85493,39.66991,0 140.85523,39.6699,0 140.8557,39.66989,0 140.85607,39.66988,0 140.85643,39.66988,0 140.85712,39.66989,0 140.858,39.66986,0 140.85827,39.66984,0 140.8586,39.66981,0 140.85885,39.66979,0 140.85906,39.66976,0 140.85959,39.66963,0 140.85995,39.66948,0 140.8606,39.66915,0 140.86071,39.66909,0 140.86173,39.66833,0 140.8632,39.66737,0 140.86445,39.66648,0 140.8652,39.66618,0 140.86611,39.66603,0 140.86627,39.66605,0 140.86709,39.66612,0 140.8681,39.66626,0 140.8682,39.66629,0 140.86855,39.6664,0 140.86887,39.66652,0 140.869,39.66656,0 140.86948,39.66675,0 140.86992,39.66693,0 140.87104,39.66748,0 140.87151,39.66777,0 140.87172,39.66794,0 140.87245,39.66849,0 140.87284,39.66874,0 140.87338,39.66896,0 140.87345,39.66899,0 140.87396,39.66913,0 140.87452,39.66929,0 140.87479,39.66937,0 140.87498,39.66948,0 140.87565,39.66974,0 140.87583,39.66983,0 140.8764,39.67012,0 140.87704,39.67043,0 140.8772,39.67051,0 140.87845,39.67111,0 140.87907,39.67142,0 140.87941,39.67158,0 140.87995,39.67184,0 140.88029,39.67199,0 140.88055,39.67209,0 140.88086,39.67223,0 140.88103,39.67228,0 140.8812,39.67233,0 140.88149,39.67241,0 140.88187,39.67249,0 140.8823,39.67258,0 140.88271,39.67266,0 140.88299,39.6727,0 140.8833,39.67272,0 140.88365,39.67275,0 140.88414,39.67278,0 140.88469,39.67279,0 140.88555,39.67283,0 140.88583,39.67287,0 140.88597,39.67291,0 140.88633,39.67302,0 140.88661,39.67311,0 140.88676,39.67317,0 140.88696,39.67326,0 140.88713,39.67334,0 140.8873,39.67344,0 140.88744,39.67353,0 140.88789,39.67382,0 140.88839,39.67413,0 140.8887,39.67432,0 140.88895,39.67445,0 140.88924,39.67456,0 140.88952,39.67465,0 140.88978,39.67471,0 140.89156,39.67514,0 140.89198,39.67524,0 140.89278,39.67551,0 140.89342,39.67577,0 140.89379,39.67593,0 140.89427,39.67616,0 140.89483,39.6765,0 140.89515,39.67671,0 140.89565,39.67708,0 140.89594,39.67731,0 140.89624,39.67756,0 140.89651,39.67782,0 140.89672,39.67806,0 140.89696,39.67836,0 140.89718,39.67866,0 140.89732,39.67888,0 140.89796,39.67988,0 140.89861,39.68091,0 140.89901,39.68153,0 140.89922,39.68181,0 140.89938,39.68201,0 140.89957,39.68221,0 140.89975,39.68237,0 140.89997,39.68253,0 140.9002,39.68268,0 140.90121,39.68332,0 140.90182,39.68372,0 140.90209,39.68388,0 140.90231,39.68399,0 140.90257,39.68413,0 140.90283,39.68424,0 140.90333,39.68442,0 140.90373,39.68454,0 140.90412,39.68464,0 140.90453,39.68473,0 140.90481,39.68478,0 140.90511,39.68481,0 140.90571,39.68488,0 140.90648,39.68498,0</coordinates></LineString>
                        </Placemark>
                        <Placemark>
                            <name>田沢湖線</name>
                            <styleUrl>#style_purple</styleUrl>
                            <LineString><tessellate>1</tessellate><coordinates>140.94298,39.69339,0 140.9449,39.69341,0</coordinates></LineString>
                        </Placemark>
                        <Placemark>
                            <name>田沢湖線</name>
                            <styleUrl>#style_purple</styleUrl>
                            <LineString><tessellate>1</tessellate><coordinates>140.62709,39.62252,0 140.62702,39.6225,0 140.62468,39.62155,0 140.62434,39.62141,0 140.62277,39.6208,0 140.62184,39.62047,0 140.62154,39.62035,0 140.61965,39.6196,0 140.61332,39.61701,0 140.61164,39.61633,0 140.60928,39.61537,0 140.60583,39.61397,0 140.60172,39.61232,0</coordinates></LineString>
                        </Placemark>
                        <Placemark>
                            <name>田沢湖線</name>
                            <styleUrl>#style_purple</styleUrl>
                            <LineString><tessellate>1</tessellate><coordinates>140.9449,39.69341,0 140.94514,39.69341,0 140.94536,39.69341,0 140.94724,39.69341,0 140.9498,39.69341,0 140.95217,39.69342,0 140.95389,39.69341,0 140.95447,39.69339,0 140.9547,39.69338,0 140.95489,39.69336,0 140.95515,39.69332,0 140.95769,39.69292,0 140.95907,39.6927,0 140.96123,39.69231,0 140.96278,39.69197,0 140.96337,39.69183,0 140.96576,39.69128,0 140.96792,39.69079,0 140.97056,39.69019,0 140.97243,39.68977,0 140.97405,39.68941,0</coordinates></LineString>
                        </Placemark>
                        <Placemark>
                            <name>田沢湖線</name>
                            <styleUrl>#style_purple</styleUrl>
                            <LineString><tessellate>1</tessellate><coordinates>140.97557,39.68905,0 140.97574,39.68901,0 140.97664,39.6888,0 140.97794,39.6885,0 140.97948,39.68816,0 140.98018,39.68799,0 140.98084,39.68786,0 140.98128,39.6878,0 140.98159,39.68776,0 140.98193,39.68773,0 140.98224,39.68773,0 140.98266,39.68773,0 140.98294,39.68775,0 140.98326,39.6878,0 140.98346,39.68783,0 140.98372,39.6879,0 140.98395,39.68797,0 140.98411,39.68804,0 140.98431,39.68814,0 140.98445,39.68822,0 140.98464,39.68833,0 140.98482,39.68844,0 140.98498,39.68856,0 140.98519,39.68871,0 140.98529,39.68882,0 140.98543,39.68895,0 140.98555,39.68907,0 140.98568,39.68924,0 140.98582,39.68942,0 140.98596,39.68961,0 140.98663,39.69047,0 140.98682,39.69072,0 140.98687,39.69079,0 140.98787,39.69205,0 140.98952,39.69415,0 140.99052,39.69542,0 140.99113,39.6962,0 140.99266,39.69816,0 140.99401,39.69987,0 140.99485,39.70093,0 140.99551,39.70177,0 140.99568,39.70197,0 140.99583,39.70216,0 140.99611,39.70259,0 140.99622,39.70272,0 140.99631,39.70283,0 140.99642,39.70294,0 140.9965,39.70301,0 140.99704,39.7035,0 140.99777,39.70411,0 140.9983,39.70442,0 140.99876,39.70465,0 140.99956,39.70499,0 140.99998,39.70516,0 141.00237,39.70616,0 141.00369,39.7067,0 141.00626,39.70778,0 141.00881,39.70884,0 141.00944,39.70907,0 141.00997,39.70929,0 141.01121,39.7098,0 141.01144,39.70986,0 141.01237,39.71004,0 141.01282,39.7101,0 141.01407,39.71012,0 141.01612,39.71004,0 141.01967,39.7099,0 141.0203,39.70988,0 141.02084,39.70987,0 141.02113,39.70986,0 141.02287,39.70982,0 141.02391,39.70979,0</coordinates></LineString>
                        </Placemark>
                        <Placemark>
                            <name>田沢湖線</name>
                            <styleUrl>#style_purple</styleUrl>
                            <LineString><tessellate>1</tessellate><coordinates>140.90648,39.68498,0 140.90799,39.6852,0</coordinates></LineString>
                        </Placemark>
                        <Placemark>
                            <name>田沢湖線</name>
                            <styleUrl>#style_purple</styleUrl>
                            <LineString><tessellate>1</tessellate><coordinates>140.54027,39.54544,0 140.53981,39.54498,0 140.53874,39.54393,0 140.53812,39.54332,0 140.53779,39.54294,0 140.53759,39.54264,0 140.5374,39.54222,0 140.53733,39.54199,0 140.53697,39.54042,0 140.53692,39.54016,0 140.53676,39.53935,0 140.53662,39.5387,0 140.53606,39.53606,0 140.53604,39.53594,0 140.53504,39.53127,0 140.5348,39.53011,0 140.53457,39.52897,0 140.53442,39.5284,0 140.53402,39.52721,0 140.53377,39.52653,0 140.5335,39.52597,0 140.53326,39.52557,0 140.53276,39.52493,0 140.53208,39.52416,0 140.53029,39.52217,0 140.52806,39.51967,0</coordinates></LineString>
                        </Placemark>
                        <Placemark>
                            <name>田沢湖線</name>
                            <styleUrl>#style_purple</styleUrl>
                            <LineString><tessellate>1</tessellate><coordinates>140.47996,39.46546,0 140.47912,39.46626,0</coordinates></LineString>
                        </Placemark>
                        <Placemark>
                            <name>田沢湖線</name>
                            <styleUrl>#style_purple</styleUrl>
                            <LineString><tessellate>1</tessellate><coordinates>140.97405,39.68941,0 140.97557,39.68905,0</coordinates></LineString>
                        </Placemark>
                        <Placemark>
                            <name>田沢湖線</name>
                            <styleUrl>#style_purple</styleUrl>
                            <LineString><tessellate>1</tessellate><coordinates>140.69169,39.66829,0 140.69095,39.66753,0 140.69086,39.66741,0 140.69063,39.66719,0 140.6904,39.66698,0 140.68984,39.66655,0 140.6894,39.66623,0 140.68893,39.666,0 140.68821,39.6657,0 140.68744,39.66536,0 140.68732,39.6653,0 140.68688,39.66509,0 140.68643,39.66481,0 140.68569,39.66435,0 140.68499,39.66391,0 140.68421,39.6636,0 140.68366,39.6635,0 140.68289,39.66338,0 140.68143,39.66319,0 140.68042,39.66304,0 140.67957,39.66294,0 140.67937,39.6629,0 140.67918,39.66287,0 140.67855,39.66279,0 140.67731,39.66262,0 140.67656,39.6625,0 140.67587,39.66235,0 140.67562,39.66228,0 140.67509,39.66205,0 140.67458,39.66178,0 140.67415,39.66146,0 140.67386,39.66119,0 140.67364,39.66093,0 140.67339,39.6605,0 140.67332,39.66033,0 140.67327,39.66022,0 140.67316,39.65982,0 140.67314,39.65968,0 140.67314,39.65935,0 140.67316,39.65911,0 140.6732,39.65877,0 140.67323,39.6585,0 140.67333,39.65763,0 140.67344,39.65675,0 140.67354,39.65594,0 140.67361,39.65524,0 140.67358,39.65495,0 140.67351,39.65458,0 140.6734,39.65418,0 140.67313,39.65375,0 140.67298,39.65352,0 140.67252,39.65304,0 140.67204,39.65273,0 140.67145,39.6524,0 140.67026,39.65196,0 140.66933,39.65158,0 140.66927,39.65155,0 140.669,39.65142,0 140.66852,39.65118,0 140.66771,39.65064,0 140.66715,39.65016,0 140.66658,39.64955,0 140.6665,39.64944,0 140.66598,39.6487,0 140.66524,39.64766,0 140.66507,39.64734,0 140.6648,39.64671,0 140.66457,39.64597,0 140.66437,39.64548,0 140.66412,39.64509,0 140.66381,39.64474,0 140.66358,39.6445,0 140.66339,39.64437,0 140.66292,39.64406,0 140.66222,39.64361,0 140.66162,39.64318,0 140.66132,39.64286,0 140.66102,39.64244,0 140.66085,39.64205,0 140.66083,39.64193,0 140.66081,39.64182,0 140.66079,39.64168,0 140.66078,39.64163,0 140.66079,39.64124,0 140.66079,39.64118,0 140.6608,39.64115,0 140.6608,39.64101,0 140.66083,39.64067,0 140.66089,39.64041,0 140.661,39.63978,0 140.661,39.63956,0 140.66094,39.63933,0 140.66072,39.63885,0 140.66028,39.63807,0 140.65998,39.63755,0 140.65968,39.63713,0 140.65934,39.63673,0 140.65913,39.63653,0 140.65867,39.63615,0 140.65832,39.63586,0 140.65829,39.63584,0 140.65816,39.63573,0 140.65808,39.63567,0 140.6579,39.63552,0 140.65713,39.63484,0 140.65596,39.63387,0 140.65513,39.6332,0 140.65435,39.63286,0 140.65367,39.63274,0 140.65265,39.63264,0 140.65142,39.63264,0 140.65075,39.63252,0 140.64978,39.63219,0 140.64933,39.63199,0 140.64883,39.63174,0 140.64851,39.63151,0 140.64801,39.63117,0 140.64728,39.63075,0 140.64692,39.63054,0 140.64609,39.6302,0 140.64242,39.6287,0 140.63878,39.62724,0 140.6375,39.62671,0 140.63266,39.62477,0 140.63124,39.62421,0 140.62933,39.62342,0 140.62788,39.62283,0</coordinates></LineString>
                        </Placemark>
                        <Placemark>
                            <name>田沢湖線</name>
                            <styleUrl>#style_purple</styleUrl>
                            <LineString><tessellate>1</tessellate><coordinates>140.51168,39.50124,0 140.51232,39.50198,0</coordinates></LineString>
                        </Placemark>
                        <Placemark>
                            <name>田沢湖線</name>
                            <styleUrl>#style_purple</styleUrl>
                            <LineString><tessellate>1</tessellate><coordinates>140.69221,39.66885,0 140.69248,39.66911,0 140.69287,39.66947,0 140.69336,39.66997,0 140.69446,39.67107,0 140.69537,39.672,0 140.69694,39.67338,0 140.69719,39.67359,0 140.6984,39.67457,0 140.69896,39.67506,0 140.69932,39.67546,0 140.69964,39.67584,0 140.69989,39.67623,0 140.70009,39.67674,0 140.70026,39.67719,0 140.70043,39.67755,0 140.70065,39.67785,0 140.70092,39.67818,0 140.70099,39.67826,0 140.70148,39.67865,0 140.70224,39.67923,0 140.70247,39.67941,0 140.7027,39.67961,0 140.703,39.67992,0 140.70326,39.68021,0 140.70337,39.68038,0 140.70361,39.68077,0 140.70397,39.68147,0 140.70473,39.68297,0 140.70525,39.68394,0 140.7056,39.68443,0 140.70666,39.68591,0 140.70718,39.6865,0 140.70792,39.68737,0 140.70846,39.68812,0 140.70912,39.68887,0 140.71028,39.69005,0 140.71166,39.6913,0 140.71199,39.6916,0 140.71213,39.69175,0 140.719,39.69806,0 140.71914,39.69819,0 140.71927,39.69831,0 140.71997,39.69893,0 140.72004,39.699,0 140.72012,39.69907,0 140.72054,39.69943,0 140.72078,39.69961,0 140.72122,39.69987,0</coordinates></LineString>
                        </Placemark>
                        <Placemark>
                            <name>田沢湖線</name>
                            <styleUrl>#style_purple</styleUrl>
                            <LineString><tessellate>1</tessellate><coordinates>140.52806,39.51967,0 140.52733,39.51886,0</coordinates></LineString>
                        </Placemark>
                        <Placemark>
                            <name>田沢湖線</name>
                            <styleUrl>#style_purple</styleUrl>
                            <LineString><tessellate>1</tessellate><coordinates>140.62788,39.62283,0 140.62709,39.62252,0</coordinates></LineString>
                        </Placemark>
                        <Placemark>
                            <name>田沢湖線</name>
                            <styleUrl>#style_purple</styleUrl>
                            <LineString><tessellate>1</tessellate><coordinates>140.55812,39.56897,0 140.55777,39.56816,0</coordinates></LineString>
                        </Placemark>
                        <Placemark>
                            <name>田沢湖線</name>
                            <styleUrl>#style_purple</styleUrl>
                            <LineString><tessellate>1</tessellate><coordinates>140.55777,39.56816,0 140.55617,39.56445,0 140.55485,39.5614,0 140.55467,39.56099,0 140.55406,39.55961,0 140.55387,39.55919,0 140.55346,39.55856,0 140.55328,39.55834,0 140.55301,39.55806,0 140.55275,39.55781,0 140.54888,39.55394,0 140.54859,39.55366,0 140.54598,39.55107,0 140.5435,39.54859,0 140.54158,39.54668,0</coordinates></LineString>
                        </Placemark>
                        <Placemark>
                            <name>田沢湖線</name>
                            <styleUrl>#style_purple</styleUrl>
                            <LineString><tessellate>1</tessellate><coordinates>140.69221,39.66885,0 140.69169,39.66829,0</coordinates></LineString>
                        </Placemark>
                        <Placemark>
                            <name>田沢湖線</name>
                            <styleUrl>#style_purple</styleUrl>
                            <LineString><tessellate>1</tessellate><coordinates>140.47912,39.46626,0 140.47837,39.46699,0 140.47735,39.46795,0 140.47668,39.46858,0</coordinates></LineString>
                        </Placemark>
                        <Placemark>
                            <name>田沢湖線</name>
                            <styleUrl>#style_purple</styleUrl>
                            <LineString><tessellate>1</tessellate><coordinates>140.47668,39.46858,0 140.47638,39.46901,0 140.47614,39.46937,0 140.47599,39.46962,0 140.47586,39.46989,0 140.47573,39.47018,0 140.4756,39.47063,0 140.47562,39.47094,0 140.47567,39.47132,0 140.47575,39.47178,0 140.47594,39.47227,0 140.47622,39.47271,0 140.47656,39.47312,0 140.477,39.47349,0 140.47777,39.47411,0 140.47843,39.47461,0 140.47959,39.47552,0 140.48046,39.47617,0 140.48109,39.47666,0 140.48152,39.47698,0 140.48259,39.4778,0 140.48334,39.47838,0 140.48471,39.47942,0 140.48559,39.48008,0 140.48734,39.48142,0 140.48802,39.48193,0 140.48961,39.48315,0 140.49,39.48344,0 140.49067,39.48395,0 140.49249,39.48534,0 140.49321,39.48588,0 140.49538,39.48752,0 140.49656,39.48842,0 140.49776,39.48927,0</coordinates></LineString>
                        </Placemark>
                        <Placemark>
                            <name>田沢湖線</name>
                            <styleUrl>#style_purple</styleUrl>
                            <LineString><tessellate>1</tessellate><coordinates>140.72122,39.69987,0 140.72212,39.70038,0 140.72265,39.70067,0 140.72318,39.70085,0</coordinates></LineString>
                        </Placemark>
                        <Placemark>
                            <name>東北新幹線</name>
                            <styleUrl>#style_green</styleUrl>
                            <LineString><tessellate>1</tessellate><coordinates>141.28627,40.26107,0 141.28491,40.25848,0</coordinates></LineString>
                        </Placemark>
                        <Placemark>
                            <name>東北新幹線</name>
                            <styleUrl>#style_green</styleUrl>
                            <LineString><tessellate>1</tessellate><coordinates>141.28627,40.26107,0 141.28767,40.2638,0 141.28833,40.26509,0 141.28889,40.26625,0 141.28987,40.26868,0 141.29019,40.26959,0 141.29037,40.27017,0 141.29069,40.27136,0 141.29101,40.27271,0 141.29135,40.27505,0 141.29152,40.27739,0 141.29143,40.27997,0 141.29075,40.28548,0 141.29012,40.2897,0 141.28946,40.29433,0 141.28929,40.29591,0 141.28922,40.29778,0 141.2894,40.30074,0 141.28967,40.30285,0 141.2902,40.30542,0 141.29112,40.30828,0 141.29189,40.31012,0 141.29273,40.31172,0 141.294,40.3139,0 141.29623,40.31702,0 141.29773,40.31897,0 141.30181,40.32438,0 141.30268,40.3255,0 141.30474,40.32828,0 141.30668,40.3309,0 141.3092,40.3342,0 141.31154,40.33729,0 141.31285,40.33904,0 141.31657,40.344,0 141.3198,40.34822,0 141.32241,40.35165,0 141.32614,40.35661,0 141.33012,40.36185,0 141.33695,40.37092,0 141.34136,40.37676,0 141.34585,40.38272,0 141.34929,40.38729,0 141.35604,40.39632,0 141.35681,40.39741,0 141.36123,40.40338,0 141.36427,40.4074,0 141.36767,40.41188,0 141.36977,40.41469,0 141.37326,40.41924,0 141.37521,40.42173,0 141.3765,40.42349,0 141.37909,40.42692,0 141.38241,40.43132,0 141.38498,40.43473,0 141.38988,40.44123,0 141.39447,40.44735,0 141.39639,40.45017,0 141.39823,40.45326,0 141.39938,40.45542,0 141.40089,40.45865,0 141.40169,40.4605,0 141.40251,40.46251,0 141.40424,40.46732,0 141.40728,40.47557,0 141.40964,40.48189,0 141.41133,40.48559,0 141.41247,40.48772,0 141.4147,40.49136,0 141.4176,40.49536,0 141.41959,40.49777,0 141.42402,40.50248,0 141.42981,40.50822,0</coordinates></LineString>
                        </Placemark>
                        <Placemark>
                            <name>東北新幹線</name>
                            <styleUrl>#style_green</styleUrl>
                            <LineString><tessellate>1</tessellate><coordinates>141.42981,40.50822,0 141.43206,40.51043,0</coordinates></LineString>
                        </Placemark>
                        <Placemark>
                            <name>東北新幹線</name>
                            <styleUrl>#style_green</styleUrl>
                            <LineString><tessellate>1</tessellate><coordinates>141.13499,39.70295,0 141.13448,39.70341,0 141.13287,39.70481,0 141.13253,39.7051,0 141.13117,39.70627,0 141.13071,39.70667,0</coordinates></LineString>
                        </Placemark>
                        <Placemark>
                            <name>東北新幹線</name>
                            <styleUrl>#style_green</styleUrl>
                            <LineString><tessellate>1</tessellate><coordinates>141.13807,39.70015,0 141.13499,39.70295,0</coordinates></LineString>
                        </Placemark>
                        <Placemark>
                            <name>東北新幹線</name>
                            <styleUrl>#style_green</styleUrl>
                            <LineString><tessellate>1</tessellate><coordinates>141.21742,39.96114,0 141.21748,39.96202,0 141.21772,39.96434,0 141.21814,39.96805,0 141.2185,39.97168,0 141.21871,39.97301,0 141.21912,39.97511,0 141.21971,39.97698,0 141.21999,39.97785,0 141.22065,39.97956,0 141.22111,39.98059,0 141.22167,39.98168,0 141.22236,39.98297,0 141.22307,39.98418,0 141.2235,39.98488,0 141.22555,39.98763,0 141.22683,39.98911,0 141.22963,39.99196,0 141.23008,39.99238,0 141.23099,39.99318,0 141.23413,39.99582,0 141.23512,39.99669,0 141.23698,39.99838,0 141.23833,39.99959,0 141.23987,40.00097,0 141.24098,40.00197,0 141.24219,40.00317,0 141.24301,40.00399,0 141.24461,40.00584,0 141.24536,40.00684,0 141.24606,40.0078,0 141.24672,40.00884,0 141.24788,40.01073,0 141.2486,40.01209,0 141.2497,40.01459,0 141.25078,40.01791,0 141.25146,40.02065,0 141.25216,40.02391,0 141.25293,40.02761,0 141.25479,40.03622,0 141.25611,40.04242,0 141.25709,40.04698,0 141.25849,40.05338,0 141.25914,40.05651,0 141.25948,40.0581,0 141.26003,40.06058,0 141.26069,40.06358,0 141.26145,40.0672,0 141.26232,40.07118,0 141.26308,40.07462,0 141.26393,40.07858,0 141.26459,40.08168,0 141.26548,40.08574,0 141.26561,40.08651,0 141.26612,40.08876,0 141.26774,40.09623,0 141.2689,40.10165,0 141.27046,40.10905,0 141.27253,40.11848,0 141.27332,40.12244,0 141.27406,40.12554,0 141.27503,40.13026,0 141.27549,40.13258,0 141.27617,40.13672,0 141.2764,40.13986,0 141.27654,40.14409,0 141.27622,40.14884,0 141.27562,40.15363,0 141.27319,40.16935,0 141.27239,40.1744,0 141.27159,40.17987,0 141.27092,40.18443,0 141.27056,40.18705,0 141.26901,40.19755,0 141.26732,40.20946,0 141.26717,40.21078,0 141.26701,40.21307,0 141.26697,40.21428,0 141.26698,40.21657,0 141.26706,40.21858,0 141.26723,40.2204,0 141.26749,40.22244,0 141.26786,40.22458,0 141.2682,40.22624,0 141.26861,40.22792,0 141.26925,40.23018,0 141.27004,40.23246,0 141.27107,40.23503,0 141.27159,40.23623,0 141.27261,40.23839,0 141.27349,40.24006,0 141.27441,40.24165,0 141.27615,40.24441,0 141.2798,40.24988,0 141.28082,40.2515,0 141.28227,40.25378,0 141.28362,40.2562,0 141.28491,40.25848,0</coordinates></LineString>
                        </Placemark>
                        <Placemark>
                            <name>東北新幹線</name>
                            <styleUrl>#style_green</styleUrl>
                            <LineString><tessellate>1</tessellate><coordinates>141.21742,39.96114,0 141.21742,39.96009,0</coordinates></LineString>
                        </Placemark>
                        <Placemark>
                            <name>東北新幹線</name>
                            <styleUrl>#style_green</styleUrl>
                            <LineString><tessellate>1</tessellate><coordinates>141.13807,39.70015,0 141.13859,39.69963,0 141.14066,39.69741,0 141.14121,39.69678,0 141.14154,39.6964,0 141.14179,39.69609,0 141.14209,39.6957,0 141.1424,39.69526,0 141.14373,39.69331,0 141.14394,39.69301,0 141.14418,39.69265,0 141.14506,39.69132,0 141.14605,39.68985,0 141.14665,39.68873,0 141.14703,39.68803,0 141.14735,39.68723,0 141.14765,39.68646,0 141.14797,39.68552,0 141.14817,39.6848,0 141.14828,39.68433,0 141.14838,39.68389,0 141.14851,39.68329,0 141.14868,39.68222,0 141.14877,39.68134,0 141.14881,39.68001,0 141.14874,39.6784,0 141.14861,39.67667,0 141.14853,39.67535,0 141.14843,39.67368,0 141.14817,39.67036,0 141.14811,39.66948,0 141.14802,39.66798,0 141.14793,39.66666,0 141.1476,39.66191,0 141.14738,39.65898,0 141.1472,39.65656,0 141.14676,39.65036,0 141.14673,39.64998,0 141.14644,39.64566,0 141.14609,39.64098,0 141.146,39.63969,0 141.14597,39.63939,0 141.14565,39.63435,0 141.14559,39.63332,0 141.1455,39.6312,0 141.14552,39.63068,0 141.14556,39.62881,0 141.14564,39.62742,0 141.14605,39.62531,0 141.14676,39.62174,0 141.14762,39.61742,0 141.14849,39.61311,0 141.14855,39.61285,0 141.14975,39.60693,0 141.15036,39.60395,0 141.15074,39.6021,0 141.15214,39.59505,0 141.1524,39.59373,0 141.1535,39.58832,0 141.15397,39.58616,0 141.15432,39.58447,0 141.15479,39.58214,0 141.15514,39.58041,0 141.1556,39.57821,0 141.15585,39.57692,0 141.15603,39.57604,0 141.15612,39.57557,0 141.15621,39.57507,0 141.15656,39.57354,0 141.15671,39.57274,0 141.15688,39.57193,0 141.157,39.57139,0 141.15724,39.57015,0 141.15738,39.56939,0 141.15773,39.5677,0 141.15806,39.5662,0 141.15836,39.56467,0 141.15865,39.56312,0 141.15888,39.56195,0 141.15919,39.56049,0 141.15928,39.56001,0 141.1595,39.55898,0 141.1597,39.55798,0 141.15987,39.55714,0 141.1601,39.55606,0 141.16025,39.55533,0 141.16031,39.555,0 141.16054,39.55386,0 141.16074,39.55288,0 141.16094,39.55181,0 141.16112,39.55111,0 141.16133,39.55041,0 141.16158,39.54971,0 141.16197,39.54866,0 141.16227,39.54784,0 141.1626,39.54705,0 141.1628,39.54658,0 141.16305,39.54598,0 141.16336,39.54522,0 141.16367,39.54451,0 141.16412,39.54347,0 141.16453,39.54245,0 141.16495,39.54138,0 141.1653,39.54054,0 141.16567,39.53969,0 141.16601,39.53894,0 141.16634,39.53814,0 141.16638,39.53805,0 141.16674,39.5372,0 141.16697,39.5366,0 141.16726,39.53588,0 141.16774,39.53474,0 141.16805,39.53403,0 141.16841,39.53314,0 141.16882,39.53218,0 141.1692,39.53128,0 141.16972,39.52999,0 141.16993,39.52951,0 141.17005,39.52921,0 141.17031,39.52856,0 141.17057,39.52791,0 141.17083,39.52723,0 141.17123,39.52613,0 141.17149,39.52529,0 141.17172,39.52464,0 141.1719,39.52404,0 141.17208,39.52333,0 141.17218,39.52284,0 141.17229,39.52222,0 141.17237,39.52165,0 141.17249,39.52076,0 141.17256,39.52002,0 141.17262,39.5195,0 141.17263,39.51937,0 141.17268,39.51852,0 141.17276,39.51742,0 141.17284,39.51602,0 141.17287,39.5154,0 141.17295,39.51439,0 141.17299,39.51372,0 141.17301,39.51339,0 141.17307,39.51243,0 141.1731,39.51152,0 141.17313,39.5111,0 141.17319,39.51031,0 141.17321,39.50971,0 141.17324,39.50911,0 141.17329,39.50815,0 141.17335,39.50726,0 141.17342,39.50594,0 141.17353,39.50483,0 141.17354,39.50471,0 141.17362,39.50375,0 141.17366,39.50284,0 141.17378,39.5011,0 141.17383,39.49971,0 141.17394,39.4975,0 141.17399,39.49656,0 141.17404,39.4957,0 141.17411,39.49376,0 141.17418,39.49311,0 141.17422,39.49233,0 141.17432,39.49043,0 141.17439,39.48865,0 141.17443,39.48756,0 141.17445,39.48706,0 141.1745,39.48573,0 141.1746,39.48406,0 141.17465,39.48215,0 141.17475,39.47978,0 141.1748,39.47865,0 141.1748,39.47855,0 141.17489,39.4773,0 141.17497,39.4754,0 141.17507,39.47317,0 141.17513,39.47122,0 141.1752,39.47019,0 141.17523,39.46954,0 141.1753,39.46822,0 141.17538,39.46656,0 141.17551,39.46373,0 141.17562,39.46053,0 141.17562,39.46046,0 141.17574,39.45775,0 141.17583,39.45608,0 141.17588,39.45496,0 141.17604,39.45172,0 141.17605,39.45152,0 141.17626,39.44727,0 141.1764,39.44397,0 141.17647,39.44251,0 141.1765,39.44177,0 141.17658,39.4401,0 141.17666,39.43848,0 141.17667,39.43734,0 141.17672,39.43622,0 141.17675,39.43521,0 141.17682,39.43411,0 141.17685,39.4335,0 141.17688,39.43278,0 141.17696,39.43084,0 141.17699,39.42994,0 141.17711,39.42805,0 141.17719,39.42627,0 141.17726,39.42449,0 141.17729,39.42386,0 141.17734,39.42275,0 141.17737,39.42165,0 141.17735,39.42067,0 141.17728,39.41952,0 141.17716,39.41835,0 141.17685,39.41654,0 141.17684,39.41649,0 141.17641,39.41473,0 141.1763,39.41442,0 141.17513,39.41094,0 141.17405,39.40777,0</coordinates></LineString>
                        </Placemark>
                        <Placemark>
                            <name>東北新幹線</name>
                            <styleUrl>#style_green</styleUrl>
                            <LineString><tessellate>1</tessellate><coordinates>141.17405,39.40777,0 141.17318,39.40523,0</coordinates></LineString>
                        </Placemark>
                        <Placemark>
                            <name>東北新幹線</name>
                            <styleUrl>#style_green</styleUrl>
                            <LineString><tessellate>1</tessellate><coordinates>141.17318,39.40523,0 141.17316,39.40519,0 141.17159,39.40058,0 141.17134,39.39985,0 141.17131,39.39976,0 141.16986,39.39558,0 141.16836,39.39107,0 141.1682,39.39061,0 141.16793,39.38981,0 141.16671,39.38622,0 141.16495,39.38113,0 141.16481,39.38072,0 141.16317,39.37598,0 141.16196,39.37245,0 141.1617,39.37169,0 141.1616,39.37138,0 141.16148,39.37104,0 141.16017,39.36719,0 141.15938,39.36482,0 141.15872,39.36282,0 141.15811,39.36102,0 141.15718,39.35848,0 141.15637,39.35615,0 141.15587,39.35469,0 141.15541,39.35333,0 141.15432,39.35015,0 141.15296,39.34617,0 141.15251,39.34488,0 141.15166,39.34238,0 141.14979,39.33693,0 141.14954,39.33619,0 141.14914,39.33502,0 141.14848,39.33312,0 141.14815,39.33217,0 141.14708,39.32919,0 141.14647,39.32755,0 141.1458,39.32563,0 141.1454,39.32447,0 141.14492,39.32308,0 141.14393,39.32023,0 141.14291,39.31733,0 141.14239,39.31579,0 141.1419,39.31436,0 141.14139,39.31296,0 141.14098,39.31191,0 141.14047,39.31077,0 141.13957,39.30901,0 141.13859,39.30734,0 141.13838,39.30697,0 141.13707,39.30488,0 141.13573,39.30281,0 141.13475,39.30129,0 141.1335,39.29933,0 141.1326,39.29797,0 141.13102,39.29548,0 141.12918,39.29265,0 141.12868,39.29186,0 141.12795,39.29072,0 141.12695,39.28916,0 141.12554,39.28698,0 141.12445,39.28528,0 141.12356,39.28386,0</coordinates></LineString>
                        </Placemark>
                        <Placemark>
                            <name>東北新幹線</name>
                            <styleUrl>#style_green</styleUrl>
                            <LineString><tessellate>1</tessellate><coordinates>141.12356,39.28386,0 141.12285,39.28272,0 141.12234,39.28188,0 141.12168,39.28054,0</coordinates></LineString>
                        </Placemark>
                        <Placemark>
                            <name>東北新幹線</name>
                            <styleUrl>#style_green</styleUrl>
                            <LineString><tessellate>1</tessellate><coordinates>141.18919,39.14381,0 141.18822,39.14651,0</coordinates></LineString>
                        </Placemark>
                        <Placemark>
                            <name>東北新幹線</name>
                            <styleUrl>#style_green</styleUrl>
                            <LineString><tessellate>1</tessellate><coordinates>141.12168,39.28054,0 141.1215,39.28008,0 141.12088,39.27869,0 141.12087,39.27867,0 141.12003,39.27689,0 141.11924,39.2752,0 141.11852,39.27367,0 141.11762,39.27177,0 141.11691,39.27028,0 141.11665,39.26973,0 141.11571,39.26775,0 141.11495,39.26615,0 141.11421,39.26455,0 141.1137,39.26328,0 141.11313,39.2618,0 141.11311,39.26174,0 141.11292,39.26114,0 141.1125,39.25939,0 141.11232,39.25841,0 141.11219,39.2575,0 141.11204,39.256,0 141.11199,39.25516,0 141.11195,39.2537,0 141.11195,39.25287,0 141.11237,39.24933,0 141.11245,39.24888,0 141.1127,39.24711,0 141.11311,39.2457,0 141.1137,39.24399,0 141.11376,39.24384,0 141.11418,39.24253,0 141.11474,39.24126,0 141.11578,39.23927,0 141.11699,39.23715,0 141.11728,39.23673,0 141.11814,39.23546,0 141.11944,39.2338,0 141.12065,39.23248,0 141.1215,39.23167,0 141.12266,39.23044,0 141.12557,39.22743,0 141.12824,39.22462,0 141.1283,39.22455,0 141.13131,39.22147,0 141.13388,39.21882,0 141.13517,39.21748,0 141.13667,39.21593,0 141.13992,39.21253,0 141.14201,39.21039,0 141.14254,39.20984,0 141.1448,39.2075,0 141.14709,39.20514,0 141.14886,39.2033,0 141.14895,39.2032,0 141.15182,39.20027,0 141.15363,39.19834,0 141.15539,39.19656,0 141.15571,39.19621,0 141.15714,39.19472,0 141.15974,39.19201,0 141.16212,39.18956,0 141.16255,39.18912,0 141.16428,39.18733,0 141.16669,39.18482,0 141.16931,39.18214,0 141.16941,39.18204,0 141.17104,39.18035,0 141.1739,39.17738,0 141.17523,39.17589,0 141.1761,39.17485,0 141.17611,39.17483,0 141.17679,39.174,0 141.17804,39.17223,0 141.17915,39.17045,0 141.17968,39.16954,0 141.17995,39.16897,0 141.18047,39.16789,0 141.18101,39.16666,0 141.18127,39.16595,0 141.18188,39.16428,0 141.18233,39.16305,0 141.18284,39.16162,0 141.18307,39.16097,0 141.18336,39.16018,0 141.18377,39.15899,0 141.18426,39.15762,0 141.18467,39.15644,0 141.1853,39.15472,0 141.18549,39.15418,0 141.18578,39.15333,0 141.18648,39.15143,0 141.18713,39.14957,0 141.18786,39.14753,0 141.18822,39.14651,0</coordinates></LineString>
                        </Placemark>
                        <Placemark>
                            <name>東北新幹線</name>
                            <styleUrl>#style_green</styleUrl>
                            <LineString><tessellate>1</tessellate><coordinates>140.88245,38.26243,0 140.88254,38.26269,0 140.88275,38.26317,0 140.88296,38.26355,0 140.88309,38.26374,0 140.88312,38.26379,0 140.88334,38.26404,0 140.88362,38.26431,0 140.8839,38.26454,0 140.88423,38.26478,0 140.8847,38.26508,0 140.88471,38.26508,0 140.88502,38.26526,0 140.88531,38.26541,0 140.8857,38.26557,0 140.88636,38.26582,0 140.88752,38.26624,0 140.88865,38.26664,0 140.89003,38.26714,0 140.89092,38.26746,0 140.89198,38.26784,0 140.89283,38.26815,0 140.89364,38.26844,0 140.89423,38.26866,0 140.89467,38.26879,0 140.89478,38.26883,0 140.8951,38.26894,0 140.89567,38.2691,0 140.89584,38.26914,0 140.89634,38.26925,0 140.89684,38.26933,0 140.89764,38.26944,0 140.89808,38.26948,0 140.89896,38.26954,0 140.90017,38.2696,0 140.90126,38.26964,0 140.90235,38.26969,0 140.90339,38.26976,0 140.90389,38.26982,0 140.90505,38.26996,0 140.90607,38.27009,0 140.90683,38.27021,0 140.90703,38.27024,0 140.90829,38.27044,0 140.90934,38.27064,0 140.91002,38.27077,0 140.91075,38.27098,0 140.91135,38.27118,0 140.91186,38.2714,0 140.91257,38.27176,0 140.91352,38.2723,0 140.91434,38.27276,0 140.91513,38.27322,0 140.91588,38.27366,0 140.91664,38.27409,0 140.91689,38.27424,0 140.91795,38.27486,0 140.91909,38.27553,0 140.92017,38.27618,0 140.92074,38.27651,0 140.92155,38.277,0 140.92219,38.27736,0 140.923,38.27783,0 140.92354,38.27815,0 140.924,38.27842,0 140.92469,38.27883,0 140.92519,38.27912,0 140.92562,38.27938,0 140.92583,38.27951,0 140.92649,38.2799,0 140.92725,38.28034,0 140.92763,38.28057,0 140.92816,38.28089,0 140.9285,38.28108,0 140.92896,38.28136,0 140.92959,38.28174,0 140.9299,38.28192,0 140.93031,38.28216,0 140.93083,38.28246,0 140.93137,38.28279,0 140.93174,38.28301,0 140.93227,38.28332,0 140.93278,38.28362,0 140.93326,38.2839,0 140.93378,38.28421,0 140.93432,38.28453,0 140.93458,38.28468,0 140.93485,38.28483,0 140.93527,38.28508,0 140.93568,38.28532,0 140.9361,38.28557,0 140.9366,38.28587,0 140.93713,38.28618,0 140.93787,38.28662,0 140.93842,38.28695,0 140.93896,38.28726,0 140.93952,38.2876,0 140.94048,38.28817,0 140.94124,38.28862,0 140.9421,38.28911,0 140.94256,38.28939,0 140.94307,38.2897,0 140.94344,38.28991,0 140.94354,38.28998,0 140.94374,38.29011,0 140.94428,38.29045,0 140.94469,38.29071,0 140.94521,38.29103,0 140.94585,38.29145,0 140.94648,38.29186,0 140.94706,38.29225,0 140.94745,38.29251,0 140.94809,38.29294,0 140.94858,38.29326,0 140.94899,38.29354,0 140.94941,38.29383,0 140.9499,38.29418,0 140.95015,38.29435,0 140.95031,38.29448,0 140.95063,38.29473,0 140.95106,38.29508,0 140.95124,38.29524,0 140.95176,38.29574,0 140.95191,38.29587,0 140.95222,38.29617,0 140.95258,38.29654,0 140.95297,38.29696,0 140.95345,38.29746,0 140.95395,38.298,0 140.95447,38.29856,0 140.95474,38.29888,0 140.95514,38.29932,0 140.95556,38.29981,0 140.95606,38.30041,0 140.95627,38.30065,0 140.95674,38.30122,0 140.95718,38.30174,0 140.95769,38.30238,0 140.95794,38.30269,0 140.95828,38.30313,0 140.95834,38.30321,0 140.95853,38.30346,0 140.95871,38.30369,0 140.95872,38.30371,0 140.9588,38.30382,0 140.95892,38.30399,0 140.9592,38.30435,0 140.95941,38.30462,0 140.95968,38.30497,0 140.95995,38.30533,0 140.96025,38.30573,0 140.96026,38.30574,0 140.96066,38.3063,0 140.96083,38.3065,0 140.96127,38.30708,0 140.96159,38.30751,0 140.96196,38.308,0 140.96212,38.30822,0 140.96232,38.30848,0 140.96233,38.3085,0 140.96261,38.30886,0 140.96284,38.30917,0 140.96306,38.30945,0 140.96312,38.30953,0 140.96335,38.30984,0 140.96351,38.31007,0 140.96377,38.3104,0 140.96409,38.3109,0 140.9644,38.31138,0 140.96472,38.31187,0 140.96499,38.3123,0 140.96523,38.31273,0 140.96528,38.31282,0 140.96548,38.31318,0 140.96574,38.31369,0 140.966,38.31422,0 140.96631,38.31495,0 140.96654,38.31553,0 140.96679,38.3162,0 140.96703,38.31682,0 140.96723,38.31741,0 140.96744,38.3181,0 140.96763,38.31872,0 140.96781,38.31943,0 140.96791,38.31982,0 140.96808,38.32056,0 140.96819,38.32101,0 140.96829,38.32147,0 140.96832,38.3216,0 140.96844,38.3222,0 140.96853,38.32263,0 140.96858,38.32296,0 140.96866,38.3236,0 140.96874,38.32422,0 140.96881,38.32479,0 140.96886,38.32537,0 140.96891,38.326,0 140.96895,38.32645,0 140.96897,38.32689,0 140.96898,38.32721,0 140.96896,38.32762,0 140.96894,38.32842,0 140.96891,38.32895,0 140.96887,38.32973,0 140.96884,38.33045,0 140.96883,38.3306,0 140.9688,38.33108,0 140.96877,38.33154,0 140.96876,38.33192,0 140.96876,38.33194,0 140.96875,38.33199,0 140.96874,38.33234,0 140.96872,38.33277,0 140.9687,38.33321,0 140.96868,38.33364,0 140.96865,38.33398,0 140.96865,38.33425,0 140.96864,38.33429,0 140.96862,38.3346,0 140.96862,38.33461,0 140.96862,38.33464,0 140.96861,38.33531,0 140.96861,38.33579,0 140.96858,38.3363,0 140.96855,38.33705,0 140.96849,38.33795,0 140.96842,38.33884,0 140.9684,38.33928,0 140.96838,38.33944,0 140.96837,38.33949,0 140.96833,38.34017,0 140.96833,38.34022,0 140.96829,38.34074,0 140.96826,38.34125,0 140.96821,38.34211,0 140.96816,38.34295,0 140.96809,38.3442,0 140.96804,38.34488,0 140.96798,38.34588,0 140.96795,38.34675,0 140.9679,38.3475,0 140.96785,38.34844,0 140.9678,38.34918,0 140.96775,38.34988,0 140.96772,38.35033,0 140.96767,38.35122,0 140.9676,38.35204,0 140.96755,38.35294,0 140.96745,38.35435,0 140.96736,38.35602,0 140.96731,38.35682,0 140.96728,38.35732,0 140.96728,38.35736,0 140.96728,38.35738,0 140.96723,38.35807,0 140.96723,38.35811,0 140.9672,38.35848,0 140.96715,38.35945,0 140.96714,38.35955,0 140.96709,38.36029,0 140.96704,38.36147,0 140.96702,38.36194,0 140.96697,38.36268,0 140.96693,38.36319,0 140.96693,38.36324,0 140.96692,38.36336,0 140.9669,38.36371,0 140.96688,38.36414,0 140.96687,38.36438,0 140.96685,38.36466,0 140.96682,38.36509,0 140.9668,38.36535,0 140.96679,38.36551,0 140.96678,38.36577,0 140.96677,38.36589,0 140.96676,38.36609,0 140.96676,38.36614,0 140.96675,38.36644,0 140.96671,38.36682,0 140.9667,38.36694,0 140.96669,38.367,0 140.96667,38.36718,0 140.96667,38.36722,0 140.96665,38.36753,0 140.96661,38.3681,0 140.9666,38.36816,0 140.96658,38.36866,0 140.96658,38.36872,0 140.96656,38.36901,0 140.96651,38.36976,0 140.96646,38.37059,0 140.96645,38.37078,0 140.96645,38.37082,0 140.96644,38.37103,0 140.96642,38.37135,0 140.9664,38.37171,0 140.96633,38.37274,0 140.96632,38.37296,0 140.9663,38.37331,0 140.96627,38.37373,0 140.96622,38.37463,0 140.96618,38.37536,0 140.96611,38.37645,0 140.96611,38.37652,0 140.9661,38.37665,0 140.96609,38.37682,0 140.96609,38.37686,0 140.96603,38.37779,0 140.96603,38.37784,0 140.96603,38.37791,0 140.96601,38.37836,0 140.96599,38.37866,0 140.96596,38.37917,0 140.96596,38.37921,0 140.96593,38.37953,0 140.9659,38.37987,0 140.96587,38.38038,0 140.96581,38.38161,0 140.96573,38.38294,0 140.96563,38.3846,0 140.96558,38.38544,0 140.96549,38.38673,0 140.9654,38.38797,0 140.96537,38.38854,0 140.96532,38.38928,0 140.96526,38.39016,0 140.96519,38.39154,0 140.96512,38.39271,0 140.96502,38.39429,0 140.96496,38.39517,0 140.96492,38.39588,0 140.96486,38.39685,0 140.96481,38.39766,0 140.96472,38.39893,0 140.96471,38.39914,0 140.96465,38.40006,0 140.96459,38.40095,0 140.96455,38.40173,0 140.9645,38.40257,0 140.96448,38.40291,0 140.96446,38.40306,0 140.96446,38.40311,0 140.96444,38.40367,0 140.96444,38.40371,0 140.96442,38.40407,0 140.96431,38.40596,0 140.96431,38.406,0 140.96428,38.40644,0 140.96426,38.40679,0 140.96425,38.40706,0 140.96424,38.40712,0 140.96423,38.40733,0 140.96419,38.40798,0 140.96415,38.40864,0 140.96412,38.40925,0 140.96409,38.40974,0 140.96409,38.40979,0 140.96407,38.4102,0 140.96404,38.41036,0 140.96404,38.41045,0 140.96404,38.4105,0 140.964,38.41127,0 140.964,38.41131,0 140.96398,38.41172,0 140.96386,38.41343,0 140.96384,38.41379,0 140.96383,38.41386,0 140.96382,38.41391,0 140.9638,38.41401,0 140.96379,38.41407,0 140.96376,38.41457,0 140.96372,38.41525,0 140.96371,38.41538,0 140.96369,38.41571,0 140.96364,38.41661,0 140.9636,38.41731,0 140.96356,38.41812,0 140.96347,38.41962,0 140.96345,38.4201,0 140.96342,38.42069,0 140.96338,38.42156,0 140.96332,38.42237,0 140.96332,38.42245,0 140.96328,38.42322,0 140.96323,38.42399,0 140.96315,38.42514,0 140.96309,38.42599,0 140.96302,38.42696,0 140.96295,38.42802,0 140.96292,38.42887,0 140.96286,38.42973,0 140.96284,38.43,0 140.96281,38.43048,0 140.96275,38.43141,0 140.96275,38.43145,0 140.96272,38.43197,0 140.96268,38.43255,0 140.96262,38.43338,0 140.96257,38.43423,0 140.96251,38.43517,0 140.96247,38.43594,0 140.9624,38.43707,0 140.96232,38.43856,0 140.96223,38.43992,0 140.9622,38.44045,0 140.9622,38.44052,0 140.96219,38.44065,0 140.96214,38.44162,0 140.96209,38.44263,0 140.96203,38.44343,0 140.962,38.44395,0 140.96199,38.44407,0 140.96196,38.44446,0 140.96193,38.44493,0 140.96191,38.44514,0 140.9619,38.44553,0 140.96186,38.44614,0 140.96177,38.44745,0 140.9617,38.44854,0 140.96165,38.44929,0 140.96163,38.44959,0 140.96156,38.45069,0 140.96154,38.45103,0 140.96152,38.45138,0 140.96151,38.45159,0 140.9615,38.4518,0 140.96149,38.45199,0 140.96147,38.45222,0 140.96143,38.45288,0 140.96139,38.45357,0 140.96133,38.45465,0 140.96132,38.45485,0 140.96128,38.45532,0 140.96128,38.45554,0 140.96127,38.45575,0 140.96126,38.45599,0 140.96125,38.4562,0 140.96123,38.4566,0 140.96116,38.45764,0 140.96111,38.4583,0 140.9611,38.45834,0 140.9611,38.45848,0 140.96105,38.45913,0 140.96105,38.45918,0 140.96105,38.4592,0 140.96097,38.46027,0 140.96093,38.46094,0 140.96092,38.46099,0 140.9609,38.46133,0 140.96088,38.46167,0 140.96088,38.46169,0 140.96085,38.46206,0 140.96081,38.46285,0 140.96075,38.46377,0 140.96072,38.46424,0 140.96071,38.46429,0 140.9607,38.4644,0 140.96069,38.46452,0 140.96068,38.46484,0 140.96067,38.46511,0 140.96064,38.46543,0 140.96064,38.46546,0 140.96063,38.46564,0 140.96061,38.46602,0 140.96061,38.46606,0 140.96057,38.46665,0 140.96052,38.46758,0 140.96052,38.46762,0 140.96049,38.46805,0 140.96048,38.46809,0 140.96048,38.4681,0 140.96048,38.46816,0 140.96047,38.46828,0 140.96046,38.46845,0 140.96044,38.46866,0 140.96043,38.46885,0 140.96041,38.46912,0 140.96041,38.46916,0 140.96035,38.46997,0 140.96027,38.4711,0 140.9602,38.47222,0 140.96017,38.47261,0 140.96013,38.4732,0 140.96013,38.47322,0 140.96013,38.47328,0 140.96013,38.47334,0 140.96006,38.47444,0 140.96003,38.47482,0 140.96003,38.47488,0 140.95999,38.47558,0 140.95991,38.47669,0 140.95983,38.47783,0 140.95981,38.47802,0 140.95981,38.47807,0 140.95978,38.4784,0 140.95977,38.47861,0 140.95976,38.47866,0 140.95974,38.47895,0 140.9597,38.47972,0 140.9597,38.47974,0</coordinates></LineString>
                        </Placemark>
                        <Placemark>
                            <name>東北新幹線</name>
                            <styleUrl>#style_green</styleUrl>
                            <LineString><tessellate>1</tessellate><coordinates>140.9597,38.47974,0 140.95968,38.48008,0 140.95962,38.48119,0 140.95954,38.48232,0 140.95952,38.4827,0 140.95951,38.48273,0 140.95951,38.4828,0 140.95946,38.48341,0 140.95938,38.48456,0 140.9593,38.48567,0 140.95922,38.4868,0 140.95915,38.48793,0 140.95911,38.48846,0 140.9591,38.48854,0 140.95908,38.4888,0 140.95901,38.48967,0 140.95889,38.49101,0 140.95885,38.49166,0 140.95884,38.4921,0 140.95884,38.49289,0 140.95884,38.49292,0 140.95884,38.4931,0 140.95884,38.49327,0 140.95884,38.49357,0 140.95884,38.49361,0 140.95884,38.49371,0 140.95884,38.49406,0 140.95885,38.49408,0 140.95886,38.49459,0 140.95889,38.49546,0 140.95893,38.49642,0 140.95895,38.49685,0 140.95896,38.49733,0 140.95899,38.49797,0 140.95899,38.49814,0 140.959,38.49818,0 140.95901,38.49862,0 140.95904,38.49913,0 140.95905,38.49932,0 140.95906,38.49939,0 140.95909,38.5,0 140.95912,38.50053,0 140.95916,38.50111,0 140.95917,38.5013,0 140.95917,38.50133,0 140.95917,38.50137,0 140.95919,38.50162,0 140.95923,38.50216,0 140.95924,38.5022,0 140.95924,38.50227,0 140.95925,38.50253,0 140.95926,38.50272,0 140.95925,38.50295,0 140.95925,38.50297,0 140.95924,38.50307,0 140.95925,38.50331,0 140.95927,38.50363,0 140.95927,38.50406,0 140.95931,38.50453,0 140.95933,38.50495,0 140.95937,38.50534,0 140.95937,38.50548,0 140.95937,38.50583,0 140.95939,38.50622,0 140.95942,38.50664,0 140.95944,38.50706,0 140.95946,38.50744,0 140.95948,38.5078,0 140.9595,38.50828,0 140.95952,38.5088,0 140.95954,38.50913,0 140.95956,38.50955,0 140.95958,38.50997,0 140.95961,38.51041,0 140.95964,38.51088,0 140.95967,38.51115,0 140.95967,38.51126,0 140.95967,38.5113,0 140.95966,38.51145,0 140.95967,38.51149,0 140.95966,38.5116,0 140.95967,38.5119,0 140.95968,38.51224,0 140.95969,38.51243,0 140.9597,38.51247,0 140.95973,38.51283,0 140.95973,38.51291,0 140.95977,38.51326,0 140.95979,38.5135,0 140.95978,38.51359,0 140.95979,38.5139,0 140.95979,38.51394,0 140.95983,38.51449,0 140.95985,38.51483,0 140.95986,38.51498,0 140.95986,38.51501,0 140.95986,38.51521,0 140.95987,38.51527,0 140.95987,38.51545,0 140.95988,38.51575,0 140.9599,38.5161,0 140.95992,38.51614,0 140.95992,38.51623,0 140.95992,38.51628,0 140.95992,38.51649,0 140.95993,38.51655,0 140.95994,38.51677,0 140.95996,38.51708,0 140.95998,38.51744,0 140.96,38.51765,0 140.96001,38.51793,0 140.96003,38.51838,0 140.96005,38.51851,0 140.96005,38.51861,0 140.96009,38.51927,0 140.96014,38.52039,0 140.96016,38.52063,0 140.96022,38.52162,0 140.96027,38.52243,0 140.9603,38.52306,0 140.96036,38.52411,0 140.96039,38.52449,0 140.96041,38.52485,0 140.96044,38.52595,0 140.96051,38.52691,0 140.96059,38.52803,0 140.96065,38.52915,0 140.96066,38.52955,0 140.96071,38.53021,0 140.96076,38.53123,0 140.96078,38.53207,0 140.96082,38.53285,0 140.96087,38.5335,0 140.96091,38.53401,0 140.96097,38.53533,0 140.961,38.53608,0 140.96106,38.53732,0 140.96112,38.5383,0 140.96117,38.53941,0 140.96126,38.54092,0 140.9613,38.54171,0 140.96134,38.54251,0 140.96135,38.54254,0 140.96137,38.54291,0 140.96139,38.54345,0 140.96147,38.54432,0 140.96155,38.54492,0 140.96161,38.54533,0 140.96181,38.54652,0 140.96201,38.54739,0 140.96223,38.54845,0 140.96246,38.54934,0 140.96264,38.55018,0 140.96284,38.55097,0 140.96297,38.55159,0 140.96302,38.55182,0 140.96313,38.55233,0 140.96342,38.55351,0 140.96372,38.55469,0 140.9639,38.55544,0 140.96421,38.55666,0 140.96445,38.55756,0 140.96471,38.55863,0 140.9649,38.55931,0 140.96505,38.55993,0 140.96524,38.56065,0 140.96551,38.56164,0 140.96578,38.56272,0 140.96602,38.56366,0 140.96618,38.5643,0 140.96632,38.56495,0 140.96653,38.56576,0 140.96672,38.5665,0 140.96696,38.56746,0 140.9671,38.568,0 140.96734,38.56888,0 140.96747,38.56948,0</coordinates></LineString>
                        </Placemark>
                        <Placemark>
                            <name>東北新幹線</name>
                            <styleUrl>#style_green</styleUrl>
                            <LineString><tessellate>1</tessellate><coordinates>141.07063,38.74718,0 141.07022,38.74646,0 141.06963,38.7454,0 141.06934,38.74488,0 141.06904,38.74435,0 141.06874,38.74383,0 141.06868,38.74372,0 141.06814,38.74277,0 141.06784,38.74222,0 141.06755,38.74169,0 141.06724,38.74116,0 141.06681,38.74038,0 141.06637,38.7396,0 141.06607,38.73905,0 141.06579,38.73853,0 141.06546,38.73795,0 141.06488,38.73691,0 141.06429,38.73584,0 141.06411,38.73551,0 141.06397,38.73527,0 141.0637,38.73477,0 141.06341,38.73426,0 141.06334,38.73414,0 141.06318,38.73386,0 141.0631,38.73373,0 141.06304,38.73362,0 141.06261,38.73284,0 141.06251,38.73267,0 141.0623,38.7323,0 141.06211,38.73195,0 141.06203,38.73182,0 141.06192,38.73162,0 141.06184,38.73147,0 141.06163,38.73109,0 141.06144,38.73075,0 141.06136,38.73062,0 141.06132,38.73055,0 141.06103,38.73004,0 141.06073,38.72949,0 141.06043,38.72897,0 141.06013,38.72842,0 141.05985,38.72791,0 141.05954,38.72737,0 141.05923,38.72684,0 141.05893,38.72629,0 141.05864,38.72578,0 141.05806,38.72473,0 141.05747,38.72367,0 141.05676,38.72242,0 141.05624,38.72152,0 141.05549,38.72025,0 141.05515,38.7196,0 141.05466,38.71877,0 141.0542,38.71795,0 141.05372,38.71713,0 141.05326,38.71633,0 141.05322,38.71627,0 141.05277,38.71549,0 141.05231,38.71466,0 141.05184,38.71383,0 141.05138,38.713,0 141.05091,38.71215,0 141.05047,38.71136,0 141.05004,38.71058,0 141.04955,38.70972,0 141.04908,38.70889,0 141.04862,38.70807,0 141.04809,38.70715,0 141.048,38.70698,0 141.04793,38.70686,0 141.04741,38.70591,0 141.04679,38.70486,0 141.0462,38.70381,0 141.04601,38.7035,0 141.0456,38.70276,0 141.04544,38.70249,0 141.04498,38.70169,0 141.04459,38.70103,0 141.04393,38.69985,0 141.04369,38.69941,0 141.04319,38.69852,0 141.04258,38.69745,0 141.0423,38.69695,0 141.04219,38.69676,0 141.04159,38.69568,0 141.0411,38.69484,0 141.04064,38.69401,0 141.04017,38.6932,0 141.03969,38.69234,0 141.03908,38.69125,0 141.03848,38.6902,0 141.03826,38.68982,0 141.03818,38.68967,0 141.03806,38.68945,0 141.03761,38.68867,0 141.03713,38.68782,0 141.03666,38.687,0 141.03617,38.68615,0 141.03584,38.68559,0 141.03549,38.68495,0 141.03541,38.68481,0 141.03519,38.68444,0 141.03503,38.68416,0 141.03494,38.684,0 141.03488,38.68389,0 141.03487,38.68386,0 141.03472,38.68362,0 141.03458,38.68338,0 141.0345,38.68323,0 141.03429,38.68283,0 141.03426,38.68279,0 141.03418,38.68264,0 141.034,38.68233,0 141.0337,38.68178,0 141.03355,38.68154,0 141.03339,38.68127,0 141.03315,38.68081,0 141.0331,38.68072,0 141.03295,38.68046,0 141.0325,38.67966,0 141.03226,38.67923,0 141.03196,38.67868,0 141.03191,38.6786,0 141.03176,38.67835,0 141.0316,38.67805,0 141.03156,38.67798,0 141.03152,38.67792,0 141.03141,38.6777,0 141.0313,38.67752,0 141.03061,38.67629,0 141.03059,38.67625,0 141.03056,38.6762,0 141.03043,38.67595,0 141.03014,38.67542,0 141.02986,38.6749,0 141.02955,38.67435,0 141.02925,38.67383,0 141.02902,38.67343,0 141.02894,38.67328,0 141.02869,38.67286,0 141.02864,38.67277,0 141.02833,38.67223,0 141.02808,38.67178,0 141.02803,38.6717,0 141.02789,38.67146,0 141.02769,38.6711,0 141.0276,38.67093,0 141.0275,38.67076,0 141.02711,38.67008,0 141.02683,38.6696,0 141.02675,38.66948,0 141.02656,38.6692,0 141.02629,38.66874,0 141.02612,38.66844,0 141.026,38.66825,0 141.02591,38.66808,0 141.02555,38.66746,0 141.02537,38.66714,0 141.02525,38.66694,0 141.02496,38.66644,0 141.02495,38.66643,0 141.02453,38.66572,0 141.02436,38.66542,0 141.02413,38.665,0 141.0239,38.66462,0 141.0238,38.66444,0 141.02327,38.6635,0 141.02293,38.6629,0 141.02244,38.66206,0 141.02224,38.66171,0 141.02203,38.66132,0 141.02179,38.66089,0 141.02165,38.66065,0 141.02118,38.6598,0 141.02085,38.65919,0 141.0196,38.65696,0 141.01704,38.65245,0 141.01499,38.64884,0 141.01445,38.64792,0 141.01361,38.64638,0 141.0124,38.64426,0 141.0123,38.64408,0 141.01112,38.64204,0 141.00942,38.63905,0 141.00885,38.63805,0 141.00785,38.63629,0 141.00773,38.63609,0 141.00742,38.63554,0 141.00682,38.63456,0 141.00643,38.63397,0 141.00548,38.63261,0 141.0053,38.63234,0 141.00497,38.63186,0 141.00387,38.63026,0 141.00252,38.62836,0 141.00155,38.62703,0 141.0009,38.62612,0 141.00003,38.6249,0 140.99942,38.62405,0 140.99925,38.62381,0 140.99795,38.62203,0 140.99654,38.62009,0 140.99642,38.61992,0 140.99611,38.61949,0 140.99606,38.6194,0 140.99571,38.61893,0 140.99536,38.61841,0 140.99504,38.61796,0 140.99502,38.61793,0 140.99466,38.6174,0 140.99432,38.61692,0 140.99395,38.6164,0 140.99361,38.61593,0 140.99325,38.61541,0 140.99291,38.61493,0 140.99255,38.61441,0 140.99222,38.61395,0 140.99185,38.61342,0 140.99153,38.61296,0 140.99115,38.61242,0 140.99081,38.61195,0 140.99044,38.61143,0 140.9901,38.61096,0 140.98983,38.61058,0 140.98974,38.61044,0 140.9894,38.60996,0 140.98927,38.60977,0 140.98902,38.60943,0 140.98869,38.60896,0 140.98833,38.60843,0 140.98799,38.60797,0 140.98762,38.60745,0 140.98729,38.60697,0 140.98693,38.60645,0 140.9866,38.60598,0 140.98624,38.60546,0 140.98591,38.60498,0 140.98554,38.60446,0 140.9852,38.60399,0 140.98485,38.60347,0 140.9845,38.60299,0 140.98413,38.60247,0 140.9838,38.60199,0 140.98377,38.60195,0 140.98343,38.60148,0 140.98309,38.601,0 140.98273,38.60048,0 140.98239,38.6,0 140.98203,38.59948,0 140.9817,38.59902,0 140.98134,38.59851,0 140.981,38.59802,0 140.98064,38.5975,0 140.98029,38.59702,0 140.97991,38.59649,0 140.97958,38.59602,0 140.97921,38.59549,0 140.97888,38.59501,0 140.97851,38.59449,0 140.97825,38.59413,0 140.97817,38.59401,0 140.97781,38.59349,0 140.97747,38.59301,0 140.97709,38.59249,0 140.97676,38.59203,0 140.97638,38.59151,0 140.97605,38.59102,0 140.97569,38.5905,0 140.97536,38.59002,0 140.975,38.58951,0 140.97483,38.58927,0 140.97467,38.58903,0 140.97449,38.58876,0 140.9743,38.5885,0 140.97413,38.58824,0 140.97397,38.58802,0 140.97378,38.58776,0 140.97361,38.58751,0 140.97344,38.58728,0 140.97327,38.58704,0 140.97311,38.58679,0 140.97292,38.58645,0 140.97282,38.58627,0 140.97274,38.5861,0 140.97266,38.58595,0 140.97255,38.5857,0 140.97239,38.58541,0 140.97221,38.58509,0 140.97208,38.58484,0 140.97189,38.58444,0 140.97167,38.58396,0 140.97143,38.5834,0 140.97121,38.58284,0 140.97098,38.58227,0 140.97079,38.58179,0 140.97057,38.58118,0 140.97044,38.58076,0 140.97023,38.58004,0 140.9701,38.57958,0 140.96997,38.57906,0 140.96989,38.5788,0 140.96978,38.5784,0 140.96966,38.57792,0 140.9696,38.57767,0 140.96951,38.57731,0 140.96938,38.5768,0 140.96922,38.5762,0 140.96906,38.57567,0 140.96891,38.57511,0 140.96876,38.57453,0 140.96861,38.57393,0 140.96838,38.57313,0 140.96819,38.57235,0</coordinates></LineString>
                        </Placemark>
                        <Placemark>
                            <name>東北新幹線</name>
                            <styleUrl>#style_green</styleUrl>
                            <LineString><tessellate>1</tessellate><coordinates>140.96747,38.56948,0 140.96771,38.57044,0 140.96778,38.57073,0 140.96819,38.57235,0</coordinates></LineString>
                        </Placemark>
                        <Placemark>
                            <name>東北新幹線</name>
                            <styleUrl>#style_green</styleUrl>
                            <LineString><tessellate>1</tessellate><coordinates>141.07251,38.75052,0 141.07157,38.74885,0 141.07122,38.74824,0 141.071,38.74784,0 141.07086,38.74759,0 141.07074,38.74738,0 141.07063,38.74718,0</coordinates></LineString>
                        </Placemark>
                        <Placemark>
                            <name>東北新幹線</name>
                            <styleUrl>#style_green</styleUrl>
                            <LineString><tessellate>1</tessellate><coordinates>141.13841,38.92493,0 141.13979,38.92796,0</coordinates></LineString>
                        </Placemark>
                        <Placemark>
                            <name>東北新幹線</name>
                            <styleUrl>#style_green</styleUrl>
                            <LineString><tessellate>1</tessellate><coordinates>141.07251,38.75052,0 141.07295,38.75124,0 141.07355,38.75231,0 141.07392,38.75292,0 141.07406,38.75314,0 141.07428,38.75348,0 141.07471,38.75415,0 141.07527,38.75502,0 141.0757,38.75573,0 141.07607,38.75636,0 141.07647,38.75711,0 141.07707,38.75817,0 141.07751,38.75897,0 141.07787,38.75962,0 141.07832,38.76042,0 141.07871,38.76112,0 141.0788,38.76129,0 141.07908,38.7618,0 141.0794,38.76237,0 141.07965,38.7628,0 141.07997,38.76336,0 141.08023,38.76383,0 141.08054,38.76443,0 141.08099,38.76523,0 141.08146,38.76608,0 141.08201,38.76703,0 141.08249,38.76791,0 141.08287,38.76856,0 141.08328,38.76927,0 141.0834,38.76949,0 141.08379,38.7702,0 141.08428,38.77108,0 141.08469,38.7718,0 141.08508,38.7725,0 141.08552,38.77333,0 141.08601,38.77418,0 141.08657,38.77516,0 141.0871,38.77611,0 141.0876,38.77703,0 141.088,38.77769,0 141.08805,38.77778,0 141.0885,38.77862,0 141.0889,38.77937,0 141.0892,38.77993,0 141.08954,38.78058,0 141.08984,38.78115,0 141.09019,38.78185,0 141.09054,38.78259,0 141.09085,38.78331,0 141.09114,38.784,0 141.09149,38.78483,0 141.09182,38.78573,0 141.09196,38.7861,0 141.09211,38.78653,0 141.09234,38.78733,0 141.09257,38.78808,0 141.09284,38.78893,0 141.09314,38.78993,0 141.09365,38.79155,0 141.094,38.79272,0 141.09435,38.7939,0 141.09453,38.79457,0 141.09473,38.79529,0 141.09521,38.79683,0 141.09556,38.79804,0 141.09603,38.79981,0 141.09641,38.80119,0 141.09681,38.80255,0 141.09704,38.80335,0 141.09714,38.80371,0 141.09754,38.80509,0 141.09769,38.80563,0 141.09778,38.80595,0 141.09793,38.80653,0 141.09811,38.80714,0 141.09835,38.80795,0 141.09848,38.80837,0 141.09871,38.80914,0 141.09907,38.81035,0 141.09917,38.8107,0 141.09933,38.81123,0 141.09956,38.81201,0 141.09989,38.81316,0 141.10004,38.81368,0 141.10061,38.81561,0 141.10068,38.81583,0 141.1009,38.81663,0 141.1014,38.81827,0 141.10146,38.81848,0 141.10188,38.81997,0 141.10206,38.82059,0 141.10229,38.82133,0 141.10262,38.82246,0 141.10286,38.82329,0 141.103,38.82375,0 141.10321,38.82452,0 141.10345,38.82529,0 141.10371,38.82621,0 141.10397,38.82699,0 141.10433,38.82819,0 141.10437,38.82835,0 141.10453,38.82886,0 141.10475,38.82965,0 141.10506,38.83063,0 141.10542,38.83179,0 141.10552,38.83233,0 141.10585,38.83334,0 141.10621,38.83452,0 141.10652,38.83562,0 141.10671,38.83625,0 141.10722,38.83777,0 141.10735,38.83814,0 141.10839,38.8412,0 141.10868,38.84205,0 141.10871,38.84214,0 141.11015,38.84644,0 141.11108,38.84925,0 141.11124,38.84969,0 141.11224,38.85266,0 141.1137,38.85705,0 141.11414,38.85839,0 141.11495,38.86084,0 141.11598,38.86396,0 141.116,38.86401,0 141.11624,38.86474,0 141.11699,38.86694,0 141.11834,38.87084,0 141.11837,38.87093,0 141.1196,38.87453,0 141.1205,38.87713,0 141.12136,38.87953,0 141.12139,38.87961,0 141.12151,38.87992,0 141.1216,38.88007,0 141.1217,38.88032,0 141.12177,38.8805,0 141.12231,38.88192,0 141.12289,38.88336,0 141.12297,38.88355,0 141.12378,38.88561,0 141.12452,38.88736,0 141.12537,38.88939,0 141.12643,38.8919,0 141.12715,38.89359,0 141.12795,38.89561,0 141.12814,38.89608,0 141.12832,38.89664,0 141.12868,38.89799,0 141.12917,38.89977,0 141.12928,38.90015,0 141.1297,38.90167,0 141.13041,38.90426,0 141.13101,38.90637,0 141.13176,38.90894,0 141.1321,38.91002,0 141.13214,38.91017,0 141.1322,38.91036,0 141.13223,38.91047,0 141.13263,38.91165,0 141.13299,38.91265,0 141.13363,38.9141,0 141.13371,38.91427,0 141.13505,38.9173,0 141.13513,38.91752,0 141.13557,38.9185,0 141.13571,38.91885,0 141.13592,38.91932,0 141.13604,38.91957,0 141.13628,38.92012,0 141.13655,38.92074,0 141.13685,38.92136,0 141.13839,38.92488,0 141.13841,38.92493,0</coordinates></LineString>
                        </Placemark>
                        <Placemark>
                            <name>東北新幹線</name>
                            <styleUrl>#style_green</styleUrl>
                            <LineString><tessellate>1</tessellate><coordinates>141.13979,38.92796,0 141.13981,38.92799,0 141.1402,38.9289,0 141.14068,38.92993,0 141.1413,38.9313,0 141.14172,38.93228,0 141.1419,38.93272,0 141.14201,38.93298,0 141.14294,38.9351,0 141.1437,38.93683,0 141.14471,38.93911,0 141.14489,38.93961,0 141.14519,38.9404,0 141.14549,38.94121,0 141.14559,38.94151,0 141.14634,38.94385,0 141.14775,38.94834,0 141.14836,38.95024,0 141.14895,38.95208,0 141.1501,38.95568,0 141.15112,38.95897,0 141.15162,38.96057,0 141.15246,38.96332,0 141.15367,38.9671,0 141.15386,38.96771,0 141.15526,38.97222,0 141.15661,38.97644,0 141.15689,38.97732,0 141.15705,38.9777,0 141.15736,38.97856,0 141.15749,38.9789,0 141.15758,38.97916,0 141.15787,38.97989,0 141.15822,38.98077,0 141.15853,38.98159,0 141.1588,38.98231,0 141.15894,38.98265,0 141.15925,38.98348,0 141.15981,38.98495,0 141.16009,38.98568,0 141.16025,38.98611,0 141.16065,38.98715,0 141.16103,38.98814,0 141.16141,38.9891,0 141.16183,38.9902,0 141.16211,38.99094,0 141.16234,38.99156,0 141.16259,38.99218,0 141.16282,38.99278,0 141.16309,38.99349,0 141.1634,38.99428,0 141.16345,38.99443,0 141.16381,38.99537,0 141.164,38.99589,0 141.16434,38.99672,0 141.16456,38.99728,0 141.16491,38.99818,0 141.16513,38.9988,0 141.16547,38.99969,0 141.16579,39.00047,0 141.16615,39.00139,0 141.16643,39.00212,0 141.16666,39.0029,0 141.16751,39.00492,0 141.16893,39.00858,0 141.16927,39.00943,0 141.17111,39.01418,0 141.17224,39.01719,0 141.17249,39.01786,0 141.17259,39.01811,0 141.17473,39.0236,0 141.17594,39.02671,0 141.17626,39.02754,0 141.17788,39.03166,0 141.17927,39.03531,0 141.17977,39.03662,0 141.18177,39.04173,0 141.18262,39.0439,0 141.1833,39.04565,0 141.18374,39.04682,0 141.18517,39.05047,0 141.18572,39.05197,0 141.18593,39.05251,0 141.18671,39.05447,0 141.18719,39.0557,0 141.188,39.05787,0 141.18863,39.05952,0 141.18923,39.06111,0 141.18972,39.06232,0 141.18991,39.0628,0 141.19031,39.06377,0 141.19124,39.06619,0 141.19153,39.06699,0 141.192,39.06825,0 141.19247,39.06942,0 141.1935,39.07202,0 141.19445,39.07454,0 141.19467,39.07508,0 141.19486,39.07554,0 141.19493,39.07571,0 141.1952,39.07642,0 141.19541,39.07696,0 141.1955,39.07719,0 141.19622,39.07957,0 141.19657,39.08113,0 141.19678,39.0821,0 141.19687,39.08306,0 141.19694,39.0839,0 141.19692,39.08501,0 141.19693,39.08585,0 141.19694,39.08622,0 141.19693,39.08646,0 141.19688,39.08737,0 141.19684,39.08826,0 141.19682,39.08865,0 141.1968,39.08919,0 141.19673,39.09053,0 141.19668,39.09152,0 141.19663,39.09273,0 141.19657,39.09332,0 141.19657,39.09334,0 141.19653,39.0937,0 141.19639,39.09513,0 141.19627,39.09639,0 141.19616,39.09763,0 141.19607,39.09871,0 141.19593,39.10005,0 141.19581,39.10136,0 141.19573,39.10233,0 141.19567,39.10291,0 141.19563,39.1033,0 141.19548,39.10505,0 141.19542,39.1058,0 141.19535,39.10648,0 141.19527,39.10735,0 141.19513,39.10883,0 141.19506,39.10952,0 141.19504,39.10982,0 141.19501,39.11028,0 141.19492,39.11121,0 141.19488,39.11168,0 141.19484,39.11211,0 141.19477,39.11296,0 141.19471,39.11348,0 141.19463,39.11431,0 141.19459,39.11473,0 141.19451,39.11555,0 141.19442,39.1166,0 141.19435,39.11741,0 141.19423,39.11877,0 141.19421,39.11918,0 141.19417,39.11957,0 141.19413,39.12011,0 141.19407,39.12068,0 141.19402,39.12107,0 141.19396,39.12188,0 141.19384,39.12332,0 141.19367,39.12528,0 141.19363,39.12572,0 141.19354,39.12658,0 141.19352,39.12703,0 141.19344,39.12769,0 141.1934,39.12817,0 141.19336,39.12879,0 141.1933,39.12937,0 141.19325,39.1298,0 141.19318,39.13047,0 141.19317,39.13071,0 141.19314,39.13091,0 141.19312,39.13118,0 141.19309,39.13144,0 141.19304,39.13168,0 141.193,39.132,0 141.19283,39.13277,0 141.19277,39.13304,0 141.19265,39.13351,0 141.19256,39.13396,0 141.19228,39.13489,0 141.19207,39.13572,0 141.1916,39.13703,0 141.19111,39.13842,0 141.19053,39.14005,0 141.18998,39.14154,0 141.1896,39.14264,0 141.18919,39.14381,0</coordinates></LineString>
                        </Placemark>
                        <Placemark>
                            <name>東北新幹線</name>
                            <styleUrl>#style_green</styleUrl>
                            <LineString><tessellate>1</tessellate><coordinates>140.88181,38.25865,0 140.88207,38.26086,0 140.88229,38.26195,0 140.88245,38.26243,0</coordinates></LineString>
                        </Placemark>
                        <Placemark>
                            <name>東北新幹線</name>
                            <styleUrl>#style_green</styleUrl>
                            <LineString><tessellate>1</tessellate><coordinates>140.63377,37.99595,0 140.63419,37.99646,0 140.63498,37.9974,0 140.63616,37.9988,0 140.63641,37.99909,0 140.63668,37.99943,0 140.63683,37.99961,0 140.63766,38.0006,0 140.63817,38.00123,0 140.63931,38.00262,0 140.63935,38.00266,0 140.63962,38.00299,0 140.63975,38.00316,0 140.64098,38.00451,0 140.64137,38.00492,0 140.64164,38.00521,0 140.6417,38.00528,0 140.64295,38.00666,0 140.64376,38.00752,0 140.64465,38.00846,0 140.64581,38.00954,0 140.64653,38.0102,0 140.64723,38.01077,0 140.64809,38.01144,0 140.64893,38.0121,0 140.64931,38.0124,0 140.65016,38.01305,0 140.6505,38.01332,0 140.65099,38.01367,0 140.65165,38.01419,0 140.65259,38.01491,0 140.65332,38.01545,0 140.65385,38.01585,0 140.65468,38.01648,0 140.65547,38.01708,0 140.65628,38.01769,0 140.65702,38.01825,0 140.65748,38.0186,0 140.65833,38.01925,0 140.65875,38.01955,0 140.65959,38.02019,0 140.66044,38.02083,0 140.66082,38.02112,0 140.66253,38.02243,0 140.66332,38.02302,0 140.66413,38.02363,0 140.66455,38.02393,0 140.66495,38.02425,0 140.66514,38.02439,0 140.66577,38.02486,0 140.66659,38.02548,0 140.66746,38.02615,0 140.66785,38.02645,0 140.66825,38.02678,0 140.66859,38.02703,0 140.66914,38.02743,0 140.6696,38.0278,0 140.67032,38.02832,0 140.67109,38.02891,0 140.67128,38.02905,0 140.67137,38.02912,0 140.67195,38.02956,0 140.67269,38.03013,0 140.67394,38.03107,0 140.67422,38.03128,0 140.67468,38.03163,0 140.67495,38.03184,0 140.67498,38.03186,0 140.67544,38.03219,0 140.67636,38.03289,0 140.6771,38.03346,0 140.67733,38.03363,0 140.67794,38.0341,0 140.67879,38.03474,0 140.67959,38.03535,0 140.68081,38.03627,0 140.68088,38.03637,0 140.68096,38.03644,0 140.68108,38.03651,0 140.68216,38.0373,0 140.68247,38.03754,0 140.68383,38.03858,0 140.68505,38.0395,0 140.68575,38.04003,0 140.68594,38.04018,0 140.68644,38.04056,0 140.6866,38.04069,0 140.68697,38.04099,0 140.68782,38.04161,0 140.68866,38.04224,0 140.68947,38.04285,0 140.69032,38.04348,0 140.69116,38.0441,0 140.69195,38.0447,0 140.69225,38.04492,0 140.69239,38.04502,0 140.69316,38.0456,0 140.69358,38.04591,0 140.69438,38.0465,0 140.69481,38.04682,0 140.69521,38.04713,0 140.69527,38.04719,0 140.69533,38.04726,0 140.69539,38.0473,0 140.69541,38.04732,0 140.69605,38.04779,0 140.69644,38.04808,0 140.69707,38.04855,0 140.6981,38.04931,0 140.6986,38.04968,0 140.69957,38.0504,0 140.70051,38.05109,0 140.70125,38.05164,0 140.70133,38.0517,0 140.7015,38.05183,0 140.7021,38.05228,0 140.70276,38.05277,0 140.70345,38.05327,0 140.70353,38.05332,0 140.70364,38.0534,0 140.70506,38.05447,0 140.70548,38.05478,0 140.70575,38.05499,0 140.70582,38.05503,0 140.70597,38.05514,0 140.70653,38.05556,0 140.70659,38.05561,0 140.70739,38.05621,0 140.70851,38.05705,0 140.70976,38.05798,0 140.71096,38.05887,0 140.71119,38.05904,0 140.71208,38.0597,0 140.71216,38.05976,0 140.71411,38.06122,0 140.71475,38.0617,0 140.71556,38.06231,0 140.71597,38.06261,0 140.71681,38.06325,0 140.71726,38.06358,0 140.71843,38.06445,0 140.71855,38.06454,0 140.71877,38.06471,0 140.71916,38.06501,0 140.71925,38.06507,0 140.71982,38.06549,0 140.72033,38.06587,0 140.72042,38.06594,0 140.72116,38.06649,0 140.72225,38.06729,0 140.72442,38.06892,0 140.72491,38.06929,0 140.72506,38.0694,0 140.72535,38.06961,0 140.72559,38.06979,0 140.72589,38.07001,0 140.72684,38.07071,0 140.72815,38.07167,0 140.72901,38.0723,0 140.72919,38.07243,0 140.73023,38.07321,0 140.73115,38.07388,0 140.73171,38.07428,0 140.73296,38.0752,0 140.73396,38.07597,0 140.7341,38.07607,0 140.73535,38.07699,0 140.73631,38.07773,0 140.73743,38.07856,0 140.73841,38.07929,0 140.7388,38.07959,0 140.74002,38.08049,0 140.7411,38.08129,0 140.74226,38.08217,0 140.74254,38.08238,0 140.74261,38.08242,0 140.74306,38.08278,0 140.74345,38.08307,0 140.74387,38.0834,0 140.74472,38.08401,0 140.74517,38.08435,0 140.74558,38.08465,0 140.74641,38.08526,0 140.74659,38.0854,0 140.74716,38.08583,0 140.74773,38.08632,0 140.74924,38.08742,0 140.75089,38.08864,0 140.75213,38.08955,0 140.75296,38.09019,0 140.75379,38.0908,0 140.7542,38.0911,0 140.75456,38.09136,0 140.75462,38.09142,0 140.75505,38.09173,0 140.75588,38.09235,0 140.75622,38.0926,0 140.75665,38.09291,0 140.75683,38.09305,0 140.75684,38.09306,0 140.75745,38.09351,0 140.75792,38.09386,0 140.75921,38.09483,0 140.75932,38.09492,0 140.75991,38.09533,0 140.76046,38.09576,0 140.76052,38.0958,0 140.76067,38.09591,0 140.76114,38.09627,0 140.76149,38.09653,0 140.76222,38.09707,0 140.76301,38.09767,0 140.76383,38.09828,0 140.76404,38.09843,0 140.76413,38.0985,0 140.76459,38.09884,0 140.76553,38.09953,0 140.7661,38.09994,0 140.76675,38.10043,0 140.76717,38.10074,0 140.76761,38.10107,0 140.76771,38.10114,0 140.76844,38.10168,0 140.76897,38.10207,0 140.76938,38.10237,0 140.76955,38.1025,0 140.76964,38.10256,0 140.76993,38.10277,0 140.77035,38.10308,0 140.77086,38.10347,0 140.7711,38.10365,0 140.77162,38.10404,0 140.77188,38.10424,0 140.77204,38.10436,0 140.77213,38.10443,0 140.77274,38.10487,0 140.77337,38.10535,0 140.7739,38.10575,0 140.77391,38.10576,0 140.77454,38.10624,0 140.7752,38.10674,0 140.77603,38.10735,0 140.77675,38.1079,0 140.77725,38.10826,0 140.77763,38.10853,0 140.77804,38.10884,0 140.77845,38.10915,0 140.77886,38.10945,0 140.77934,38.1098,0 140.77974,38.11011,0 140.78022,38.11048,0 140.78055,38.11071,0 140.78083,38.11091,0 140.78094,38.111,0 140.78136,38.1113,0 140.78179,38.1116,0 140.78209,38.11183,0 140.7821,38.11184,0 140.78228,38.112,0 140.78238,38.11206,0 140.78286,38.11239,0 140.78325,38.11269,0 140.78364,38.11298,0 140.784,38.11324,0 140.78437,38.1135,0 140.78564,38.11444,0 140.78609,38.11476,0 140.78638,38.11496,0 140.7864,38.11498,0 140.78773,38.11603,0 140.78783,38.11611,0 140.78792,38.11617,0 140.78804,38.11625,0 140.78861,38.11668,0 140.78941,38.11724,0 140.78981,38.11752,0 140.79061,38.11809,0 140.79139,38.11867,0 140.79179,38.11898,0 140.79217,38.11924,0 140.79253,38.11952,0 140.79291,38.11979,0 140.79363,38.12033,0 140.79411,38.12067,0 140.79451,38.12099,0 140.79519,38.12149,0 140.79556,38.12176,0 140.79564,38.12182,0 140.79592,38.12203,0 140.79737,38.12313,0 140.79777,38.12343,0 140.79855,38.124,0 140.79927,38.12454,0 140.79962,38.12481,0 140.80041,38.1254,0 140.80086,38.12574,0 140.80127,38.12603,0 140.80162,38.12631,0 140.80203,38.12659,0 140.80248,38.12695,0 140.80292,38.12726,0 140.80332,38.12756,0 140.80373,38.12786,0 140.80381,38.12792,0 140.80412,38.12817,0 140.80452,38.12847,0 140.80491,38.12875,0 140.8053,38.12904,0 140.80573,38.12936,0 140.80596,38.12953,0 140.80603,38.12958,0 140.80632,38.1298,0 140.80637,38.12984,0 140.80661,38.13003,0 140.80698,38.1303,0 140.80737,38.13059,0 140.80756,38.13074,0 140.80763,38.13079,0 140.80778,38.1309,0 140.80903,38.13182,0 140.80981,38.13241,0 140.80985,38.13245,0 140.80988,38.13247,0 140.81049,38.13292,0 140.81126,38.13349,0 140.81192,38.13398,0 140.81209,38.13411,0 140.81245,38.13439,0 140.81313,38.13491,0 140.81371,38.13535,0 140.81373,38.13536,0 140.81402,38.1356,0 140.81474,38.13611,0 140.81585,38.13692,0 140.81647,38.13738,0 140.81697,38.13773,0 140.81771,38.13829,0 140.81807,38.13856,0 140.81852,38.13888,0 140.81886,38.13914,0 140.81926,38.13944,0 140.81964,38.13971,0 140.82001,38.13998,0 140.8204,38.14028,0 140.82107,38.14075,0 140.82112,38.14079,0 140.82159,38.14115,0 140.82196,38.14142,0 140.82239,38.14174,0 140.82278,38.14203,0 140.82327,38.1424,0 140.82369,38.1427,0 140.8251,38.14373,0 140.82542,38.144,0 140.82582,38.14427,0 140.82617,38.14455,0 140.82661,38.14487,0 140.82697,38.14513,0 140.82706,38.1452,0 140.82735,38.14542,0 140.82777,38.14572,0 140.8281,38.14597,0 140.82849,38.14626,0 140.82885,38.14652,0 140.82923,38.1468,0 140.82994,38.14734,0 140.83051,38.14774,0 140.8309,38.14803,0 140.83128,38.14832,0 140.83163,38.14858,0 140.83201,38.14887,0 140.83313,38.14971,0 140.83349,38.14998,0 140.83381,38.15022,0 140.83423,38.15051,0 140.83479,38.15095,0 140.83496,38.15106,0 140.83524,38.15128,0 140.83528,38.15132,0 140.8357,38.15162,0 140.83612,38.15194,0 140.83648,38.1522,0 140.83687,38.15248,0 140.83727,38.15278,0 140.83753,38.153,0 140.83769,38.1531,0 140.83804,38.15337,0 140.83843,38.15366,0 140.83887,38.15397,0 140.83925,38.15424,0 140.83998,38.15477,0 140.84019,38.15493,0 140.84034,38.15505,0 140.8408,38.15539,0 140.84117,38.15566,0 140.84157,38.15596,0 140.84196,38.15624,0 140.84234,38.15654,0 140.84276,38.15682,0 140.84293,38.15696,0 140.84299,38.15701,0 140.84308,38.15707,0 140.84384,38.15764,0 140.8444,38.15807,0 140.84516,38.15864,0 140.8456,38.15898,0 140.84568,38.15904,0 140.84595,38.15923,0 140.84629,38.15947,0 140.84669,38.15979,0 140.84709,38.16007,0 140.84743,38.16033,0 140.84776,38.16056,0 140.84782,38.16061,0 140.84814,38.16084,0 140.84854,38.16114,0 140.84872,38.16127,0 140.84911,38.16156,0 140.84949,38.16185,0 140.84989,38.16213,0 140.85026,38.16241,0 140.85068,38.16271,0 140.85105,38.16299,0 140.85176,38.16352,0 140.85224,38.16389,0 140.85247,38.16406,0 140.85262,38.16418,0 140.85298,38.16444,0 140.85375,38.165,0 140.854,38.16519,0 140.85475,38.16574,0 140.85571,38.16646,0 140.85606,38.16673,0 140.8566,38.16713,0 140.8577,38.16795,0 140.85861,38.16866,0 140.85883,38.16883,0 140.85987,38.16965,0 140.86026,38.16993,0 140.86111,38.17055,0 140.86223,38.17139,0 140.86326,38.17215,0 140.86446,38.17304,0 140.86517,38.1736,0 140.86576,38.17405,0 140.86648,38.17461,0 140.86721,38.17519,0 140.86796,38.17581,0 140.86868,38.17642,0 140.86942,38.17711,0 140.87004,38.1777,0 140.87046,38.1781,0 140.87105,38.17871,0 140.87157,38.17933,0 140.87182,38.17962,0 140.87219,38.18008,0 140.87278,38.18086,0 140.87336,38.18164,0 140.87399,38.18248,0 140.87461,38.18334,0 140.87507,38.18402,0 140.87541,38.18454,0 140.87568,38.18497,0 140.87593,38.18539,0 140.87619,38.18585,0 140.87665,38.18673,0 140.87686,38.18717,0 140.87689,38.18722,0 140.87716,38.18782,0 140.87763,38.1889,0 140.87775,38.1892,0 140.87794,38.18967,0 140.87815,38.19026,0 140.8784,38.19098,0 140.87867,38.19177,0 140.87892,38.1925,0 140.87918,38.19326,0 140.87944,38.19412,0 140.87972,38.19496,0 140.87994,38.19565,0 140.88017,38.19634,0 140.88039,38.19702,0 140.88063,38.19783,0 140.88066,38.1979,0 140.88089,38.19869,0 140.88117,38.19966,0 140.88141,38.20042,0 140.88167,38.20132,0 140.88197,38.20243,0 140.88224,38.20351,0 140.88244,38.20446,0 140.88258,38.20532,0 140.88267,38.20589,0 140.88272,38.20638,0 140.88273,38.20674,0 140.88275,38.20718,0 140.88277,38.20801,0 140.88276,38.2089,0 140.88274,38.20987,0</coordinates></LineString>
                        </Placemark>
                        <Placemark>
                            <name>東北新幹線</name>
                            <styleUrl>#style_green</styleUrl>
                            <LineString><tessellate>1</tessellate><coordinates>140.88274,38.20987,0 140.88274,38.21075,0 140.88269,38.21197,0 140.88269,38.21271,0 140.88268,38.21355,0 140.88269,38.21434,0 140.88273,38.21474,0 140.88278,38.2152,0 140.88282,38.21553,0 140.88286,38.21575,0 140.88289,38.21592,0 140.88298,38.21654,0 140.88313,38.21735,0 140.88326,38.21798,0 140.88338,38.21859,0 140.88349,38.21912,0 140.88365,38.21984,0 140.88375,38.22025,0 140.88389,38.22088,0 140.88403,38.22147,0 140.88421,38.22217,0 140.88435,38.22274,0 140.88454,38.22349,0 140.88483,38.22462,0 140.88486,38.22473,0 140.88508,38.22563,0 140.88529,38.22639,0 140.88546,38.22708,0 140.88565,38.22789,0 140.88579,38.22841,0 140.88604,38.22933,0 140.88622,38.22996,0 140.88642,38.23057,0 140.88677,38.23144,0 140.88703,38.232,0 140.88723,38.23236,0 140.88749,38.23269,0 140.88781,38.23306,0 140.88796,38.23318,0 140.88812,38.23333,0 140.88848,38.23362,0 140.88916,38.23409,0 140.88958,38.23439,0 140.89002,38.23469,0 140.89022,38.23482,0 140.89081,38.23523,0 140.89151,38.23572,0 140.89221,38.2362,0 140.89251,38.23642,0 140.89281,38.23666,0 140.89318,38.23703,0 140.89347,38.23739,0 140.89372,38.2377,0 140.89383,38.23788,0 140.89391,38.2381,0 140.89399,38.23835,0 140.89405,38.23873,0 140.89408,38.23906,0 140.89406,38.23948,0 140.89397,38.23992,0 140.89382,38.2405,0 140.89365,38.24104,0 140.89352,38.2415,0 140.8933,38.24225,0 140.89328,38.24231,0 140.89303,38.24321,0 140.89284,38.24382,0 140.89259,38.24465,0 140.89232,38.2456,0 140.89202,38.24656,0 140.89193,38.24678,0 140.8918,38.24697,0 140.89163,38.2472,0 140.89134,38.24754,0 140.89109,38.24781,0 140.89056,38.24826,0 140.89014,38.24859,0 140.88951,38.24908,0 140.88888,38.24955,0 140.88828,38.25002,0 140.88812,38.25015,0 140.88729,38.25078,0 140.88653,38.25136,0 140.88605,38.25173,0 140.88524,38.25236,0 140.88445,38.25297,0 140.88425,38.25317,0 140.88385,38.25354,0 140.88346,38.25392,0 140.88318,38.25422,0 140.88298,38.25445,0 140.88288,38.25457,0 140.88278,38.25472,0 140.88263,38.25495,0 140.88258,38.25505,0 140.88245,38.25528,0 140.88231,38.25558,0 140.88225,38.25573,0 140.88213,38.25607,0 140.88206,38.2563,0 140.88202,38.25646,0 140.88199,38.25661,0 140.8819,38.25711,0 140.88184,38.25749,0 140.88181,38.25794,0 140.88181,38.25861,0 140.88181,38.25865,0</coordinates></LineString>
                        </Placemark>
                        <Placemark>
                            <name>東北新幹線</name>
                            <styleUrl>#style_green</styleUrl>
                            <LineString><tessellate>1</tessellate><coordinates>140.63377,37.99595,0 140.63331,37.99539,0 140.6318,37.9936,0</coordinates></LineString>
                        </Placemark>
                        <Placemark>
                            <name>東北新幹線</name>
                            <styleUrl>#style_green</styleUrl>
                            <LineString><tessellate>1</tessellate><coordinates>140.45855,37.75938,0 140.45854,37.75893,0 140.45855,37.75873,0 140.45857,37.75806,0 140.45857,37.75802,0 140.45864,37.75608,0 140.45865,37.7558,0</coordinates></LineString>
                        </Placemark>
                        <Placemark>
                            <name>東北新幹線</name>
                            <styleUrl>#style_green</styleUrl>
                            <LineString><tessellate>1</tessellate><coordinates>140.6318,37.9936,0 140.63174,37.99353,0 140.63058,37.99218,0 140.62921,37.99056,0 140.62791,37.98903,0 140.62777,37.98887,0 140.62639,37.98724,0 140.62577,37.98651,0 140.62487,37.98545,0 140.62452,37.98505,0 140.62374,37.98413,0 140.62313,37.98342,0 140.62254,37.98272,0 140.62201,37.9821,0 140.6216,37.98161,0 140.62143,37.98142,0 140.62011,37.97985,0 140.61863,37.97809,0 140.61851,37.97796,0 140.61793,37.97726,0 140.61749,37.97672,0 140.61611,37.9751,0 140.61604,37.97501,0 140.61568,37.97459,0 140.61561,37.97451,0 140.61556,37.97445,0 140.61509,37.97389,0 140.61399,37.97257,0 140.61394,37.97251,0 140.6133,37.97174,0 140.61327,37.97171,0 140.61298,37.97136,0 140.61173,37.96989,0 140.6114,37.9695,0 140.61058,37.96855,0 140.60702,37.96437,0 140.60629,37.96351,0 140.60385,37.96066,0 140.6032,37.95995,0 140.60126,37.95762,0 140.6007,37.95696,0 140.59726,37.95293,0 140.59486,37.95005,0 140.59443,37.94953,0 140.59083,37.94516,0 140.58845,37.94235,0 140.58821,37.94206,0 140.58673,37.94027,0 140.58359,37.93647,0 140.58201,37.93459,0 140.58059,37.93289,0 140.57869,37.93065,0 140.57578,37.92714,0 140.56958,37.91966,0 140.56954,37.91962,0 140.56376,37.9127,0 140.56255,37.91126,0 140.55632,37.9038,0 140.55557,37.90289,0 140.5501,37.89634,0 140.54779,37.89356,0 140.54385,37.8889,0 140.53997,37.88431,0 140.53843,37.88249,0 140.5383,37.88234,0 140.53815,37.88216,0 140.53756,37.88143,0 140.53685,37.88054,0 140.5363,37.87984,0 140.53287,37.87543,0 140.53285,37.87542,0 140.53247,37.8749,0 140.53235,37.87474,0 140.5314,37.8735,0 140.53079,37.87269,0 140.5304,37.87218,0 140.52986,37.87149,0 140.52892,37.87028,0 140.52811,37.86924,0 140.52792,37.869,0 140.52701,37.86784,0 140.52608,37.86664,0 140.52521,37.86553,0 140.52434,37.86442,0 140.52324,37.86306,0 140.52295,37.86269,0 140.5228,37.8625,0 140.52273,37.86241,0 140.5218,37.86124,0 140.52124,37.86054,0 140.52048,37.85959,0 140.51993,37.85891,0 140.51888,37.85757,0 140.51853,37.85712,0 140.51515,37.85278,0 140.51231,37.84913,0 140.51048,37.84672,0 140.50927,37.84514,0 140.50919,37.84504,0 140.50688,37.8421,0 140.5043,37.83874,0 140.50335,37.83752,0 140.50312,37.83721,0 140.50233,37.83634,0 140.50007,37.83346,0 140.49943,37.8326,0 140.4989,37.83186,0 140.49846,37.83117,0 140.4978,37.83017,0 140.49743,37.82961,0 140.49677,37.82855,0 140.49662,37.8283,0 140.49617,37.82764,0 140.49587,37.82719,0 140.49548,37.8266,0 140.49429,37.8248,0 140.4942,37.82467,0 140.4925,37.82211,0 140.4916,37.82078,0 140.48976,37.81803,0 140.489,37.81688,0 140.48802,37.81539,0 140.48797,37.81532,0 140.48654,37.81319,0 140.48617,37.81261,0 140.48601,37.81235,0 140.48517,37.81102,0 140.48335,37.80813,0 140.48164,37.80543,0 140.47964,37.80226,0 140.47781,37.79937,0 140.47658,37.79741,0 140.47618,37.79676,0 140.47474,37.79446,0 140.47312,37.79189,0 140.47169,37.78962,0 140.47154,37.78938,0 140.47002,37.787,0 140.46837,37.78439,0 140.46651,37.78143,0 140.46647,37.78136,0 140.46467,37.7785,0 140.46322,37.77621,0 140.46251,37.77504,0 140.4619,37.77389,0 140.46164,37.77331,0 140.46162,37.77326,0 140.4613,37.77246,0 140.46083,37.77133,0 140.46047,37.77045,0 140.45995,37.76894,0 140.45955,37.76761,0 140.45947,37.76731,0 140.45945,37.76724,0 140.45919,37.7658,0 140.45887,37.76377,0 140.45868,37.76218,0 140.45862,37.76152,0 140.4586,37.76103,0 140.45856,37.75989,0 140.45855,37.75938,0</coordinates></LineString>
                        </Placemark>
                        <Placemark>
                            <name>東北新幹線</name>
                            <styleUrl>#style_green</styleUrl>
                            <LineString><tessellate>1</tessellate><coordinates>140.45857,37.75232,0 140.45859,37.75301,0 140.45865,37.7558,0</coordinates></LineString>
                        </Placemark>
                        <Placemark>
                            <name>東北新幹線</name>
                            <styleUrl>#style_green</styleUrl>
                            <LineString><tessellate>1</tessellate><coordinates>140.3882,37.39681,0 140.38766,37.3945,0 140.3876,37.39425,0 140.38755,37.39402,0 140.38696,37.39158,0 140.38639,37.38919,0 140.38561,37.38599,0 140.38543,37.38521,0 140.38461,37.38154,0 140.38447,37.38093,0 140.38424,37.38002,0 140.38402,37.3793,0 140.38375,37.37847,0 140.38334,37.37742,0 140.38301,37.37665,0 140.38291,37.37645,0 140.38277,37.37617,0 140.3822,37.37496,0 140.38155,37.3735,0 140.38119,37.37266,0 140.38073,37.37164,0 140.3802,37.37043,0 140.37979,37.3695,0 140.3793,37.36839,0 140.37911,37.36798,0 140.37857,37.36675,0 140.37844,37.36648,0 140.37754,37.36443,0 140.37674,37.36261,0 140.37538,37.35949,0 140.37527,37.35922,0 140.37331,37.35482,0 140.37165,37.351,0 140.37136,37.35036,0 140.37039,37.34817,0 140.3695,37.34625,0 140.36864,37.34438,0 140.36832,37.34368,0 140.36781,37.34254,0 140.36737,37.34158,0 140.36718,37.34114,0 140.36608,37.33867,0 140.36605,37.33859,0 140.36567,37.33776,0 140.36505,37.33639,0 140.36494,37.33617,0 140.36453,37.33526,0 140.36407,37.33429,0 140.36346,37.33309,0 140.36277,37.33178,0 140.36183,37.33017,0 140.36096,37.32888,0 140.36089,37.32878,0 140.36005,37.32764,0 140.35947,37.32684,0 140.35872,37.32584,0 140.35868,37.32579,0 140.3581,37.32501,0 140.35806,37.32495,0 140.35713,37.3237,0 140.35574,37.32183,0 140.35571,37.32179,0 140.35542,37.32138,0 140.35527,37.32118,0 140.3548,37.32055,0 140.35389,37.31932,0 140.3538,37.31918,0 140.35332,37.31853,0 140.35306,37.31818,0 140.35273,37.31772,0 140.35265,37.31762,0 140.35244,37.31734,0 140.35235,37.31721,0 140.3519,37.3166,0 140.35131,37.31583,0 140.35072,37.31503,0 140.34899,37.3127,0 140.34854,37.3121,0 140.34722,37.31033,0 140.3456,37.30816,0 140.3439,37.3059,0 140.34277,37.3044,0 140.34179,37.30312,0 140.34009,37.30087,0 140.33775,37.2978,0 140.33694,37.29673,0 140.33646,37.2961,0 140.33629,37.29588,0 140.33578,37.29521,0 140.33545,37.29477,0 140.33535,37.29464,0 140.33472,37.29381,0 140.33443,37.29344,0 140.33435,37.29333,0 140.33351,37.29223,0 140.33313,37.29173,0 140.33255,37.29097,0 140.33159,37.2897,0 140.33076,37.28863,0 140.33035,37.28807,0 140.33018,37.28786,0 140.32958,37.28703,0 140.32911,37.2864,0 140.32828,37.28527,0 140.32732,37.28398,0 140.3273,37.28394,0 140.32679,37.28325,0 140.32642,37.28275,0 140.32593,37.2821,0 140.32583,37.28196,0 140.32518,37.28111,0 140.32462,37.2804,0 140.32366,37.27913,0 140.32239,37.27745,0 140.32234,37.27738,0 140.32211,37.27709,0 140.32206,37.27702,0 140.32139,37.27614,0 140.31996,37.27427,0 140.31839,37.27222,0 140.3178,37.27143,0 140.3175,37.27103,0 140.31715,37.27058,0 140.31658,37.26982,0 140.31634,37.2695,0 140.3163,37.26945,0 140.31552,37.26837,0 140.31475,37.26731,0 140.31383,37.26604,0 140.31261,37.26436,0 140.31224,37.26387,0 140.31188,37.26341,0 140.31182,37.26333,0 140.31162,37.26308,0 140.31137,37.26274,0 140.31024,37.26126,0 140.30816,37.25847,0 140.30681,37.2567,0 140.30609,37.25575,0 140.30557,37.25506,0 140.30531,37.25472,0 140.30511,37.25445,0 140.30501,37.2543,0 140.3049,37.25415,0 140.30408,37.25306,0 140.30361,37.25242,0 140.30289,37.25142,0 140.3028,37.25129,0 140.3026,37.251,0 140.30253,37.25091,0 140.30162,37.24971,0 140.30076,37.24855,0 140.30074,37.24852,0 140.30071,37.24848,0 140.3006,37.24834,0 140.30003,37.24759,0 140.29972,37.2472,0 140.29944,37.24684,0 140.29912,37.24641,0 140.29904,37.24631,0 140.2987,37.24586,0 140.2983,37.24532,0 140.29772,37.24454,0 140.29722,37.24387,0 140.29719,37.24383,0 140.29671,37.24319,0 140.29661,37.24305,0 140.29629,37.24262,0 140.29624,37.24255,0 140.29621,37.24252,0 140.29586,37.24205,0 140.2955,37.24157,0 140.29516,37.24112,0 140.29478,37.24061,0 140.29444,37.24017,0 140.29406,37.23966,0 140.29371,37.23919,0 140.29331,37.23866,0 140.29295,37.23819,0 140.29257,37.23768,0 140.2918,37.23668,0 140.29108,37.23572,0 140.29043,37.23483,0 140.29035,37.23472,0 140.28959,37.2337,0 140.28924,37.23323,0 140.28886,37.2327,0 140.28848,37.23221,0 140.28842,37.23213,0 140.28833,37.232,0 140.28776,37.23122,0 140.28719,37.23047,0 140.28716,37.23043,0 140.28704,37.23028,0 140.28597,37.22886,0 140.28486,37.2274,0 140.28388,37.22613,0 140.28338,37.22548,0 140.28323,37.22528,0 140.28275,37.22467,0 140.2827,37.22461,0 140.28237,37.22418,0 140.28226,37.22403,0 140.2821,37.22383,0 140.28206,37.22378,0 140.28178,37.2234,0 140.28173,37.22333,0 140.2817,37.2233,0 140.28123,37.22269,0 140.28095,37.22232,0 140.28071,37.22201,0 140.28061,37.22188,0 140.28045,37.22168,0 140.28041,37.22163,0 140.27989,37.22095,0 140.27981,37.22085,0 140.27969,37.22068,0 140.27959,37.22055,0 140.27896,37.21973,0 140.27879,37.21951,0 140.27869,37.21938,0 140.27843,37.21904,0 140.27743,37.21772,0 140.27681,37.2169,0 140.27628,37.21624,0 140.27591,37.21576,0 140.27546,37.2152,0 140.27512,37.21474,0 140.27449,37.21401,0 140.27384,37.21324,0 140.27332,37.21264,0 140.2729,37.21218,0 140.27259,37.21186,0 140.27213,37.21138,0 140.27157,37.2108,0 140.27149,37.21072,0 140.27135,37.21057,0 140.27085,37.21005,0 140.27068,37.20987,0 140.26954,37.20868,0 140.26866,37.20776,0 140.26777,37.20683,0 140.26652,37.20549,0 140.26518,37.20408,0 140.26457,37.20343,0 140.26446,37.20332,0 140.26444,37.2033,0 140.26331,37.20214,0 140.26213,37.2009,0 140.26183,37.20058,0 140.26179,37.20054,0 140.26136,37.2001,0 140.26132,37.20006,0 140.26112,37.19984,0 140.26001,37.19871,0 140.25924,37.19789,0 140.2592,37.19786,0 140.25863,37.19725,0 140.25857,37.19718,0 140.25845,37.19706,0 140.25793,37.19652,0 140.25721,37.19577,0 140.2568,37.19535,0 140.25563,37.19412,0 140.25446,37.19289,0 140.25319,37.19156,0 140.25202,37.19034,0 140.25176,37.19006,0 140.2508,37.18903,0 140.24958,37.18778,0 140.24911,37.18727,0 140.24891,37.18706,0 140.24845,37.18659,0 140.24767,37.18577,0 140.24716,37.18523,0 140.24684,37.18488,0 140.24667,37.18474,0 140.24649,37.18459,0 140.24426,37.18225,0 140.24376,37.1817,0 140.24211,37.17998,0 140.24131,37.17912,0 140.2408,37.17859,0 140.24056,37.17834,0 140.23839,37.17604,0 140.23762,37.17524,0 140.23754,37.17516,0 140.23748,37.1751,0 140.23689,37.17447,0 140.23684,37.17442,0 140.2367,37.17427,0 140.23444,37.17188,0 140.23384,37.17126,0 140.23377,37.17118,0 140.23241,37.16974,0 140.23118,37.16844,0 140.23084,37.16809,0 140.23083,37.16807,0 140.23059,37.16779,0 140.22799,37.16497,0 140.22795,37.16493,0 140.2279,37.16487,0 140.22678,37.16369,0 140.22612,37.16299,0 140.2255,37.16233,0 140.22549,37.16232,0 140.22465,37.16143,0 140.22239,37.159,0 140.22126,37.15779,0 140.2212,37.15773,0 140.22116,37.15768,0 140.21963,37.15605,0 140.21956,37.15598,0 140.21951,37.15593,0 140.21862,37.155,0 140.21854,37.15491,0 140.2185,37.15487,0 140.21753,37.15383,0 140.2175,37.15379,0 140.21709,37.15336,0 140.21706,37.15333,0 140.21672,37.15296,0 140.2167,37.15294,0 140.21667,37.1529,0 140.2162,37.15243,0 140.21614,37.15236,0 140.2159,37.1521,0 140.21516,37.15131,0 140.21497,37.15111,0 140.2146,37.15071,0 140.21452,37.15063,0 140.21445,37.15055,0 140.21115,37.14707,0 140.21107,37.14698,0 140.21101,37.14692,0 140.20732,37.14298,0 140.20723,37.14288,0 140.20718,37.14282,0 140.2058,37.14135,0 140.20561,37.14115,0 140.20554,37.14107,0 140.20186,37.13718,0 140.20184,37.13715,0 140.20177,37.13709,0 140.19505,37.12992,0 140.18989,37.12443,0 140.18987,37.12441,0</coordinates></LineString>
                        </Placemark>
                        <Placemark>
                            <name>東北新幹線</name>
                            <styleUrl>#style_green</styleUrl>
                            <LineString><tessellate>1</tessellate><coordinates>140.38904,37.40043,0 140.3882,37.39681,0</coordinates></LineString>
                        </Placemark>
                        <Placemark>
                            <name>東北新幹線</name>
                            <styleUrl>#style_green</styleUrl>
                            <LineString><tessellate>1</tessellate><coordinates>140.45857,37.75232,0 140.45856,37.74868,0 140.45855,37.74455,0 140.45854,37.74453,0 140.45854,37.74435,0 140.45851,37.74002,0 140.45848,37.73967,0 140.45843,37.73914,0 140.45842,37.73901,0 140.45841,37.73895,0 140.4584,37.73882,0 140.45836,37.73852,0 140.45823,37.7378,0 140.45811,37.73718,0 140.45769,37.73488,0 140.45763,37.73463,0 140.45741,37.73343,0 140.45732,37.73294,0 140.45728,37.73273,0 140.45723,37.73246,0 140.45698,37.73119,0 140.45689,37.7307,0 140.45672,37.72985,0 140.45657,37.72911,0 140.45642,37.72835,0 140.45638,37.72823,0 140.45637,37.72817,0 140.45631,37.72785,0 140.45618,37.72725,0 140.45597,37.72619,0 140.45563,37.72451,0 140.45555,37.72404,0 140.45548,37.72363,0 140.4552,37.72214,0 140.45509,37.72155,0 140.45467,37.71931,0 140.45448,37.71833,0 140.45444,37.71811,0 140.4543,37.71734,0 140.45409,37.71622,0 140.454,37.71572,0 140.45392,37.71532,0 140.45389,37.71513,0 140.45386,37.71497,0 140.4538,37.71462,0 140.45379,37.71459,0 140.45368,37.71385,0 140.45362,37.71343,0 140.45355,37.71294,0 140.45346,37.71186,0 140.45339,37.71037,0 140.45336,37.7097,0 140.45334,37.70947,0 140.45333,37.70884,0 140.45337,37.708,0 140.45342,37.70736,0 140.45343,37.70729,0 140.45355,37.70614,0 140.45355,37.7061,0 140.45359,37.70565,0 140.45361,37.70559,0 140.45366,37.70504,0 140.45374,37.70434,0 140.45388,37.70365,0 140.45398,37.70327,0 140.45413,37.70274,0 140.45428,37.70231,0 140.45453,37.7016,0 140.45488,37.70067,0 140.45516,37.7,0 140.45537,37.69958,0 140.45563,37.69907,0 140.45586,37.69867,0 140.45639,37.69769,0 140.45671,37.69712,0 140.45715,37.69634,0 140.45741,37.69587,0 140.45748,37.69573,0 140.4579,37.69495,0 140.45814,37.69452,0 140.45843,37.69396,0 140.45873,37.69346,0 140.45902,37.6929,0 140.45924,37.69248,0 140.45967,37.69169,0 140.46024,37.69066,0 140.4605,37.69019,0 140.46086,37.68953,0 140.46115,37.68901,0 140.46154,37.68829,0 140.46187,37.68768,0 140.46189,37.68763,0 140.4621,37.68724,0 140.46271,37.68613,0 140.46304,37.68555,0 140.46378,37.68417,0 140.46395,37.6839,0 140.46427,37.6833,0 140.4645,37.68287,0 140.46489,37.68218,0 140.46509,37.68166,0 140.46525,37.68134,0 140.46566,37.68072,0 140.46615,37.67982,0 140.46637,37.67939,0 140.46646,37.67923,0 140.46682,37.67864,0 140.46705,37.67816,0 140.46749,37.67728,0 140.46771,37.67684,0 140.46782,37.67665,0 140.46818,37.67595,0 140.46857,37.67522,0 140.46879,37.6748,0 140.46929,37.67385,0 140.46949,37.6735,0 140.46965,37.6732,0 140.46988,37.67274,0 140.47015,37.67226,0 140.47042,37.67172,0 140.47075,37.67111,0 140.47089,37.67083,0 140.4713,37.67009,0 140.47151,37.66969,0 140.4728,37.66739,0 140.47331,37.66639,0 140.4734,37.66617,0 140.47384,37.66512,0 140.47404,37.66463,0 140.47443,37.66333,0 140.47496,37.66165,0 140.4753,37.66005,0 140.47561,37.65829,0 140.4757,37.65738,0 140.47572,37.65708,0 140.47589,37.65544,0 140.4759,37.65441,0 140.47577,37.653,0 140.47564,37.65125,0 140.47537,37.64839,0 140.47534,37.64818,0 140.47532,37.64798,0 140.47529,37.64764,0 140.47523,37.64708,0 140.47504,37.64535,0 140.47457,37.64045,0 140.47439,37.63882,0 140.47433,37.63809,0 140.47412,37.63591,0 140.47391,37.6342,0 140.47379,37.63325,0 140.47358,37.63083,0 140.47339,37.62911,0 140.47329,37.62817,0 140.4732,37.62718,0 140.47307,37.62567,0 140.47301,37.62499,0 140.4727,37.62203,0 140.4725,37.62012,0 140.47238,37.61908,0 140.47183,37.61318,0 140.47161,37.61114,0 140.47151,37.61021,0 140.47096,37.60533,0 140.47073,37.60215,0 140.47048,37.59966,0 140.47035,37.59832,0 140.46982,37.59319,0 140.46981,37.59305,0 140.4697,37.59209,0 140.46968,37.59195,0 140.4694,37.58937,0 140.46897,37.58657,0 140.46892,37.58636,0 140.46859,37.58507,0 140.46825,37.58381,0 140.46814,37.58349,0 140.46804,37.5832,0 140.46794,37.58291,0 140.46716,37.58078,0 140.46692,37.58023,0 140.46599,37.57853,0 140.46525,37.57717,0 140.46478,37.57631,0 140.46439,37.57561,0 140.46415,37.5752,0 140.46296,37.57307,0 140.46287,37.57289,0 140.46247,37.57215,0 140.46187,37.57104,0 140.46101,37.56946,0 140.45945,37.56657,0 140.45898,37.56571,0 140.4584,37.56464,0 140.45822,37.56429,0 140.4571,37.56225,0 140.45483,37.55809,0 140.45371,37.55603,0 140.45343,37.55552,0 140.45269,37.55417,0 140.45244,37.55372,0 140.45127,37.55155,0 140.45062,37.55038,0 140.45047,37.55011,0 140.44974,37.54875,0 140.44905,37.54746,0 140.44822,37.54596,0 140.44732,37.54427,0 140.44683,37.5434,0 140.44626,37.54231,0 140.44523,37.54041,0 140.4448,37.53962,0 140.44358,37.5374,0 140.44333,37.5369,0 140.44196,37.53438,0 140.44079,37.53221,0 140.44061,37.5319,0 140.43967,37.53013,0 140.43895,37.52877,0 140.43814,37.5273,0 140.43705,37.52528,0 140.43648,37.52424,0 140.43551,37.52244,0 140.4352,37.52189,0 140.43489,37.5213,0 140.43453,37.52062,0 140.43391,37.51949,0 140.43341,37.51857,0 140.43193,37.51592,0 140.43151,37.51513,0 140.43099,37.51415,0 140.43081,37.51375,0 140.4305,37.51307,0 140.43023,37.51235,0 140.42988,37.51151,0 140.42944,37.51044,0 140.429,37.50935,0 140.42814,37.50724,0 140.42736,37.50536,0 140.42675,37.50385,0 140.42641,37.50304,0 140.42626,37.50266,0 140.42613,37.50234,0 140.42559,37.50093,0 140.42547,37.50063,0 140.42515,37.49981,0 140.42461,37.49841,0 140.42428,37.49749,0 140.42414,37.49717,0 140.42391,37.49661,0 140.42367,37.49599,0 140.42327,37.495,0 140.42274,37.49365,0 140.42213,37.49207,0 140.42178,37.49118,0 140.42104,37.48929,0 140.42064,37.48824,0 140.41935,37.48487,0 140.4185,37.48265,0 140.41792,37.48119,0 140.41775,37.48076,0 140.41733,37.47966,0 140.41684,37.47838,0 140.41553,37.47501,0 140.41545,37.4748,0 140.41534,37.4745,0 140.41448,37.4723,0 140.41431,37.47184,0 140.41312,37.4688,0 140.41216,37.46635,0 140.41211,37.4662,0 140.411,37.46335,0 140.41057,37.46224,0 140.41001,37.46078,0 140.40875,37.45761,0 140.40816,37.45603,0 140.40798,37.45559,0 140.40679,37.45251,0 140.40653,37.45183,0 140.40622,37.45104,0 140.40551,37.44922,0 140.40522,37.44844,0 140.40423,37.4459,0 140.40404,37.44539,0 140.40385,37.44489,0 140.40345,37.44387,0 140.40274,37.44203,0 140.40254,37.44148,0 140.40176,37.43934,0 140.40147,37.43856,0 140.40114,37.43769,0 140.40081,37.43677,0 140.40053,37.43599,0 140.4,37.4345,0 140.3995,37.43305,0 140.39939,37.43272,0 140.39897,37.4314,0 140.39867,37.43042,0 140.39809,37.4287,0 140.39763,37.42722,0 140.39747,37.42671,0 140.39728,37.42615,0 140.39667,37.42434,0 140.39636,37.42335,0 140.39623,37.42298,0 140.39513,37.41971,0 140.39468,37.41848,0 140.39385,37.41582,0 140.39324,37.41391,0 140.39223,37.41077,0 140.39151,37.4086,0 140.39122,37.40779,0 140.39039,37.4052,0 140.39024,37.40473,0 140.39007,37.40421,0 140.38904,37.40043,0</coordinates></LineString>
                        </Placemark>
                        <Placemark>
                            <name>東北新幹線</name>
                            <styleUrl>#style_green</styleUrl>
                            <LineString><tessellate>1</tessellate><coordinates>140.18778,37.12221,0 140.18946,37.12397,0 140.18987,37.12441,0</coordinates></LineString>
                        </Placemark>
                        <Placemark>
                            <name>東北新幹線</name>
                            <styleUrl>#style_green</styleUrl>
                            <LineString><tessellate>1</tessellate><coordinates>140.01964,36.93054,0 140.01977,36.9307,0 140.02,36.93098,0 140.02034,36.93132,0 140.02064,36.93165,0 140.02112,36.93216,0 140.02177,36.93278,0</coordinates></LineString>
                        </Placemark>
                        <Placemark>
                            <name>東北新幹線</name>
                            <styleUrl>#style_green</styleUrl>
                            <LineString><tessellate>1</tessellate><coordinates>139.89857,36.56066,0 139.89897,36.56235,0 139.89971,36.56531,0 139.89998,36.56636,0 139.9003,36.56755,0 139.90054,36.56863,0 139.90073,36.56947,0 139.90121,36.57204,0 139.90176,36.57541,0 139.90214,36.57755,0 139.90224,36.57806,0 139.90264,36.58035,0 139.90312,36.58295,0 139.90345,36.58474,0 139.90376,36.58647,0 139.90393,36.58737,0 139.904,36.58777,0 139.90409,36.58832,0 139.90429,36.5894,0 139.90435,36.58971,0 139.9044,36.59008,0 139.90442,36.59017,0 139.90452,36.59076,0 139.90463,36.59138,0 139.90465,36.5915,0 139.90493,36.59305,0 139.90501,36.59356,0 139.90503,36.59364,0 139.90511,36.59415,0 139.90517,36.5945,0 139.9053,36.59521,0 139.90534,36.5955,0 139.90537,36.5956,0 139.90551,36.5964,0 139.90558,36.59682,0 139.90567,36.59736,0 139.90573,36.59773,0 139.9059,36.5991,0 139.9059,36.59917,0 139.90595,36.5995,0 139.90604,36.6003,0 139.90614,36.60116,0 139.90616,36.60132,0 139.90624,36.60204,0 139.90635,36.60312,0 139.90637,36.60322,0 139.90641,36.60359,0 139.9065,36.60443,0 139.90655,36.60476,0 139.90661,36.60533,0 139.9067,36.60603,0 139.90671,36.60617,0 139.90689,36.60768,0 139.90692,36.60795,0 139.90694,36.60808,0 139.90694,36.60813,0 139.90701,36.60875,0 139.90703,36.60892,0 139.90708,36.60929,0 139.90713,36.60979,0 139.90719,36.6103,0 139.90725,36.61083,0 139.90734,36.61164,0 139.90736,36.61169,0 139.90736,36.61182,0 139.90753,36.61327,0 139.90754,36.61336,0 139.90761,36.614,0 139.90768,36.6147,0 139.90779,36.61572,0 139.90779,36.61577,0 139.90781,36.61596,0 139.90783,36.61627,0 139.90784,36.61634,0 139.90786,36.61654,0 139.90799,36.61773,0 139.90843,36.62186,0 139.90893,36.62604,0 139.909,36.6267,0 139.90937,36.63014,0 139.90949,36.6311,0 139.9097,36.6327,0 139.90982,36.63364,0 139.9099,36.63419,0 139.90992,36.63442,0 139.90999,36.63486,0 139.91,36.63499,0 139.91009,36.63567,0 139.91015,36.63607,0 139.91021,36.63653,0 139.91021,36.63659,0 139.91023,36.6367,0 139.91028,36.63695,0 139.91029,36.63707,0 139.91037,36.63761,0 139.91048,36.63848,0 139.91066,36.63965,0 139.91074,36.64018,0 139.91077,36.64041,0 139.91093,36.6415,0 139.91103,36.64216,0 139.91121,36.64345,0 139.91132,36.64409,0 139.91139,36.64463,0 139.91141,36.64478,0 139.91159,36.64597,0 139.91195,36.64851,0 139.91228,36.65071,0 139.91244,36.65183,0 139.91251,36.65225,0 139.91262,36.65297,0 139.91268,36.65328,0 139.91272,36.65358,0 139.91276,36.65385,0 139.91288,36.65455,0 139.91289,36.65466,0 139.91293,36.65486,0 139.91295,36.65501,0 139.91324,36.65682,0 139.91332,36.65729,0 139.91333,36.65746,0 139.91343,36.65798,0 139.9135,36.65845,0 139.9135,36.6585,0 139.91352,36.65852,0 139.91362,36.65928,0 139.91364,36.65937,0 139.91372,36.65995,0 139.91386,36.66085,0 139.91393,36.66135,0 139.91396,36.66158,0 139.91411,36.66252,0 139.91422,36.66329,0 139.9143,36.66384,0 139.91435,36.66415,0 139.9144,36.66441,0 139.91442,36.66464,0 139.91456,36.6655,0 139.91458,36.66557,0 139.91468,36.66626,0 139.91491,36.66777,0 139.91512,36.66912,0 139.91517,36.66944,0 139.91519,36.66968,0 139.91522,36.66979,0 139.91524,36.66992,0 139.91531,36.67044,0 139.91542,36.67116,0 139.9155,36.67174,0 139.91559,36.67248,0 139.91567,36.67305,0 139.91573,36.67341,0 139.91579,36.67382,0 139.91589,36.67482,0 139.9159,36.67493,0 139.91594,36.67514,0 139.91596,36.67549,0 139.91606,36.67653,0 139.91608,36.6769,0 139.91617,36.67805,0 139.91623,36.67878,0 139.91624,36.67896,0 139.91625,36.67904,0 139.91628,36.67942,0 139.91633,36.67978,0 139.91638,36.6804,0 139.91643,36.68118,0 139.91651,36.68212,0 139.91652,36.68239,0 139.91656,36.68307,0 139.91656,36.68329,0 139.91658,36.68337,0 139.91665,36.68451,0 139.91666,36.68465,0 139.91681,36.68683,0 139.91683,36.687,0 139.91686,36.68727,0 139.91688,36.6878,0 139.91693,36.68832,0 139.91693,36.68853,0 139.91701,36.68964,0 139.91706,36.69063,0 139.91709,36.69085,0 139.91713,36.69139,0 139.91715,36.69162,0 139.91719,36.69185,0 139.91727,36.69256,0 139.91734,36.69303,0 139.91737,36.69326,0 139.91749,36.69405,0 139.9176,36.69465,0 139.91767,36.69506,0 139.91782,36.69577,0 139.91797,36.69641,0 139.91807,36.69677,0 139.91817,36.69721,0 139.91828,36.69764,0 139.9183,36.69766,0 139.91842,36.69811,0 139.91846,36.69828,0 139.91848,36.69834,0 139.91867,36.69899,0 139.91893,36.69983,0 139.91906,36.70026,0 139.9191,36.70038,0 139.91949,36.7015,0 139.91966,36.70196,0 139.91979,36.70232,0 139.9203,36.70361,0 139.92048,36.70409,0 139.92053,36.70421,0 139.9207,36.70465,0 139.92083,36.705,0 139.92119,36.70592,0 139.92123,36.70601,0 139.92162,36.70704,0 139.92167,36.70717,0 139.92176,36.70741,0 139.92218,36.70851,0 139.92227,36.70873,0 139.9223,36.7088,0 139.92232,36.70887,0 139.92248,36.70928,0 139.92269,36.70979,0 139.92277,36.71003,0 139.92319,36.71113,0 139.92353,36.71201,0 139.92357,36.71211,0 139.92364,36.71229,0 139.92385,36.71284,0 139.92479,36.71533,0 139.92502,36.71594,0 139.92535,36.71679,0 139.92576,36.71788,0 139.92625,36.71913,0 139.92649,36.71973,0 139.9268,36.72053,0 139.92683,36.72062,0 139.92685,36.72065,0 139.92752,36.72242,0 139.92764,36.72272,0 139.92845,36.72483,0 139.92875,36.7256,0 139.92911,36.72654,0 139.92924,36.72685,0 139.92947,36.72746,0 139.92955,36.72768,0 139.92962,36.72787,0 139.9297,36.72805,0 139.92989,36.72854,0 139.93007,36.72902,0 139.93063,36.73045,0 139.93095,36.73127,0 139.93118,36.73186,0 139.93195,36.73386,0 139.93259,36.73552,0 139.93282,36.73615,0 139.93306,36.73676,0 139.93323,36.7372,0 139.93347,36.73782,0 139.93362,36.73821,0 139.93378,36.73859,0 139.93417,36.73955,0 139.93463,36.74072,0 139.93488,36.7413,0 139.935,36.7416,0 139.93514,36.74197,0 139.93521,36.74211,0 139.93537,36.74245,0 139.93569,36.74317,0 139.93623,36.74437,0 139.93664,36.74536,0 139.93701,36.74615,0 139.938,36.74836,0 139.93846,36.7494,0 139.9395,36.75169,0 139.93962,36.75195,0 139.94013,36.75311,0 139.94036,36.75366,0 139.94041,36.75376,0 139.94077,36.75461,0 139.94105,36.75523,0 139.94115,36.75547,0 139.94132,36.75583,0 139.94141,36.75604,0 139.94149,36.75621,0 139.94155,36.75635,0 139.94194,36.75723,0 139.94262,36.75874,0 139.94271,36.75893,0 139.94342,36.76053,0 139.9438,36.76137,0 139.94383,36.76143,0 139.94405,36.76188,0 139.94421,36.76224,0 139.94433,36.76253,0 139.94459,36.76313,0 139.94484,36.7637,0 139.94493,36.76389,0 139.94499,36.76403,0 139.94514,36.76436,0 139.94536,36.76482,0 139.94539,36.7649,0 139.94543,36.76499,0 139.94547,36.76508,0 139.94551,36.76516,0 139.9457,36.76559,0 139.9459,36.76603,0 139.94598,36.76622,0 139.9463,36.76693,0 139.94668,36.76779,0 139.9467,36.7678,0 139.94694,36.76835,0 139.94698,36.76845,0 139.94708,36.76868,0 139.94713,36.76878,0 139.94719,36.7689,0 139.94726,36.76907,0 139.9473,36.76915,0 139.94733,36.76923,0 139.94743,36.76944,0 139.9477,36.77005,0 139.94792,36.77054,0 139.94805,36.77087,0 139.94816,36.77112,0 139.94821,36.77123,0 139.94826,36.77133,0 139.94832,36.77146,0 139.94836,36.77155,0 139.9485,36.77185,0 139.94895,36.77287,0 139.94936,36.77385,0 139.94962,36.77446,0 139.95011,36.77571,0 139.95063,36.77713,0 139.95116,36.77869,0 139.95142,36.77945,0 139.95148,36.77966,0 139.95178,36.78062,0 139.95194,36.78114,0 139.95225,36.7822,0 139.9525,36.78311,0 139.95252,36.78321,0 139.95273,36.78401,0 139.95288,36.78466,0 139.95296,36.78498,0 139.95327,36.7863,0 139.95343,36.78709,0 139.95351,36.78744,0 139.95358,36.78778,0 139.95367,36.78827,0 139.95389,36.78953,0 139.95395,36.78989,0 139.95419,36.79137,0 139.95432,36.79207,0 139.95452,36.7931,0 139.95477,36.79458,0 139.9548,36.79471,0 139.95487,36.7951,0 139.95527,36.79717,0 139.95538,36.79787,0 139.95558,36.79913,0 139.95654,36.80453,0 139.95678,36.80586,0 139.95687,36.80642,0 139.95702,36.80724,0 139.9571,36.8077,0 139.9574,36.80929,0 139.9576,36.81037,0 139.95773,36.81115,0 139.95787,36.81199,0 139.95821,36.8138,0 139.95827,36.81414,0 139.95833,36.81443,0 139.95847,36.81521,0 139.95886,36.81738,0 139.95895,36.81792,0 139.95914,36.81903,0 139.95944,36.8207,0 139.95963,36.82179,0 139.9597,36.82222,0 139.95975,36.82252,0 139.95979,36.82272,0 139.95983,36.82291,0 139.96004,36.82412,0 139.9601,36.82444,0 139.96015,36.82474,0 139.96022,36.82512,0 139.96032,36.82572,0 139.96033,36.82582,0 139.96053,36.82693,0 139.96058,36.82725,0 139.9606,36.82735,0 139.96074,36.8281,0 139.9608,36.82845,0 139.961,36.82957,0 139.96107,36.83002,0 139.96121,36.83076,0 139.96143,36.83197,0 139.96149,36.8323,0 139.96154,36.83262,0 139.96165,36.83326,0 139.96174,36.83378,0 139.96179,36.83406,0 139.96184,36.83435,0 139.96186,36.83449,0 139.96193,36.83491,0 139.96198,36.83517,0 139.96203,36.83544,0 139.96207,36.83563,0 139.96212,36.83593,0 139.96216,36.83616,0 139.96221,36.83644,0 139.96248,36.83797,0 139.96309,36.8414,0 139.9633,36.84255,0 139.96374,36.84498,0 139.96392,36.84596,0 139.9644,36.84835,0 139.96456,36.84914,0 139.9649,36.85058,0 139.96519,36.85165,0 139.96583,36.85344,0 139.96635,36.85471,0 139.96742,36.857,0 139.9675,36.85717,0 139.9679,36.8578,0 139.96878,36.85925,0 139.96942,36.86039,0 139.9704,36.86188,0 139.9715,36.86341,0 139.9726,36.86497,0 139.97342,36.86614,0 139.97495,36.8683,0 139.97732,36.87158,0 139.97816,36.87276,0 139.97973,36.87496,0 139.98187,36.87797,0 139.98372,36.88056,0 139.98443,36.88156,0 139.98686,36.88498,0 139.98926,36.88837,0 139.98964,36.88889,0 139.99209,36.89239,0 139.99395,36.89492,0 139.99484,36.89616,0 139.99582,36.89754,0 139.9967,36.89876,0 139.9968,36.89892,0 139.99713,36.8994,0 139.99787,36.90042,0 139.9979,36.90044,0 139.99794,36.90051,0 139.99823,36.90091,0 139.99825,36.90094,0 139.99857,36.90139,0 139.99886,36.90179,0 139.99891,36.90187,0 139.99897,36.90195,0 140.00029,36.90378,0 140.00034,36.90384,0 140.001,36.90475,0 140.00125,36.9051,0 140.00221,36.90642,0 140.0033,36.90792,0 140.00338,36.90804,0 140.00343,36.90811,0 140.00378,36.90859,0 140.00381,36.90862,0 140.00427,36.90927,0 140.00439,36.90943,0 140.00495,36.91021,0 140.00521,36.91057,0 140.00544,36.91087,0 140.00545,36.91089,0 140.00554,36.91101,0 140.00575,36.91131,0 140.00577,36.91134,0 140.0058,36.91138,0 140.00592,36.91155,0 140.0065,36.91235,0 140.0066,36.91248,0 140.00686,36.91283,0 140.00687,36.91285,0 140.00729,36.91344,0 140.00755,36.91378,0 140.00758,36.91384,0 140.00778,36.91411,0 140.00794,36.91433,0 140.00886,36.9156,0 140.00903,36.91584,0 140.00911,36.91594,0 140.00919,36.91605,0 140.00925,36.91612,0 140.0097,36.91675,0 140.01005,36.91723,0 140.01052,36.91788,0 140.01072,36.91815,0 140.01076,36.91821,0</coordinates></LineString>
                        </Placemark>
                        <Placemark>
                            <name>東北新幹線</name>
                            <styleUrl>#style_green</styleUrl>
                            <LineString><tessellate>1</tessellate><coordinates>140.01076,36.91821,0 140.01096,36.91848,0 140.01156,36.9193,0 140.01172,36.91953,0 140.01191,36.91976,0 140.01399,36.92268,0 140.01494,36.92401,0 140.01663,36.92641,0 140.01825,36.92866,0 140.01905,36.92978,0 140.01958,36.93047,0 140.01964,36.93054,0</coordinates></LineString>
                        </Placemark>
                        <Placemark>
                            <name>東北新幹線</name>
                            <styleUrl>#style_green</styleUrl>
                            <LineString><tessellate>1</tessellate><coordinates>140.02177,36.93278,0 140.02184,36.93284,0 140.02459,36.93534,0 140.02491,36.93562,0 140.02558,36.93622,0 140.02657,36.93712,0 140.02909,36.93942,0 140.03101,36.94118,0 140.03174,36.94186,0 140.03471,36.94464,0 140.03695,36.94671,0 140.03766,36.94736,0 140.0394,36.94895,0 140.04189,36.95122,0 140.04498,36.95412,0 140.04615,36.95516,0 140.04877,36.9576,0 140.05057,36.95959,0 140.05283,36.9622,0 140.05414,36.9637,0 140.05713,36.96707,0 140.05926,36.96955,0 140.06071,36.97124,0 140.06476,36.97593,0 140.06563,36.97692,0 140.06968,36.98158,0 140.07137,36.98354,0 140.07206,36.98432,0 140.07233,36.98467,0 140.07288,36.98532,0 140.07382,36.98639,0 140.07532,36.98812,0 140.07576,36.98864,0 140.07596,36.98886,0 140.07784,36.99101,0 140.08104,36.99489,0 140.08278,36.99707,0 140.08303,36.99736,0 140.084,36.99858,0 140.0851,36.99999,0 140.08616,37.00137,0 140.08636,37.00167,0 140.08747,37.00309,0 140.08798,37.00375,0 140.08853,37.00449,0 140.08913,37.00529,0 140.08954,37.00587,0 140.09003,37.00653,0 140.09069,37.00742,0 140.09137,37.00836,0 140.09255,37.00996,0 140.0936,37.0114,0 140.09617,37.01495,0 140.09941,37.01942,0 140.10175,37.02267,0 140.10179,37.02272,0 140.10362,37.02524,0 140.10745,37.03047,0 140.10908,37.03273,0 140.11116,37.03554,0 140.11347,37.03874,0 140.11473,37.04048,0 140.11565,37.04177,0 140.1194,37.04682,0 140.12043,37.04821,0 140.12143,37.04954,0 140.12168,37.04991,0 140.12448,37.05383,0 140.1247,37.05408,0 140.12579,37.05546,0 140.12661,37.05645,0 140.12732,37.05735,0 140.12921,37.05959,0 140.13019,37.06065,0 140.13149,37.06203,0 140.13311,37.06376,0 140.13984,37.07092,0 140.14152,37.07272,0 140.14347,37.07486,0 140.14405,37.07552,0 140.1465,37.07813,0 140.15324,37.08529,0 140.15329,37.08535,0 140.1536,37.08567,0 140.1543,37.08641,0 140.15458,37.08672,0 140.15574,37.08798,0 140.15581,37.08805,0 140.15723,37.08957,0 140.15786,37.09025,0 140.16156,37.09421,0 140.1663,37.09929,0 140.16994,37.10319,0 140.17039,37.10365,0 140.17155,37.10489,0 140.17157,37.10491,0 140.17179,37.10513,0 140.17588,37.1095,0 140.17663,37.11029,0 140.17761,37.11135,0 140.17778,37.11155,0 140.17849,37.11231,0 140.17864,37.11248,0 140.17874,37.11259,0 140.17879,37.11265,0 140.181,37.11494,0 140.18105,37.115,0 140.18126,37.11522,0 140.1816,37.11559,0 140.18411,37.11827,0 140.18772,37.12215,0 140.18778,37.12221,0</coordinates></LineString>
                        </Placemark>
                        <Placemark>
                            <name>東北新幹線</name>
                            <styleUrl>#style_green</styleUrl>
                            <LineString><tessellate>1</tessellate><coordinates>139.89761,36.55688,0 139.89857,36.56066,0</coordinates></LineString>
                        </Placemark>
                        <Placemark>
                            <name>東北新幹線</name>
                            <styleUrl>#style_green</styleUrl>
                            <LineString><tessellate>1</tessellate><coordinates>139.80525,36.31159,0 139.80746,36.3155,0</coordinates></LineString>
                        </Placemark>
                        <Placemark>
                            <name>東北新幹線</name>
                            <styleUrl>#style_green</styleUrl>
                            <LineString><tessellate>1</tessellate><coordinates>139.80746,36.3155,0 139.80838,36.31707,0 139.80849,36.31725,0 139.81094,36.32143,0 139.81117,36.32184,0 139.81197,36.32324,0 139.81341,36.32564,0 139.81416,36.32693,0 139.81504,36.32851,0 139.81671,36.33139,0 139.81966,36.33649,0 139.81968,36.33653,0 139.82142,36.33954,0 139.82309,36.3424,0 139.82441,36.34468,0 139.82453,36.34488,0 139.82554,36.34662,0 139.82917,36.35282,0 139.82974,36.35379,0 139.83197,36.35757,0 139.83395,36.36095,0 139.83405,36.36112,0 139.83561,36.36381,0 139.8375,36.36703,0 139.83872,36.36909,0 139.83924,36.36997,0 139.84071,36.37247,0 139.84157,36.37393,0 139.84264,36.37571,0 139.84276,36.37593,0 139.84351,36.37722,0 139.84456,36.379,0 139.84509,36.37991,0 139.84643,36.38224,0 139.8475,36.38408,0 139.84764,36.38433,0 139.84946,36.38742,0 139.85061,36.3894,0 139.85227,36.39221,0 139.85239,36.39241,0 139.85396,36.39509,0 139.8549,36.39671,0 139.85665,36.39969,0 139.85704,36.40035,0 139.85772,36.40149,0 139.85774,36.40154,0 139.85842,36.40272,0 139.85912,36.40407,0 139.86023,36.40625,0 139.86077,36.40741,0 139.86108,36.40817,0 139.86125,36.40862,0 139.86171,36.40989,0 139.86193,36.4105,0 139.86222,36.41142,0 139.8625,36.4125,0 139.86339,36.41696,0 139.86374,36.41874,0 139.86387,36.41938,0 139.86396,36.41982,0 139.86396,36.41983,0 139.86408,36.42055,0 139.86413,36.4209,0 139.86418,36.4212,0 139.86427,36.42171,0 139.86439,36.42229,0 139.86477,36.4245,0 139.86479,36.42457,0 139.86563,36.42921,0 139.86568,36.42947,0 139.86577,36.42993,0 139.86599,36.43118,0 139.8673,36.43839,0 139.86747,36.43937,0 139.86748,36.4394,0 139.86751,36.4396,0 139.86755,36.43979,0 139.86762,36.4402,0 139.86797,36.44207,0 139.86843,36.4446,0 139.86909,36.44829,0 139.86945,36.45028,0 139.86957,36.45096,0 139.86977,36.45205,0 139.8698,36.45223,0 139.86984,36.45243,0 139.87007,36.4537,0 139.87017,36.45423,0 139.87025,36.45469,0 139.87045,36.45576,0 139.87055,36.45633,0 139.87083,36.4579,0 139.87155,36.46186,0 139.8716,36.46214,0 139.87173,36.46288,0 139.87183,36.46342,0 139.8719,36.46385,0 139.87196,36.46413,0 139.87203,36.46455,0 139.87229,36.46609,0 139.87258,36.4677,0 139.8729,36.46952,0 139.87313,36.47084,0 139.87376,36.47429,0 139.87423,36.47678,0 139.87433,36.4773,0 139.87497,36.48071,0 139.87547,36.48338,0 139.87591,36.48569,0 139.87596,36.48593,0 139.87642,36.48844,0 139.87652,36.48897,0 139.87666,36.48965,0 139.87672,36.48993,0 139.87679,36.49018,0 139.87703,36.49105,0 139.8771,36.49134,0 139.87738,36.49222,0 139.87758,36.49282,0 139.87763,36.49298,0 139.87768,36.49313,0 139.87819,36.4945,0 139.87829,36.49474,0 139.8791,36.49689,0 139.87988,36.49904,0 139.88056,36.50098,0 139.88101,36.50224,0 139.88134,36.50314,0 139.8817,36.50405,0 139.88191,36.50459,0 139.88255,36.50639,0 139.88414,36.51072,0 139.88488,36.51268,0 139.88522,36.51358,0 139.88639,36.51678,0 139.8872,36.51893,0 139.88808,36.52131,0 139.8882,36.52164,0 139.88945,36.52508,0 139.89031,36.52739,0 139.89086,36.52897,0 139.89108,36.52967,0 139.89116,36.52997,0 139.89165,36.53183,0 139.8925,36.53514,0 139.89334,36.53881,0 139.89356,36.53977,0 139.8945,36.54374,0 139.89543,36.54767,0 139.89574,36.549,0 139.89651,36.55218,0 139.89753,36.55652,0 139.89761,36.55688,0</coordinates></LineString>
                        </Placemark>
                        <Placemark>
                            <name>東北新幹線</name>
                            <styleUrl>#style_green</styleUrl>
                            <LineString><tessellate>1</tessellate><coordinates>139.62235,35.90806,0 139.62208,35.90871,0 139.62177,35.9095,0 139.62144,35.91025,0 139.62085,35.912,0 139.6199,35.91483,0 139.6191,35.91714,0 139.61873,35.91817,0 139.61834,35.91928,0 139.6182,35.91971,0 139.61818,35.91987,0 139.61817,35.91999,0 139.6179,35.92078,0 139.61762,35.92173,0 139.61753,35.92208,0 139.61729,35.92303,0 139.61714,35.92386,0 139.61699,35.92489,0 139.61677,35.92655,0 139.61667,35.92745,0 139.6166,35.92816,0 139.61658,35.92877,0 139.61657,35.92926,0 139.61663,35.93147,0 139.61674,35.93267,0 139.61687,35.9341,0 139.61709,35.93528,0 139.61748,35.93748,0 139.61753,35.93774,0 139.61777,35.93901,0 139.61832,35.942,0 139.61889,35.94503,0 139.6192,35.94665,0 139.61956,35.94857,0 139.62017,35.95186,0 139.62069,35.95452,0 139.62088,35.95556,0 139.62132,35.9579,0 139.62165,35.95968,0 139.62167,35.95974,0 139.62175,35.9602,0 139.62177,35.9603,0 139.62202,35.9616,0 139.62203,35.96172,0 139.62207,35.96194,0 139.62218,35.96253,0 139.62219,35.96263,0 139.62221,35.96272,0 139.62232,35.96336,0 139.62235,35.96346,0 139.62239,35.96372,0 139.62254,35.9646,0 139.62282,35.96613,0 139.62283,35.96617,0 139.62288,35.96645,0 139.62299,35.96706,0 139.623,35.96709,0 139.62308,35.96759,0 139.62322,35.9683,0 139.62329,35.96875,0 139.62334,35.96889,0 139.62336,35.96912,0 139.62362,35.97044,0 139.62363,35.97052,0 139.62368,35.97079,0 139.62379,35.97137,0 139.62389,35.97196,0 139.62392,35.97208,0 139.62396,35.97232,0 139.62399,35.97247,0 139.62407,35.97293,0 139.62419,35.97354,0 139.62429,35.97409,0 139.62438,35.97453,0 139.62448,35.97508,0 139.62452,35.97526,0</coordinates></LineString>
                        </Placemark>
                        <Placemark>
                            <name>東北新幹線</name>
                            <styleUrl>#style_green</styleUrl>
                            <LineString><tessellate>1</tessellate><coordinates>139.62452,35.97526,0 139.62465,35.97583,0 139.62478,35.97648,0 139.62488,35.97692,0 139.62518,35.97807,0 139.62545,35.97902,0 139.62572,35.97989,0 139.62628,35.98146,0 139.62657,35.98222,0 139.62682,35.98277,0 139.62724,35.98357,0 139.62763,35.98433,0 139.62812,35.98527,0 139.62825,35.98548,0 139.62854,35.98596,0 139.62919,35.98697,0 139.62966,35.98765,0 139.63024,35.98846,0 139.63076,35.98914,0 139.63151,35.99016,0 139.63224,35.99119,0 139.63273,35.99185,0 139.63344,35.99276,0 139.63383,35.99326,0 139.63409,35.99359,0 139.63503,35.9948,0 139.6357,35.99568,0 139.6365,35.99671,0 139.63724,35.99765,0 139.6374,35.99787,0 139.63776,35.99834,0 139.63863,35.99942,0 139.63931,36.00029,0 139.6401,36.00127,0 139.64109,36.00255,0 139.6416,36.00319,0 139.64202,36.00385,0 139.64285,36.00495,0 139.6434,36.00568,0 139.64361,36.00595,0 139.64369,36.00606,0 139.6443,36.0069,0 139.6457,36.00872,0 139.64626,36.00948,0 139.64666,36.00999,0 139.64737,36.01088,0 139.64951,36.01358,0 139.64978,36.01393,0 139.65137,36.0159,0 139.65268,36.01757,0 139.65301,36.01801,0 139.65346,36.01862,0 139.65418,36.01966,0 139.6548,36.02062,0 139.65492,36.02081,0 139.65591,36.02234,0 139.6563,36.02294,0 139.65658,36.02343,0 139.65688,36.02395,0 139.65729,36.02479,0 139.65929,36.02885,0 139.65949,36.02925,0 139.66104,36.03222,0 139.66203,36.03429,0 139.6627,36.03562,0 139.66335,36.0369,0 139.66349,36.03719,0 139.66402,36.03823,0 139.66466,36.03955,0 139.66536,36.04099,0 139.66576,36.04175,0 139.66616,36.0425,0 139.66702,36.04428,0 139.66758,36.0454,0 139.66765,36.04554,0 139.6681,36.04642,0 139.66852,36.04724,0 139.66917,36.04853,0 139.66945,36.04912,0 139.66994,36.05008,0 139.67068,36.05157,0 139.67096,36.05209,0 139.67099,36.05216,0 139.67118,36.05257,0 139.67177,36.05377,0 139.67254,36.05529,0 139.67321,36.05666,0 139.67346,36.05714,0 139.67358,36.05737,0 139.67386,36.0579,0 139.67441,36.05897,0 139.67494,36.06009,0 139.67512,36.06044,0 139.67549,36.06115,0 139.67604,36.06217,0 139.67631,36.06261,0 139.67646,36.06288,0 139.67681,36.06347,0 139.67706,36.06392,0 139.67843,36.06642,0 139.67888,36.06724,0 139.67971,36.06865,0 139.67992,36.06902,0 139.68015,36.06939,0 139.6807,36.07027,0 139.68092,36.07062,0 139.68202,36.07236,0 139.68273,36.07352,0 139.68301,36.07406,0 139.68391,36.07557,0 139.68464,36.07672,0 139.68471,36.07682,0 139.685,36.07728,0 139.68575,36.07847,0 139.68578,36.07853,0 139.68876,36.08334,0 139.69075,36.08652,0 139.69316,36.09031,0 139.69325,36.09046,0 139.69363,36.09107,0 139.69497,36.09322,0 139.69725,36.0968,0 139.69868,36.09907,0 139.69916,36.09984,0 139.70135,36.10328,0 139.7034,36.10651,0 139.70377,36.10708,0 139.70565,36.11006,0 139.70798,36.11377,0 139.70883,36.11511,0 139.71003,36.117,0 139.71198,36.12012,0 139.7139,36.12312,0 139.71396,36.12323,0 139.71457,36.12423,0 139.71493,36.12487,0 139.71549,36.12587,0 139.71654,36.12787,0 139.71704,36.12903,0 139.71761,36.13035,0 139.71805,36.13135,0 139.71869,36.1328,0 139.71961,36.13489,0 139.72122,36.13855,0 139.72279,36.14212,0 139.72412,36.14517,0 139.72539,36.14811,0 139.72654,36.15071,0 139.72725,36.15235,0 139.72788,36.15381,0 139.72943,36.15737,0 139.73107,36.16112,0 139.73308,36.16573,0 139.73484,36.16984,0 139.73495,36.17012,0 139.73511,36.17049,0 139.73528,36.17089,0 139.73613,36.17283,0 139.73687,36.1745,0 139.73724,36.17531,0 139.73789,36.17678,0 139.73856,36.17832,0 139.73948,36.1804,0 139.73973,36.18101,0 139.73975,36.18102,0 139.74036,36.18261,0 139.74047,36.18288,0 139.7407,36.18348,0 139.74093,36.18405,0 139.74108,36.18444,0 139.74135,36.1851,0 139.74157,36.18566,0 139.74191,36.18653,0 139.74199,36.18674,0 139.7425,36.18804,0 139.74286,36.18895,0 139.74301,36.18934,0 139.74348,36.19054,0 139.74393,36.19169,0 139.74419,36.19234,0 139.74447,36.19306,0 139.74458,36.19334,0 139.74491,36.19419,0 139.74522,36.19496,0 139.74604,36.19704,0 139.74642,36.19802,0 139.74644,36.19803,0 139.74666,36.19861,0 139.74675,36.19882,0 139.74703,36.19951,0 139.7473,36.20021,0 139.74753,36.20084,0 139.74782,36.20156,0 139.74805,36.20212,0 139.74841,36.20302,0 139.74903,36.2046,0 139.74927,36.20514,0 139.7496,36.20604,0 139.7501,36.20721,0 139.75056,36.20843,0 139.75119,36.2101,0 139.75196,36.21205,0 139.75262,36.21373,0 139.75286,36.21435,0 139.75357,36.21615,0 139.75425,36.21795,0 139.75511,36.22013,0 139.75566,36.22152,0 139.75596,36.22232,0 139.75615,36.2228,0 139.7567,36.2242,0 139.75774,36.22692,0 139.75831,36.22836,0 139.75904,36.23028,0 139.75929,36.23092,0 139.75971,36.23198,0 139.76055,36.23418,0 139.76106,36.23553,0 139.76154,36.23681,0 139.76229,36.23872,0 139.7626,36.23953,0 139.76325,36.2412,0 139.76375,36.24242,0 139.76402,36.24311,0 139.76433,36.2439,0 139.76472,36.24486,0 139.76505,36.24568,0 139.76571,36.24742,0 139.76619,36.24864,0 139.76661,36.24973,0 139.76697,36.25064,0 139.76751,36.25189,0 139.76785,36.2527,0 139.76793,36.25292,0 139.768,36.25317,0 139.76842,36.25425,0 139.77036,36.25929,0 139.77176,36.26285,0 139.77512,36.27144,0 139.77529,36.27189,0 139.77627,36.274,0 139.7774,36.27619,0 139.77833,36.27775,0 139.77943,36.27943,0 139.77962,36.27966,0 139.78116,36.28161,0 139.78588,36.2871,0 139.79223,36.29449,0 139.79858,36.30188,0 139.79875,36.30208,0 139.80123,36.30496,0 139.80175,36.30571,0 139.80371,36.309,0 139.80377,36.3091,0 139.80525,36.31159,0</coordinates></LineString>
                        </Placemark>
                        <Placemark>
                            <name>東北新幹線</name>
                            <styleUrl>#style_green</styleUrl>
                            <LineString><tessellate>1</tessellate><coordinates>139.77802,35.71432,0 139.77675,35.71231,0</coordinates></LineString>
                        </Placemark>
                        <Placemark>
                            <name>東北新幹線</name>
                            <styleUrl>#style_green</styleUrl>
                            <LineString><tessellate>1</tessellate><coordinates>139.76807,35.68296,0 139.76798,35.68339,0 139.76795,35.68355,0 139.76799,35.68375,0 139.76819,35.68429,0 139.76903,35.6867,0 139.7695,35.68798,0 139.77017,35.68955,0 139.77033,35.68994,0 139.77123,35.69185,0 139.77138,35.69222,0 139.77175,35.6932,0 139.77229,35.69442,0 139.77287,35.69578,0 139.77305,35.69649,0 139.77324,35.69684,0 139.77341,35.69732,0 139.77349,35.69768,0 139.77355,35.69811,0 139.77356,35.69829,0 139.77358,35.69842,0 139.77374,35.69977,0 139.77398,35.70116,0 139.77404,35.70156,0 139.77407,35.70173,0 139.77426,35.70232,0 139.77436,35.70269,0 139.77453,35.70353,0 139.77479,35.70497,0 139.77505,35.7062,0 139.77531,35.70773,0 139.7755,35.70853,0 139.77573,35.70942,0 139.77594,35.71023,0 139.77626,35.71122,0 139.77644,35.71177,0 139.77675,35.71231,0</coordinates></LineString>
                        </Placemark>
                        <Placemark>
                            <name>東北新幹線</name>
                            <styleUrl>#style_green</styleUrl>
                            <LineString><tessellate>1</tessellate><coordinates>139.76807,35.68296,0 139.76811,35.68099,0 139.76746,35.67936,0</coordinates></LineString>
                        </Placemark>
                        <Placemark>
                            <name>東北新幹線</name>
                            <styleUrl>#style_green</styleUrl>
                            <LineString><tessellate>1</tessellate><coordinates>139.62381,35.90445,0 139.62313,35.906,0 139.62235,35.90806,0</coordinates></LineString>
                        </Placemark>
                        <Placemark>
                            <name>東北新幹線</name>
                            <styleUrl>#style_green</styleUrl>
                            <LineString><tessellate>1</tessellate><coordinates>139.62381,35.90445,0 139.62398,35.90419,0 139.62413,35.90396,0 139.62427,35.90376,0 139.62444,35.90353,0 139.62462,35.90326,0 139.62473,35.90311,0 139.62492,35.90285,0 139.62562,35.9019,0 139.62603,35.90135,0 139.62627,35.90101,0 139.62704,35.89996,0 139.62727,35.89965,0 139.62737,35.89952,0 139.62746,35.89941,0 139.62776,35.89896,0 139.62799,35.89851,0 139.62812,35.89818,0 139.62827,35.8977,0 139.62846,35.89714,0 139.62859,35.89671,0 139.62861,35.89664,0 139.6287,35.89637,0 139.62891,35.8957,0 139.62906,35.89517,0 139.62912,35.89493,0 139.62918,35.89458,0 139.62921,35.89439,0 139.62928,35.89392,0 139.62929,35.89378,0 139.62929,35.8932,0 139.62925,35.89281,0 139.62918,35.89244,0 139.62912,35.8922,0 139.62911,35.89218,0 139.62908,35.89208,0 139.62883,35.89156,0 139.6287,35.89137,0 139.62837,35.89081,0 139.62806,35.89036,0 139.62659,35.88826,0 139.62616,35.88765,0 139.62591,35.88732,0 139.62555,35.88675,0 139.62539,35.88645,0 139.62527,35.88617,0 139.62519,35.88596,0 139.62509,35.88565,0 139.62491,35.885,0 139.62488,35.88486,0 139.62488,35.88377,0 139.6249,35.88362,0 139.62493,35.88352,0 139.62496,35.88331,0 139.62499,35.88316,0 139.62508,35.88283,0 139.62526,35.88235,0 139.62537,35.88205,0 139.62552,35.88166,0 139.62557,35.88151,0 139.62558,35.88147,0 139.62587,35.88072,0 139.62612,35.88006,0 139.62615,35.88,0 139.62617,35.87993,0 139.62626,35.8797,0 139.62646,35.87914,0 139.62653,35.87894,0 139.62665,35.87865,0 139.62678,35.87831,0 139.62692,35.87796,0 139.62693,35.87792,0 139.62698,35.8778,0 139.62711,35.87746,0 139.62715,35.87736,0 139.62738,35.87672,0 139.62752,35.87634,0 139.62758,35.87618,0 139.62761,35.8761,0 139.62765,35.87596,0 139.62775,35.8757,0 139.62776,35.87565,0 139.62783,35.87546,0 139.62792,35.87522,0 139.62799,35.87503,0 139.62815,35.87456,0 139.62821,35.87443,0 139.62823,35.87433,0 139.6285,35.87358,0 139.62866,35.87315,0 139.62882,35.87273,0 139.6289,35.8725,0 139.62893,35.87245,0 139.629,35.87222,0 139.62921,35.87166,0 139.62922,35.87164,0 139.62928,35.87147,0 139.62938,35.87123,0 139.6294,35.8712,0 139.62947,35.87098,0 139.62968,35.87042,0 139.62975,35.87025,0 139.62983,35.87001,0 139.62985,35.86998,0 139.63003,35.86951,0 139.63018,35.86912,0 139.63019,35.86906,0 139.63021,35.86904,0 139.63029,35.86883,0 139.6303,35.86881,0 139.63068,35.86778,0 139.63087,35.86727,0 139.63106,35.86676,0 139.63114,35.86656,0 139.63116,35.86649,0 139.63118,35.86649,0 139.63121,35.86636,0 139.63139,35.86589,0 139.63145,35.86573,0 139.63151,35.86556,0 139.63183,35.86469,0 139.63198,35.86433,0 139.63206,35.86413,0 139.63223,35.86364,0 139.63235,35.86335,0 139.63244,35.86309,0 139.6325,35.86295,0 139.63263,35.86258,0 139.63268,35.86246,0 139.63282,35.86205,0 139.63288,35.86189,0 139.63296,35.86171,0 139.63304,35.86148,0 139.63318,35.86111,0 139.63337,35.86062,0 139.63352,35.86021,0 139.6336,35.85998,0 139.63375,35.85958,0 139.63416,35.85853,0 139.63437,35.85803,0 139.63465,35.85739,0 139.63479,35.85712,0 139.63482,35.85709,0 139.63504,35.8567,0 139.63523,35.8564,0 139.63577,35.85553,0 139.63607,35.8551,0 139.63613,35.85502,0 139.63631,35.85478,0 139.63632,35.85476,0 139.63645,35.85461,0 139.63706,35.85388,0 139.63784,35.85308,0 139.63831,35.85261,0 139.63862,35.85231,0 139.63893,35.85201,0 139.63996,35.85117,0 139.64218,35.84929,0 139.64412,35.84768,0 139.64548,35.84659,0 139.64606,35.84606,0 139.64629,35.84581,0 139.64632,35.84578,0 139.64672,35.8453,0 139.6471,35.84478,0 139.64744,35.84418,0 139.64828,35.84263,0 139.64943,35.8404,0 139.65085,35.83761,0 139.65138,35.83655,0 139.65141,35.83651,0 139.65159,35.83622,0 139.65221,35.83533,0 139.65261,35.8348,0 139.65275,35.83464,0 139.6531,35.83415,0 139.65349,35.83366,0 139.65376,35.8333,0 139.65393,35.8331,0 139.65514,35.83157,0 139.65565,35.83093,0 139.65574,35.8308,0 139.65609,35.83037,0 139.65627,35.83016,0 139.65666,35.82976,0 139.65699,35.82946,0 139.65715,35.82934,0 139.65786,35.82887,0 139.65813,35.8287,0 139.65829,35.82859,0 139.6587,35.82833,0 139.65879,35.82827,0 139.65934,35.8279,0 139.65986,35.82757,0 139.66,35.82747,0 139.66045,35.82717,0 139.66049,35.82716,0 139.66077,35.82698,0 139.66183,35.8263,0 139.66217,35.8261,0 139.66254,35.82585,0 139.66368,35.82511,0 139.66438,35.82468,0 139.66472,35.82444,0 139.66513,35.82414,0 139.66541,35.82388,0 139.66578,35.82349,0 139.6661,35.82312,0 139.66629,35.82285,0 139.66637,35.82273,0 139.66668,35.82222,0 139.66689,35.82189,0 139.66691,35.82183,0 139.66727,35.82122,0 139.66837,35.81933,0 139.66877,35.81865,0 139.66895,35.81834,0 139.66899,35.81827,0 139.66925,35.81785,0 139.66933,35.81771,0 139.66971,35.81709,0 139.67003,35.81656,0 139.67147,35.81409,0 139.67156,35.81392,0 139.67177,35.81357,0 139.67215,35.813,0 139.67227,35.81285,0 139.67267,35.81239,0 139.67304,35.81204,0 139.67366,35.81149,0 139.6741,35.81113,0 139.67431,35.81097,0 139.67434,35.81093,0 139.67458,35.81075,0 139.675,35.8104,0 139.67504,35.81036,0 139.67647,35.80915,0 139.67682,35.80887,0 139.67683,35.80885,0 139.67719,35.80853,0 139.67737,35.80838,0 139.67746,35.8083,0 139.67865,35.80729,0 139.67872,35.80723,0 139.67899,35.80703,0 139.679,35.80701,0 139.67929,35.80677,0 139.67933,35.80673,0 139.67987,35.8063,0 139.67999,35.80618,0 139.6803,35.80593,0 139.68058,35.80569,0 139.68102,35.80533,0 139.68145,35.80498,0 139.68305,35.80365,0 139.68335,35.80339,0 139.6838,35.80297,0 139.68429,35.80232,0 139.68447,35.802,0 139.6847,35.80145,0 139.68479,35.80119,0 139.68481,35.80115,0 139.68501,35.80052,0 139.68511,35.8002,0 139.68519,35.79996,0 139.68525,35.7997,0 139.68554,35.79878,0 139.68563,35.79849,0 139.68565,35.7984,0 139.6859,35.79756,0 139.68607,35.79699,0 139.68608,35.79698,0 139.68626,35.79635,0 139.68653,35.79557,0 139.68675,35.79502,0 139.68709,35.7943,0 139.68733,35.79391,0 139.68778,35.79334,0 139.68825,35.79285,0 139.6888,35.79235,0 139.68883,35.79234,0 139.68888,35.79229,0 139.68919,35.79207,0 139.68935,35.79198,0 139.68942,35.79192,0 139.68985,35.79169,0 139.69019,35.79153,0 139.69023,35.79152,0 139.69029,35.79149,0 139.69058,35.79136,0 139.69101,35.7912,0 139.69118,35.79115,0 139.69122,35.79114,0 139.69157,35.79104,0 139.69209,35.79094,0 139.6924,35.79089,0 139.69269,35.79084,0 139.69314,35.7908,0 139.6937,35.79073,0 139.69449,35.79064,0 139.69456,35.79063,0 139.69479,35.7906,0 139.69503,35.79057,0 139.69568,35.7905,0 139.69618,35.79045,0 139.69655,35.79042,0 139.69667,35.7904,0 139.6969,35.79037,0 139.69708,35.79036,0 139.69755,35.79032,0 139.69833,35.79023,0 139.69849,35.7902,0 139.69858,35.7902,0 139.69858,35.79018,0 139.69905,35.79013,0 139.69953,35.79008,0 139.7002,35.78998,0 139.70061,35.78987,0 139.70095,35.78974,0 139.70125,35.78963,0 139.70181,35.78939,0 139.70204,35.78929,0 139.70249,35.78906,0 139.70291,35.78878,0 139.70335,35.78848,0 139.70392,35.78808,0 139.70443,35.78771,0 139.70495,35.78734,0 139.70557,35.78691,0 139.70593,35.7867,0 139.70647,35.78638,0 139.70693,35.78618,0 139.70756,35.78594,0 139.70847,35.78571,0 139.70981,35.78539,0 139.71055,35.78523,0 139.71115,35.7851,0 139.71132,35.78508,0 139.71165,35.78508,0 139.71203,35.78499,0 139.71374,35.78447,0 139.71421,35.78431,0 139.71452,35.78422,0 139.71485,35.78409,0 139.71518,35.78393,0 139.71553,35.78377,0 139.71582,35.78361,0 139.71608,35.78345,0 139.71663,35.78307,0 139.71699,35.78281,0 139.71713,35.78267,0 139.71733,35.7824,0 139.7175,35.7822,0 139.71765,35.78202,0 139.71789,35.78173,0 139.71802,35.78152,0 139.71819,35.78118,0 139.71831,35.78087,0 139.71852,35.78049,0 139.71909,35.77965,0 139.71946,35.77914,0 139.71994,35.77847,0 139.72024,35.77806,0 139.72054,35.77761,0 139.72078,35.77726,0 139.72101,35.77693,0 139.72118,35.77666,0 139.72147,35.77618,0 139.72165,35.77581,0 139.72172,35.77564,0 139.72176,35.77554,0 139.72182,35.77523,0 139.72189,35.77457,0 139.72191,35.77405,0 139.72191,35.77404,0 139.72192,35.77378,0 139.72194,35.77359,0 139.72197,35.77336,0 139.72204,35.773,0 139.72213,35.7727,0 139.72225,35.77237,0 139.72246,35.77199,0 139.72267,35.77152,0 139.72297,35.77098,0 139.72325,35.77051,0 139.72357,35.76992,0 139.72381,35.76952,0 139.72427,35.76875,0 139.72497,35.76747,0 139.72564,35.76632,0 139.72598,35.76573,0 139.72602,35.76566,0 139.72621,35.76536,0 139.72658,35.76478,0 139.72686,35.76437,0 139.72736,35.76366,0 139.72775,35.76308,0 139.72801,35.76271,0 139.72823,35.76251,0 139.72863,35.76217,0 139.72907,35.76185,0 139.72995,35.76123,0 139.73053,35.76083,0 139.7311,35.76042,0 139.73176,35.75995,0 139.73246,35.75944,0 139.73283,35.75918,0 139.73309,35.75898,0 139.73319,35.75891,0 139.73354,35.75859,0 139.73384,35.75831,0 139.73419,35.75795,0 139.73457,35.75754,0 139.73506,35.75693,0 139.73542,35.75641,0 139.73601,35.75562,0 139.7365,35.75489,0 139.7369,35.75436,0 139.73717,35.75397,0 139.73752,35.75355,0 139.73778,35.75323,0 139.73858,35.75247,0 139.73952,35.75166,0 139.74013,35.75116,0 139.74111,35.75038,0 139.7418,35.74976,0 139.74191,35.74967,0 139.74264,35.74921,0 139.74309,35.74897,0 139.74476,35.74808,0 139.74582,35.7475,0 139.7461,35.74736,0 139.74677,35.74701,0 139.74821,35.74625,0 139.74912,35.74578,0 139.75007,35.74526,0 139.75249,35.74397,0 139.75438,35.74295,0 139.75523,35.74246,0 139.75598,35.742,0 139.75608,35.74195,0 139.75716,35.74129,0 139.75813,35.74068,0 139.75888,35.74016,0 139.75928,35.73986,0 139.75989,35.73934,0 139.76118,35.73824,0 139.76217,35.73739,0 139.76328,35.73638,0 139.76394,35.73577,0 139.76442,35.73532,0 139.76446,35.73528,0 139.76561,35.73422,0 139.76605,35.73377,0 139.76629,35.7335,0 139.76663,35.733,0 139.76677,35.73278,0 139.767,35.73241,0 139.76718,35.73212,0 139.76752,35.7316,0 139.768,35.73089,0 139.76839,35.73032,0 139.76873,35.72989,0 139.76932,35.72917,0 139.77003,35.72842,0 139.77034,35.72813,0 139.77056,35.72795,0 139.77083,35.72772,0 139.77109,35.72751,0 139.77187,35.72687,0 139.77236,35.72634,0 139.77288,35.72553,0 139.77373,35.72476,0 139.77455,35.72429,0 139.77543,35.72391,0 139.77605,35.72364,0 139.77626,35.72355,0 139.77778,35.72304,0 139.77845,35.72281,0 139.77924,35.72241,0 139.77926,35.72239,0 139.77971,35.72196,0 139.78023,35.72139,0 139.78055,35.72083,0 139.78074,35.72018,0 139.78084,35.71942,0 139.78085,35.71896,0 139.78076,35.71857,0 139.78038,35.71753,0 139.78012,35.71703,0 139.77945,35.71612,0 139.77874,35.71519,0 139.77802,35.71432,0</coordinates></LineString>
                        </Placemark>
                        <Placemark>
                            <name>東北新幹線</name>
                            <styleUrl>#style_green</styleUrl>
                            <LineString><tessellate>1</tessellate><coordinates>141.13071,39.70667,0 141.12994,39.70737,0 141.12953,39.70774,0 141.12888,39.70834,0 141.12886,39.70836,0 141.12765,39.7094,0 141.12665,39.71026,0 141.12555,39.71125,0 141.12402,39.71267,0 141.12365,39.71303,0 141.12277,39.71386,0 141.12148,39.71508,0 141.12119,39.71536,0 141.12108,39.71546,0 141.12045,39.71604,0 141.11971,39.71677,0 141.11902,39.71754,0 141.11853,39.71826,0 141.11824,39.71877,0 141.11803,39.71918,0 141.11775,39.71997,0 141.11763,39.7205,0 141.11756,39.72098,0 141.11752,39.72148,0 141.11752,39.72198,0 141.11756,39.72251,0 141.11766,39.72325,0 141.11769,39.72351,0 141.11772,39.72363,0 141.11791,39.72418,0 141.11829,39.72523,0 141.1185,39.7258,0 141.11886,39.72657,0 141.11932,39.72748,0 141.12009,39.72889,0 141.12073,39.73007,0 141.12077,39.73013,0 141.12092,39.73041,0 141.12106,39.73065,0 141.12148,39.73144,0 141.12335,39.73491,0 141.124,39.73617,0 141.12518,39.73833,0 141.12817,39.74353,0 141.12962,39.74612,0 141.13256,39.75176,0 141.13542,39.75687,0 141.13822,39.76228,0 141.1416,39.76856,0 141.14255,39.77033,0 141.14408,39.77322,0 141.1449,39.77518,0 141.14535,39.77649,0 141.14589,39.77829,0 141.14621,39.7796,0 141.14696,39.78216,0 141.14738,39.78362,0 141.14779,39.78491,0 141.14822,39.78615,0 141.14854,39.78703,0 141.14883,39.78784,0 141.15025,39.79116,0 141.15139,39.79344,0 141.15274,39.79586,0 141.15373,39.79743,0 141.15472,39.79901,0 141.15618,39.80102,0 141.15724,39.80244,0 141.15918,39.80478,0 141.16271,39.80873,0 141.16552,39.81186,0 141.16861,39.81533,0 141.17016,39.81708,0 141.17238,39.81946,0 141.17435,39.8217,0 141.17589,39.82353,0 141.1768,39.82465,0 141.17796,39.82617,0 141.17926,39.828,0 141.18083,39.8303,0 141.18194,39.83214,0 141.18321,39.83435,0 141.18416,39.83629,0 141.1859,39.84038,0 141.19021,39.85085,0 141.19106,39.85301,0 141.19607,39.86538,0 141.19897,39.87249,0 141.20128,39.87803,0 141.20264,39.88144,0 141.20395,39.88452,0 141.20528,39.88782,0 141.20699,39.89212,0 141.20781,39.89409,0 141.20932,39.898,0 141.21264,39.90624,0 141.21657,39.91585,0 141.21789,39.9197,0 141.21831,39.92125,0 141.21904,39.9246,0 141.21955,39.92848,0 141.21965,39.93032,0 141.21964,39.93414,0 141.2195,39.93749,0 141.21928,39.93932,0 141.21848,39.94857,0 141.21764,39.95838,0 141.21742,39.96009,0</coordinates></LineString>
                        </Placemark>
                        <Placemark>
                            <name>北陸新幹線</name>
                            <styleUrl>#style_green</styleUrl>
                            <LineString><tessellate>1</tessellate><coordinates>138.18749,36.64188,0 138.19025,36.64375,0</coordinates></LineString>
                        </Placemark>
                        <Placemark>
                            <name>北陸新幹線</name>
                            <styleUrl>#style_green</styleUrl>
                            <LineString><tessellate>1</tessellate><coordinates>139.0132,36.32111,0 139.01317,36.32134,0 139.01315,36.32162,0 139.01283,36.32435,0 139.01277,36.3248,0</coordinates></LineString>
                        </Placemark>
                        <Placemark>
                            <name>北陸新幹線</name>
                            <styleUrl>#style_green</styleUrl>
                            <LineString><tessellate>1</tessellate><coordinates>139.01277,36.3248,0 139.01273,36.32525,0 139.01271,36.32542,0 139.01249,36.32713,0 139.01226,36.32899,0 139.01213,36.33015,0 139.01191,36.33197,0 139.01178,36.33304,0 139.01162,36.33422,0 139.01159,36.33439,0 139.01151,36.33484,0 139.01148,36.33517,0 139.01141,36.33568,0 139.01133,36.33609,0 139.0113,36.33627,0 139.01126,36.33648,0 139.01111,36.3371,0 139.01095,36.33766,0 139.01065,36.33869,0 139.01042,36.33936,0 139.01028,36.33979,0 139.0099,36.3408,0 139.00971,36.34125,0 139.00926,36.34216,0 139.0089,36.34283,0 139.00849,36.34354,0 139.00787,36.34449,0 139.00757,36.34493,0 139.00741,36.34516,0 139.00636,36.34652,0 139.00603,36.34695,0 139.00552,36.34763,0 139.00545,36.34771,0 139.00431,36.34921,0 139.00374,36.34994,0 139.00343,36.35035,0 139.00202,36.35219,0 139.00092,36.35361,0 139.00046,36.35418,0 138.99996,36.3548,0</coordinates></LineString>
                        </Placemark>
                        <Placemark>
                            <name>北陸新幹線</name>
                            <styleUrl>#style_green</styleUrl>
                            <LineString><tessellate>1</tessellate><coordinates>138.85084,36.36261,0 138.85233,36.36275,0 138.85285,36.36282,0 138.8532,36.36286,0 138.85382,36.36295,0 138.85434,36.36302,0 138.85501,36.36312,0 138.8554,36.36318,0 138.85581,36.36325,0 138.85635,36.36334,0 138.85697,36.36343,0 138.85764,36.36354,0 138.85796,36.3636,0 138.85866,36.36371,0 138.85914,36.36379,0 138.85951,36.36385,0 138.85991,36.36391,0 138.86037,36.36398,0 138.86087,36.36406,0 138.8616,36.36418,0 138.86176,36.3642,0 138.86207,36.36425,0 138.86288,36.36438,0 138.86319,36.36443,0 138.86357,36.36449,0 138.86386,36.36454,0 138.86426,36.3646,0 138.8647,36.36467,0 138.865,36.36472,0 138.86519,36.36475,0 138.86548,36.3648,0 138.86577,36.36484,0 138.86618,36.36491,0 138.86672,36.36499,0 138.86705,36.36504,0 138.86731,36.36508,0 138.86771,36.36515,0 138.86816,36.36522,0 138.8682,36.36523,0 138.8685,36.36527,0 138.86892,36.36534,0 138.86914,36.36537,0 138.86958,36.36544,0 138.87002,36.36551,0 138.87032,36.36555,0 138.87064,36.36561,0 138.87094,36.36565,0 138.87133,36.36572,0 138.87183,36.36579,0 138.87421,36.36617,0 138.87716,36.36664,0 138.87989,36.36706,0 138.88121,36.36727,0 138.8815,36.36731,0 138.88217,36.36742,0 138.88345,36.36761,0 138.88469,36.3678,0 138.88632,36.36806,0 138.88754,36.36826,0 138.88798,36.36833,0 138.88857,36.36845,0 138.88885,36.36849,0 138.88922,36.36858,0 138.89078,36.3689,0 138.89116,36.36896,0 138.89156,36.36905,0 138.89216,36.36919,0 138.89306,36.36938,0 138.8938,36.36954,0 138.89497,36.36978,0 138.89511,36.36981,0 138.89605,36.37002,0 138.89846,36.37056,0 138.90097,36.3711,0 138.90173,36.37126,0 138.90361,36.37167,0 138.90618,36.3722,0 138.90838,36.37267,0 138.91014,36.37304,0 138.91142,36.37332,0 138.91246,36.37354,0 138.91297,36.37364,0 138.91438,36.37395,0 138.91453,36.37398,0 138.91558,36.3742,0 138.916,36.3743,0 138.91687,36.37448,0 138.91755,36.37464,0 138.91825,36.37479,0 138.91842,36.37482,0 138.91861,36.37487,0 138.92033,36.37523,0 138.92199,36.37559,0 138.92337,36.37588,0 138.92512,36.37626,0 138.92589,36.37642,0 138.92656,36.37657,0 138.92729,36.37673,0 138.92768,36.3768,0 138.93002,36.3773,0 138.93114,36.37752,0 138.93135,36.37757,0 138.93267,36.37786,0 138.93313,36.37796,0 138.93473,36.3783,0 138.93616,36.37858,0 138.93774,36.37889,0 138.93855,36.37904,0 138.93939,36.37917,0 138.93992,36.37925,0 138.94064,36.37934,0 138.94074,36.37936,0 138.94137,36.37943,0 138.94196,36.37951,0 138.942,36.37951,0 138.943,36.3796,0 138.94356,36.37964,0 138.94421,36.37968,0 138.94522,36.37974,0 138.94605,36.3798,0 138.94675,36.37982,0 138.94693,36.37982,0 138.94778,36.37982,0 138.94881,36.37981,0 138.94959,36.37978,0 138.94967,36.37978,0 138.95027,36.37976,0 138.95075,36.37974,0 138.95098,36.37973,0 138.95192,36.37966,0 138.95259,36.37961,0 138.95323,36.37954,0 138.95364,36.37949,0 138.95502,36.37933,0 138.95549,36.37926,0 138.95557,36.37925,0 138.95578,36.37921,0 138.95653,36.3791,0 138.9575,36.37894,0 138.95844,36.37877,0 138.95918,36.3786,0 138.96033,36.3783,0 138.96162,36.37797,0 138.96271,36.37768,0 138.96387,36.37732,0 138.96517,36.37689,0 138.96599,36.37659,0 138.96604,36.37657,0 138.96704,36.3762,0 138.96714,36.37616,0 138.96812,36.37576,0 138.96907,36.37535,0 138.9701,36.37489,0 138.97157,36.3742,0 138.97347,36.37316,0 138.9739,36.37292,0 138.97515,36.37222,0 138.97625,36.3716,0 138.9767,36.37135,0 138.97713,36.3711,0 138.98059,36.36913,0 138.98265,36.36794,0 138.98423,36.36704,0 138.98748,36.36519,0 138.98922,36.36417,0 138.98977,36.36382,0 138.99007,36.36364,0 138.99042,36.36341,0 138.99149,36.36268,0 138.99289,36.36167,0 138.99302,36.36157,0 138.99441,36.36047,0 138.99594,36.35916,0 138.99681,36.35837,0 138.998,36.35704,0 138.99996,36.3548,0</coordinates></LineString>
                        </Placemark>
                        <Placemark>
                            <name>北陸新幹線</name>
                            <styleUrl>#style_green</styleUrl>
                            <LineString><tessellate>1</tessellate><coordinates>138.85084,36.36261,0 138.8506,36.36259,0 138.85015,36.36256,0 138.8496,36.36253,0 138.84881,36.3625,0 138.84756,36.36247,0</coordinates></LineString>
                        </Placemark>
                        <Placemark>
                            <name>北陸新幹線</name>
                            <styleUrl>#style_green</styleUrl>
                            <LineString><tessellate>1</tessellate><coordinates>138.63677,36.34255,0 138.63567,36.34258,0 138.63404,36.34262,0 138.63319,36.34264,0</coordinates></LineString>
                        </Placemark>
                        <Placemark>
                            <name>北陸新幹線</name>
                            <styleUrl>#style_green</styleUrl>
                            <LineString><tessellate>1</tessellate><coordinates>138.25133,36.39518,0 138.25023,36.39614,0 138.24913,36.3971,0</coordinates></LineString>
                        </Placemark>
                        <Placemark>
                            <name>北陸新幹線</name>
                            <styleUrl>#style_green</styleUrl>
                            <LineString><tessellate>1</tessellate><coordinates>138.84756,36.36247,0 138.84691,36.36247,0 138.84565,36.36251,0 138.84453,36.3626,0 138.84346,36.36268,0 138.84291,36.36274,0 138.84226,36.36281,0 138.84192,36.36285,0 138.84005,36.36311,0 138.83914,36.36326,0 138.83868,36.36334,0 138.83798,36.36349,0 138.83721,36.36365,0 138.83673,36.36378,0 138.83608,36.36395,0 138.8356,36.36407,0 138.8345,36.36442,0 138.83367,36.36468,0 138.83267,36.36502,0 138.83169,36.36541,0 138.83111,36.36565,0 138.83006,36.36612,0 138.82963,36.36632,0 138.82925,36.3665,0 138.82866,36.36679,0 138.82865,36.3668,0 138.82786,36.36721,0 138.82692,36.36773,0 138.82642,36.36803,0 138.82595,36.36833,0 138.82551,36.3686,0 138.82513,36.36886,0 138.82467,36.36917,0 138.82424,36.36947,0 138.82395,36.36969,0 138.82344,36.37007,0 138.82309,36.37036,0 138.82274,36.37064,0 138.82232,36.371,0 138.82184,36.37141,0 138.82116,36.37202,0 138.82051,36.37264,0 138.82039,36.37275,0 138.82015,36.37299,0 138.81943,36.3737,0 138.81837,36.37478,0 138.81799,36.37515,0 138.81733,36.37582,0 138.81684,36.37632,0 138.81645,36.37673,0 138.81519,36.37799,0 138.81484,36.37835,0 138.81415,36.37904,0 138.81343,36.37977,0 138.8133,36.3799,0 138.8125,36.38067,0 138.81158,36.38151,0 138.81078,36.3822,0 138.81008,36.38279,0 138.80942,36.38334,0 138.80885,36.38379,0 138.80882,36.3838,0 138.80838,36.38413,0 138.80779,36.38456,0 138.80707,36.38506,0 138.80654,36.38541,0 138.80596,36.38578,0 138.80591,36.38582,0 138.80548,36.38608,0 138.80505,36.38635,0 138.8045,36.38668,0 138.80374,36.38711,0 138.80239,36.38783,0 138.80205,36.38802,0 138.80137,36.38835,0 138.80093,36.38856,0 138.8,36.38897,0 138.799,36.3894,0 138.79798,36.38982,0 138.79739,36.39005,0 138.79641,36.39042,0 138.79637,36.39043,0 138.79525,36.39082,0 138.79439,36.3911,0 138.79358,36.39134,0 138.79289,36.39154,0 138.79225,36.39171,0 138.79086,36.39206,0 138.78981,36.39229,0 138.78879,36.3925,0 138.78769,36.3927,0 138.78707,36.3928,0 138.78649,36.39289,0 138.78582,36.393,0 138.78578,36.393,0 138.78428,36.39318,0 138.78327,36.39329,0 138.78208,36.3934,0 138.77911,36.39365,0 138.77782,36.39377,0 138.77623,36.39389,0 138.7752,36.39398,0 138.77481,36.39401,0 138.77406,36.39407,0 138.77291,36.39416,0 138.77232,36.39421,0 138.77132,36.39431,0 138.77071,36.39435,0 138.76928,36.39448,0 138.76719,36.39467,0 138.76586,36.39479,0 138.76313,36.39503,0 138.76194,36.39514,0 138.76016,36.3953,0 138.75898,36.3954,0 138.75699,36.39558,0 138.75625,36.39565,0 138.75618,36.39566,0 138.75522,36.39574,0 138.75466,36.39579,0 138.75369,36.39588,0 138.75149,36.39607,0 138.74972,36.39623,0 138.74923,36.39627,0 138.74871,36.39631,0 138.74816,36.39636,0 138.74684,36.39647,0 138.74533,36.3966,0 138.74293,36.3968,0 138.74146,36.39693,0 138.73976,36.39708,0 138.73697,36.39733,0 138.73472,36.39755,0 138.7324,36.39775,0 138.73044,36.39792,0 138.73036,36.39793,0 138.72858,36.39806,0 138.72803,36.3981,0 138.72634,36.3982,0 138.72521,36.39825,0 138.72463,36.39824,0 138.72295,36.39823,0 138.72132,36.39819,0 138.7202,36.39814,0 138.71938,36.39806,0 138.7191,36.39804,0 138.71791,36.39791,0 138.7169,36.39779,0 138.71582,36.39764,0 138.71471,36.39746,0 138.71357,36.39726,0 138.71267,36.39707,0 138.71216,36.39695,0 138.71151,36.39679,0 138.71057,36.39657,0 138.71,36.39643,0 138.70861,36.39603,0 138.70847,36.39599,0 138.70746,36.39566,0 138.70594,36.39512,0 138.70444,36.39457,0 138.70244,36.39371,0 138.70144,36.39328,0 138.70013,36.39272,0 138.69922,36.39233,0 138.69865,36.39209,0 138.69845,36.392,0 138.69767,36.39167,0 138.69719,36.39145,0 138.69604,36.39097,0 138.69475,36.39042,0 138.69368,36.38996,0 138.69267,36.38954,0 138.69188,36.38921,0 138.69077,36.38875,0 138.68961,36.38828,0 138.68881,36.38794,0 138.68742,36.38738,0 138.68669,36.38707,0 138.68574,36.38669,0 138.68464,36.38625,0 138.68389,36.38594,0 138.68315,36.38561,0 138.68212,36.38516,0 138.6816,36.38492,0 138.68101,36.38464,0 138.6804,36.38435,0 138.67966,36.38397,0 138.67892,36.38356,0 138.67874,36.38346,0 138.67828,36.38319,0 138.67781,36.38289,0 138.67708,36.38243,0 138.67652,36.38205,0 138.67609,36.38176,0 138.67566,36.38145,0 138.67513,36.38107,0 138.67433,36.38044,0 138.67373,36.37994,0 138.67325,36.37952,0 138.67288,36.37919,0 138.67251,36.37884,0 138.67216,36.3785,0 138.67181,36.37814,0 138.67146,36.37776,0 138.67103,36.37728,0 138.67051,36.3767,0 138.6702,36.37633,0 138.66989,36.37595,0 138.66959,36.37557,0 138.66907,36.37479,0 138.66854,36.374,0 138.66801,36.37317,0 138.66753,36.37242,0 138.66694,36.37149,0 138.66628,36.37043,0 138.66604,36.37005,0 138.66565,36.36942,0 138.66555,36.36926,0 138.66478,36.36803,0 138.66408,36.3669,0 138.66327,36.36561,0 138.6625,36.36439,0 138.66144,36.36266,0 138.66067,36.36136,0 138.66047,36.36102,0 138.65975,36.35984,0 138.65901,36.35864,0 138.65826,36.35744,0 138.6577,36.35653,0 138.65704,36.35545,0 138.65644,36.3545,0 138.65597,36.35373,0 138.6557,36.3533,0 138.65556,36.35307,0 138.65508,36.35227,0 138.65457,36.35144,0 138.65382,36.35022,0 138.65332,36.3494,0 138.65308,36.349,0 138.65283,36.3486,0 138.65227,36.3478,0 138.65161,36.34697,0 138.65113,36.34642,0 138.65053,36.34586,0 138.65016,36.34554,0 138.64987,36.3453,0 138.64942,36.34495,0 138.64892,36.3446,0 138.64871,36.34443,0 138.64821,36.34412,0 138.64802,36.34401,0 138.6479,36.34395,0 138.64773,36.34386,0 138.64757,36.34377,0 138.64756,36.34377,0 138.64736,36.34368,0 138.64697,36.34351,0 138.64657,36.34336,0 138.6458,36.34311,0 138.64551,36.34302,0 138.64509,36.3429,0 138.64474,36.3428,0 138.6443,36.3427,0 138.64378,36.34259,0 138.64337,36.34253,0 138.64313,36.3425,0 138.64244,36.34246,0 138.64122,36.34245,0 138.64023,36.34249,0 138.63784,36.34254,0 138.6371,36.34255,0 138.63677,36.34255,0</coordinates></LineString>
                        </Placemark>
                        <Placemark>
                            <name>北陸新幹線</name>
                            <styleUrl>#style_green</styleUrl>
                            <LineString><tessellate>1</tessellate><coordinates>138.24913,36.3971,0 138.24905,36.39718,0 138.2487,36.3975,0 138.24818,36.398,0 138.24762,36.39856,0 138.24688,36.39928,0 138.24636,36.39973,0 138.24596,36.40004,0 138.24549,36.40038,0 138.2452,36.40059,0 138.2449,36.40078,0 138.24458,36.40098,0 138.24407,36.40129,0 138.24288,36.40192,0 138.24232,36.40221,0 138.24154,36.4026,0 138.24095,36.40288,0 138.24032,36.40318,0 138.23936,36.40363,0 138.23853,36.40402,0 138.23781,36.40439,0 138.23771,36.40444,0 138.236,36.4053,0 138.23471,36.40599,0 138.23285,36.407,0 138.23117,36.40798,0 138.22991,36.40878,0 138.22877,36.4095,0 138.22872,36.40953,0 138.22775,36.41026,0 138.2262,36.4115,0 138.2248,36.41271,0 138.2227,36.4146,0 138.22188,36.41548,0 138.22127,36.41619,0 138.22096,36.41655,0 138.22048,36.41718,0 138.21921,36.419,0 138.21912,36.41913,0 138.21898,36.41943,0 138.21881,36.41978,0 138.21802,36.42113,0 138.21774,36.42156,0 138.21717,36.42257,0 138.21677,36.42337,0 138.21623,36.42447,0 138.21547,36.42623,0 138.21464,36.42813,0 138.2145,36.42845,0 138.21383,36.42998,0 138.21309,36.43177,0 138.21274,36.43273,0 138.21257,36.4332,0 138.21233,36.43401,0 138.21209,36.43481,0 138.2119,36.43561,0 138.21173,36.43631,0 138.21159,36.4371,0 138.21158,36.43712,0 138.21142,36.438,0 138.21107,36.44008,0 138.21077,36.44168,0 138.21055,36.44299,0 138.21038,36.44394,0 138.21014,36.44559,0 138.21006,36.44605,0 138.20975,36.44785,0 138.20944,36.44994,0 138.20913,36.45167,0 138.20881,36.45318,0 138.20832,36.45495,0 138.20831,36.455,0 138.208,36.45593,0 138.20726,36.45787,0 138.20647,36.45964,0 138.20601,36.46051,0 138.20579,36.46091,0 138.20484,36.46257,0 138.20435,36.4633,0 138.20433,36.46334,0 138.20346,36.46461,0 138.20297,36.46528,0 138.20167,36.46688,0 138.20037,36.46831,0 138.19906,36.46968,0 138.19867,36.47003,0 138.19795,36.47068,0 138.197,36.47152,0 138.19507,36.47321,0 138.19411,36.47407,0 138.19283,36.47523,0 138.19212,36.47585,0 138.19132,36.47656,0 138.19044,36.47731,0 138.18943,36.47819,0 138.1872,36.48011,0 138.18354,36.48328,0 138.18285,36.48388,0 138.18275,36.48396,0 138.18129,36.48522,0 138.17934,36.48692,0 138.17802,36.48806,0 138.17635,36.48951,0 138.17356,36.49193,0 138.17199,36.4933,0 138.17177,36.4935,0 138.17042,36.49468,0 138.16942,36.49556,0 138.16789,36.49686,0 138.16706,36.4976,0 138.16631,36.49824,0 138.16549,36.49897,0 138.1646,36.49975,0 138.16381,36.50042,0 138.16366,36.50055,0 138.16243,36.50164,0 138.16084,36.5031,0 138.16048,36.50338,0 138.16012,36.5037,0 138.15924,36.50451,0 138.15916,36.50459,0 138.15833,36.50533,0 138.1577,36.5059,0 138.15648,36.507,0 138.15576,36.50763,0 138.15501,36.50828,0 138.15399,36.50916,0 138.15311,36.50993,0 138.15224,36.51071,0 138.15173,36.51114,0 138.15162,36.51123,0 138.15109,36.51169,0 138.15043,36.51227,0 138.14961,36.51299,0 138.14873,36.51374,0 138.14781,36.51454,0 138.14691,36.51535,0 138.14595,36.51619,0 138.14504,36.51698,0 138.14476,36.51724,0 138.14419,36.51775,0 138.14388,36.51802,0 138.14292,36.51884,0 138.14232,36.51935,0 138.14157,36.52003,0 138.14073,36.52087,0 138.14002,36.52159,0 138.13947,36.52219,0 138.13881,36.52291,0 138.13823,36.52358,0 138.13775,36.52415,0 138.13733,36.5247,0 138.13727,36.52477,0 138.13704,36.52508,0 138.13643,36.52592,0 138.1358,36.52686,0 138.1355,36.52729,0 138.135,36.52806,0 138.13448,36.52896,0 138.13404,36.52976,0 138.13371,36.53041,0 138.13349,36.53086,0 138.13316,36.53155,0 138.1328,36.53244,0 138.13262,36.53292,0 138.13248,36.53332,0 138.13194,36.53489,0 138.13181,36.53529,0 138.13155,36.53617,0 138.13123,36.53731,0 138.1311,36.53779,0 138.13098,36.53839,0 138.13087,36.53904,0 138.13085,36.53916,0 138.13081,36.53946,0 138.13078,36.53976,0 138.1307,36.54073,0 138.13065,36.54177,0 138.13063,36.54219,0 138.13064,36.54404,0 138.13064,36.54488,0 138.13063,36.54626,0 138.13064,36.54682,0 138.13065,36.54817,0 138.13065,36.54849,0 138.13066,36.54877,0 138.13068,36.5499,0 138.13071,36.55052,0 138.13074,36.55143,0 138.13077,36.55269,0 138.1308,36.55351,0 138.13085,36.55458,0 138.13088,36.55537,0 138.13098,36.55649,0 138.1311,36.55717,0 138.13111,36.55728,0 138.13138,36.55867,0 138.13156,36.55942,0 138.13179,36.56036,0 138.1319,36.56074,0 138.1319,36.56076,0 138.13203,36.56121,0 138.13229,36.56187,0 138.13273,36.56285,0 138.13291,36.56328,0 138.13326,36.564,0 138.13357,36.56468,0 138.13372,36.56507,0 138.13402,36.56582,0 138.13459,36.56729,0 138.13487,36.56799,0 138.13538,36.56931,0 138.13545,36.56946,0 138.13572,36.57015,0 138.13625,36.57142,0 138.13651,36.57213,0 138.13702,36.57343,0 138.13713,36.57373,0 138.13749,36.57468,0 138.13788,36.57571,0 138.13821,36.5766,0 138.13824,36.57669,0 138.13853,36.57745,0 138.13879,36.57815,0 138.13928,36.57944,0 138.13957,36.58019,0 138.14001,36.5814,0 138.14027,36.58206,0 138.14081,36.5834,0 138.14115,36.58418,0 138.14158,36.58519,0 138.14207,36.58643,0 138.14261,36.58778,0 138.14305,36.58887,0 138.14381,36.59076,0 138.14464,36.59285,0 138.14537,36.59468,0 138.14601,36.59636,0 138.14606,36.5965,0 138.147,36.59894,0 138.14781,36.60109,0 138.14834,36.60244,0 138.14865,36.60335,0 138.14882,36.6038,0 138.14897,36.60447,0 138.14909,36.60502,0 138.14949,36.60685,0 138.15,36.60912,0 138.15052,36.61161,0 138.15101,36.6139,0 138.15102,36.61393,0 138.15141,36.61571,0 138.15195,36.6179,0 138.1524,36.61964,0 138.15266,36.62049,0 138.15296,36.62134,0 138.15319,36.62191,0 138.1535,36.62267,0 138.15354,36.62277,0 138.15365,36.62304,0 138.15388,36.62348,0 138.15417,36.62394,0 138.15457,36.62453,0 138.15512,36.62525,0 138.15555,36.6257,0 138.15597,36.62614,0 138.15655,36.6267,0 138.15721,36.62729,0 138.15788,36.6278,0 138.15831,36.62807,0 138.15881,36.62834,0 138.15958,36.62877,0 138.16046,36.62922,0 138.16064,36.62931,0 138.16325,36.63073,0 138.16642,36.6325,0 138.16758,36.63315,0 138.16834,36.63356,0 138.1689,36.63391,0 138.16977,36.63442,0 138.17177,36.63559,0 138.17314,36.63639,0 138.17422,36.63691,0 138.17484,36.63717,0 138.17565,36.63747,0 138.17612,36.6376,0 138.17713,36.63786,0 138.17942,36.63824,0 138.17961,36.63829,0 138.18028,36.63844,0 138.18103,36.63864,0 138.18146,36.63878,0 138.18228,36.6391,0 138.18279,36.63933,0 138.18341,36.63965,0 138.18431,36.6401,0 138.18576,36.6409,0 138.18651,36.64134,0 138.18749,36.64188,0</coordinates></LineString>
                        </Placemark>
                        <Placemark>
                            <name>北陸新幹線</name>
                            <styleUrl>#style_green</styleUrl>
                            <LineString><tessellate>1</tessellate><coordinates>138.46582,36.27867,0 138.46499,36.2783,0 138.46347,36.27763,0</coordinates></LineString>
                        </Placemark>
                        <Placemark>
                            <name>北陸新幹線</name>
                            <styleUrl>#style_green</styleUrl>
                            <LineString><tessellate>1</tessellate><coordinates>138.46347,36.27763,0 138.46265,36.27725,0 138.46253,36.2772,0 138.46188,36.27691,0 138.46153,36.27675,0 138.46025,36.2762,0 138.45872,36.27553,0 138.45859,36.27548,0 138.45681,36.27476,0 138.45554,36.27428,0 138.45421,36.27383,0 138.45308,36.27349,0 138.45148,36.27308,0 138.45032,36.2728,0 138.44882,36.2725,0 138.44821,36.2724,0 138.44697,36.27219,0 138.44589,36.27204,0 138.44444,36.27187,0 138.44359,36.2718,0 138.44285,36.27174,0 138.44222,36.27171,0 138.44165,36.2717,0 138.4406,36.27169,0 138.43888,36.27172,0 138.4372,36.27178,0 138.43718,36.27178,0 138.43632,36.27181,0 138.43617,36.27183,0 138.43558,36.27188,0 138.43488,36.27196,0 138.43384,36.27208,0 138.43371,36.2721,0 138.43314,36.27218,0 138.43301,36.2722,0 138.43224,36.27233,0 138.43086,36.27259,0 138.43031,36.27271,0 138.43013,36.27275,0 138.42969,36.27285,0 138.42774,36.27335,0 138.4267,36.27364,0 138.42503,36.27416,0 138.42418,36.27445,0 138.4233,36.27478,0 138.42254,36.27509,0 138.42126,36.27565,0 138.41996,36.27626,0 138.41941,36.27652,0 138.41885,36.27682,0 138.41779,36.27738,0 138.41686,36.27791,0 138.41673,36.27799,0 138.41524,36.27887,0 138.4131,36.28015,0 138.4113,36.28125,0 138.40953,36.28234,0 138.40798,36.2833,0 138.40747,36.28361,0 138.40638,36.28428,0 138.40593,36.28454,0 138.40415,36.28564,0 138.40355,36.28601,0 138.40234,36.28674,0 138.40055,36.28783,0 138.39922,36.28866,0 138.3969,36.29006,0 138.39511,36.29116,0 138.39469,36.29142,0 138.3933,36.29227,0 138.39152,36.29335,0 138.38583,36.29684,0 138.38568,36.29693,0 138.38515,36.29725,0 138.38392,36.29801,0 138.38212,36.2991,0 138.38122,36.29965,0 138.38074,36.29994,0 138.38032,36.3002,0 138.37897,36.30102,0 138.3775,36.30192,0 138.37676,36.30237,0 138.3754,36.3032,0 138.37361,36.3043,0 138.37187,36.30535,0 138.37154,36.30555,0 138.37107,36.30581,0 138.37074,36.306,0 138.37019,36.30631,0 138.36921,36.30688,0 138.36792,36.30766,0 138.36699,36.30823,0 138.36607,36.30878,0 138.36481,36.30955,0 138.36395,36.31008,0 138.36304,36.31062,0 138.36183,36.31136,0 138.36173,36.31142,0 138.36084,36.31198,0 138.35994,36.31252,0 138.35906,36.31305,0 138.35817,36.3136,0 138.35729,36.31413,0 138.3564,36.31469,0 138.35551,36.31522,0 138.35417,36.31604,0 138.35297,36.31677,0 138.35238,36.31713,0 138.35107,36.31792,0 138.35019,36.31845,0 138.34886,36.31925,0 138.3471,36.32029,0 138.34524,36.32137,0 138.344,36.32207,0 138.34161,36.32339,0 138.34031,36.32412,0 138.33891,36.32491,0 138.33845,36.32516,0 138.33661,36.32619,0 138.33526,36.32694,0 138.33433,36.32746,0 138.33389,36.3277,0 138.33341,36.32798,0 138.3325,36.32848,0 138.33248,36.32849,0 138.33169,36.32893,0 138.32976,36.33,0 138.32839,36.33078,0 138.32755,36.33125,0 138.32607,36.33207,0 138.32379,36.33334,0 138.32334,36.33359,0 138.3224,36.33411,0 138.32102,36.33487,0 138.32054,36.33513,0 138.3192,36.33587,0 138.31909,36.33593,0 138.31848,36.33626,0 138.31811,36.33646,0 138.31715,36.33698,0 138.31642,36.33739,0 138.31588,36.33769,0 138.31486,36.33827,0 138.31348,36.33903,0 138.31293,36.33934,0 138.31114,36.34032,0 138.30977,36.34109,0 138.30886,36.34159,0 138.30749,36.34236,0 138.30727,36.34248,0 138.30606,36.34315,0 138.30474,36.34389,0 138.30347,36.34458,0 138.30247,36.34515,0 138.302,36.3454,0 138.30044,36.34628,0 138.29917,36.34699,0 138.29813,36.34758,0 138.29776,36.34778,0 138.29677,36.34833,0 138.29592,36.3488,0 138.29497,36.34931,0 138.29258,36.3506,0 138.29021,36.35193,0 138.28913,36.35253,0 138.28897,36.35265,0 138.2889,36.35269,0 138.28832,36.35305,0 138.28699,36.35387,0 138.28586,36.35458,0 138.28442,36.35549,0 138.28326,36.35623,0 138.28288,36.35649,0 138.28281,36.35654,0 138.28172,36.35724,0 138.28077,36.35793,0 138.28022,36.35838,0 138.27947,36.35903,0 138.27842,36.36005,0 138.27774,36.36074,0 138.27707,36.36145,0 138.27676,36.36181,0 138.27613,36.36253,0 138.27553,36.36326,0 138.27495,36.36401,0 138.27468,36.36439,0 138.27413,36.36516,0 138.27384,36.36563,0 138.27336,36.36645,0 138.27126,36.3702,0 138.27082,36.37105,0 138.27066,36.37136,0 138.27018,36.37232,0 138.26979,36.37318,0 138.26944,36.374,0 138.26939,36.37414,0 138.26927,36.37439,0 138.26915,36.37467,0 138.26891,36.3752,0 138.26889,36.37524,0 138.26853,36.37605,0 138.26819,36.37676,0 138.26787,36.37743,0 138.26767,36.37783,0 138.26738,36.37838,0 138.26712,36.37886,0 138.26688,36.37929,0 138.26662,36.37974,0 138.26642,36.38009,0 138.26629,36.38034,0 138.26618,36.38053,0 138.26601,36.38079,0 138.26574,36.38121,0 138.26548,36.38159,0 138.26531,36.38184,0 138.26494,36.38231,0 138.2646,36.3827,0 138.26426,36.3831,0 138.26393,36.38346,0 138.26345,36.38397,0 138.26322,36.38422,0 138.2628,36.38461,0 138.2624,36.38502,0 138.26201,36.38541,0 138.26163,36.38575,0 138.26085,36.38649,0 138.26017,36.38711,0 138.25963,36.38763,0 138.25918,36.38808,0 138.25907,36.38819,0 138.25902,36.38824,0 138.25863,36.38863,0 138.25804,36.38921,0 138.25744,36.38978,0 138.25708,36.39012,0 138.25672,36.39047,0 138.25594,36.39119,0 138.25525,36.39183,0 138.25463,36.39235,0 138.25423,36.39269,0 138.2532,36.39357,0 138.25244,36.39424,0 138.25162,36.39494,0 138.25133,36.39518,0</coordinates></LineString>
                        </Placemark>
                        <Placemark>
                            <name>北陸新幹線</name>
                            <styleUrl>#style_green</styleUrl>
                            <LineString><tessellate>1</tessellate><coordinates>138.46582,36.27867,0 138.46589,36.2787,0 138.46596,36.27873,0 138.46664,36.27903,0 138.46812,36.27969,0 138.46914,36.28012,0 138.47163,36.2812,0 138.47302,36.28185,0 138.47398,36.28229,0 138.47537,36.28291,0 138.47634,36.28335,0 138.47705,36.28371,0 138.47778,36.28411,0 138.47811,36.28429,0 138.47877,36.28466,0 138.47971,36.2852,0 138.48078,36.28585,0 138.48214,36.28667,0 138.48268,36.28701,0 138.48328,36.28743,0 138.48421,36.28808,0 138.48496,36.28859,0 138.48622,36.28943,0 138.48653,36.28963,0 138.48748,36.29027,0 138.48833,36.29084,0 138.48959,36.29168,0 138.49085,36.29254,0 138.4921,36.2934,0 138.49272,36.29381,0 138.49403,36.29468,0 138.49521,36.29546,0 138.49576,36.29583,0 138.49686,36.29656,0 138.49731,36.29686,0 138.49816,36.29741,0 138.50017,36.29874,0 138.50149,36.29961,0 138.50262,36.30035,0 138.50414,36.30133,0 138.5043,36.30143,0 138.50516,36.30198,0 138.50563,36.30227,0 138.50701,36.3031,0 138.50731,36.30328,0 138.50805,36.30373,0 138.50813,36.30377,0 138.50954,36.30452,0 138.51055,36.30502,0 138.51146,36.30548,0 138.51267,36.30606,0 138.51308,36.30626,0 138.51387,36.3066,0 138.51443,36.30683,0 138.51528,36.30718,0 138.516,36.30745,0 138.51771,36.30808,0 138.52041,36.30908,0 138.52109,36.30934,0 138.52141,36.30946,0 138.52302,36.31006,0 138.52689,36.3115,0 138.5274,36.31171,0 138.52774,36.31186,0 138.52881,36.31232,0 138.52958,36.31267,0 138.53083,36.31323,0 138.53168,36.31366,0 138.53279,36.3142,0 138.53358,36.31462,0 138.53451,36.31514,0 138.536,36.31599,0 138.53639,36.31622,0 138.53691,36.31655,0 138.53759,36.31697,0 138.539,36.31787,0 138.53912,36.31794,0 138.53952,36.3182,0 138.54017,36.31863,0 138.54085,36.3191,0 138.54163,36.31963,0 138.54241,36.3202,0 138.54317,36.32076,0 138.54374,36.32121,0 138.54437,36.32171,0 138.54493,36.3222,0 138.54556,36.32274,0 138.54621,36.32334,0 138.54677,36.32388,0 138.5471,36.32417,0 138.54848,36.32539,0 138.54961,36.32637,0 138.54968,36.32643,0 138.55005,36.32674,0 138.55025,36.32691,0 138.55046,36.32709,0 138.55178,36.3282,0 138.5522,36.32854,0 138.55283,36.32907,0 138.55322,36.32935,0 138.55373,36.32973,0 138.55528,36.33088,0 138.55596,36.33135,0 138.5568,36.33188,0 138.55788,36.33253,0 138.55893,36.33314,0 138.55996,36.33371,0 138.5605,36.33399,0 138.56139,36.33442,0 138.56235,36.33487,0 138.56325,36.33527,0 138.56426,36.33568,0 138.56531,36.33605,0 138.56652,36.33647,0 138.56776,36.33686,0 138.5689,36.33723,0 138.56987,36.3375,0 138.57098,36.33777,0 138.57137,36.33787,0 138.57252,36.33814,0 138.57373,36.33841,0 138.57537,36.3387,0 138.57734,36.33901,0 138.58011,36.33945,0 138.58179,36.33973,0 138.58288,36.33992,0 138.58377,36.34007,0 138.58485,36.34024,0 138.58856,36.3408,0 138.59141,36.34123,0 138.5916,36.34125,0 138.59946,36.34244,0 138.59976,36.34248,0 138.60051,36.3426,0 138.60281,36.34292,0 138.60372,36.34304,0 138.60487,36.34317,0 138.60579,36.34324,0 138.60636,36.34326,0 138.60777,36.34327,0 138.60993,36.34325,0 138.61077,36.34324,0 138.61109,36.34323,0 138.61467,36.34315,0 138.61936,36.34306,0 138.62185,36.343,0 138.62189,36.343,0 138.62277,36.34301,0 138.62378,36.34299,0 138.6255,36.34294,0 138.6265,36.34291,0 138.62715,36.34289,0 138.62964,36.34288,0 138.63019,36.34285,0 138.63051,36.34283,0 138.63276,36.34266,0 138.63319,36.34264,0</coordinates></LineString>
                        </Placemark>
                        <Placemark>
                            <name>東北新幹線</name>
                            <styleUrl>#style_green</styleUrl>
                            <LineString><tessellate>1</tessellate><coordinates>141.43206,40.51043,0 141.432718,40.511139,0 141.436337,40.514894,0 141.437838,40.516438,0 141.439308,40.518082,0 141.440109,40.519104,0 141.440877,40.520112,0 141.441894,40.521584,0 141.442784,40.523036,0 141.443811,40.524944,0 141.44456,40.52666,0 141.445415,40.528897,0 141.446029,40.531106,0 141.446402,40.532964,0 141.446608,40.534465,0 141.446724,40.535802,0 141.446781,40.537031,0 141.446778,40.538597,0 141.446602,40.540963,0 141.446216,40.543114,0 141.445932,40.544401,0 141.445586,40.545638,0 141.444892,40.547625,0 141.444235,40.549233,0 141.443588,40.55057,0 141.442768,40.552092,0 141.441988,40.5534,0 141.441006,40.55478,0 141.440182,40.555923,0 141.438314,40.558325,0 141.436301,40.560841,0 141.434443,40.563157,0 141.433645,40.564094,0 141.432961,40.564837,0 141.431677,40.566159,0 141.43019,40.567546,0 141.429121,40.568461,0 141.427394,40.569791,0 141.426044,40.570777,0 141.425245,40.571327,0 141.423361,40.572478,0 141.421575,40.573515,0 141.4136,40.577918,0 141.406159,40.582028,0 141.40308,40.583822,0 141.402048,40.584415,0 141.400483,40.585416,0 141.398271,40.586788,0 141.39596,40.588254,0 141.392367,40.590498,0 141.385716,40.594658,0 141.378127,40.599419,0 141.376183,40.600648,0 141.372066,40.603221,0 141.36757,40.606052,0 141.363059,40.608868,0 141.360276,40.610655,0 141.354058,40.614558,0 141.347828,40.618468,0 141.340665,40.622921,0 141.336633,40.625423,0 141.331107,40.629297,0 141.327394,40.631913,0 141.322647,40.635258,0 141.318208,40.638368,0 141.311958,40.642735,0 141.307226,40.64603,0 141.305227,40.647446,0 141.302696,40.649182,0 141.299622,40.65137,0 141.295537,40.654165,0 141.294052,40.655244,0 141.288299,40.659218,0 141.281346,40.664043,0 141.274508,40.668803,0 141.271659,40.670755,0 141.26981,40.671948,0 141.2683,40.672892,0 141.266385,40.674007,0 141.263681,40.675494,0 141.261634,40.676566,0 141.259065,40.677817,0 141.255835,40.679268,0 141.251095,40.681326,0 141.243865,40.684443,0 141.235979,40.687845,0 141.2295,40.690633,0 141.221136,40.694207,0 141.213778,40.697337,0 141.204139,40.701476,0 141.195035,40.70535,0 141.191791,40.70673,0 141.188927,40.707866,0 141.185461,40.709117,0 141.182267,40.710211,0 141.174367,40.712912,0 141.167615,40.715221,0 141.158683,40.718302,0 141.155455,40.719403,0</coordinates></LineString>
                        </Placemark>
                        <Placemark>
                            <name>東北新幹線</name>
                            <styleUrl>#style_green</styleUrl>
                            <LineString><tessellate>1</tessellate><coordinates>141.155455,40.719403,0 141.152362,40.720459,0</coordinates></LineString>
                        </Placemark>
                        <Placemark>
                            <name>東北新幹線</name>
                            <styleUrl>#style_green</styleUrl>
                            <LineString><tessellate>1</tessellate><coordinates>141.152362,40.720459,0 141.149172,40.721547,0 141.146333,40.722533,0 141.142134,40.723999,0 141.140229,40.724728,0 141.138163,40.725607,0 141.136838,40.726164,0 141.134695,40.727208,0 141.133389,40.727844,0 141.131697,40.728723,0 141.127273,40.731368,0 141.11997,40.736114,0 141.113091,40.740624,0 141.106065,40.745192,0 141.103178,40.746993,0 141.10147,40.747965,0 141.098443,40.749595,0 141.097319,40.750159,0 141.095928,40.75091,0 141.092479,40.752511,0 141.090206,40.753483,0 141.087158,40.754684,0 141.084388,40.755692,0 141.080345,40.757007,0 141.076866,40.757993,0 141.073013,40.758987,0 141.069427,40.759745,0 141.066932,40.760216,0 141.06399,40.76071,0 141.059936,40.761281,0 141.054279,40.762103,0 141.047737,40.763061,0 141.045658,40.763361,0 141.041671,40.763962,0 141.03845,40.764434,0 141.035438,40.764848,0 141.031941,40.765384,0 141.028269,40.765899,0 141.026295,40.766206,0 141.022928,40.766699,0 141.018124,40.767421,0 141.012769,40.768222,0 141.004534,40.769444,0 140.997172,40.770545,0 140.993743,40.771067,0 140.992345,40.771302,0 140.986413,40.772167,0 140.982357,40.772753,0 140.971884,40.774269,0 140.962124,40.775705,0 140.950748,40.777364,0 140.943634,40.778422,0 140.933457,40.779923,0 140.925865,40.781073,0 140.920954,40.78181,0 140.915531,40.782574,0 140.907821,40.783747,0 140.898887,40.785055,0 140.896209,40.785462,0 140.89145,40.786163,0 140.887107,40.786742,0 140.884267,40.787006,0 140.880816,40.787278,0 140.878089,40.787421,0 140.874259,40.787506,0 140.87188,40.787513,0 140.869129,40.787421,0 140.866797,40.787328,0 140.863712,40.787135,0 140.861008,40.786892,0 140.859344,40.786713,0 140.856206,40.786298,0 140.855215,40.786163,0 140.853823,40.785962,0 140.851035,40.785476,0 140.848994,40.785098,0 140.845577,40.784347,0 140.8425,40.783589,0 140.839511,40.78276,0 140.836933,40.781981,0 140.83495,40.781331,0 140.831266,40.78008,0 140.827824,40.778893,0 140.82534,40.77805,0 140.820831,40.776506,0 140.816736,40.775119,0 140.809776,40.772725,0 140.80126,40.76983,0 140.79215,40.766721,0 140.789147,40.76577,0 140.787295,40.765291,0 140.784775,40.764719,0 140.78251,40.764326,0 140.780874,40.764076,0 140.779434,40.763897,0 140.7784,40.763797,0 140.777347,40.763712,0 140.775853,40.763612,0 140.773759,40.76354,0 140.772095,40.76354,0 140.770406,40.763554,0 140.768382,40.763654,0 140.766595,40.763805,0 140.765081,40.763969,0 140.763652,40.764148,0 140.761483,40.764491,0 140.759716,40.764841,0 140.757227,40.76542,0 140.750921,40.767143,0 140.741911,40.76963,0 140.733311,40.772017,0 140.72575,40.774083,0 140.723152,40.774898,0 140.720323,40.775898,0 140.718121,40.776835,0 140.716062,40.777807,0 140.714062,40.778872,0 140.711698,40.78028,0 140.709564,40.781724,0 140.707486,40.783289,0 140.706243,40.784318,0 140.704631,40.785827,0 140.703945,40.786498,0 140.70292,40.787578,0 140.700912,40.789865,0 140.698197,40.793067,0 140.696454,40.795397,0 140.694955,40.797885,0 140.694331,40.799236,0 140.693901,40.800158,0 140.693168,40.802216,0 140.692613,40.804118,0 140.692441,40.805097,0 140.692281,40.805997,0 140.69213,40.807184,0 140.692039,40.808185,0 140.691966,40.810429,0 140.692177,40.812759,0 140.692647,40.815482,0 140.693265,40.818799,0 140.693529,40.820228,0 140.693629,40.821315,0 140.693622,40.823245,0 140.693519,40.825997,0 140.693511,40.826832,0</coordinates></LineString>
                        </Placemark>
                        <Placemark>
                            <name>東北新幹線</name>
                            <styleUrl>#style_green</styleUrl>
                            <LineString><tessellate>1</tessellate><coordinates>140.693511,40.826832,0 140.69351,40.826883,0 140.69347,40.828104,0 140.693428,40.829376,0</coordinates></LineString>
                        </Placemark>
                        <Placemark>
                            <name>九州新幹線</name>
                            <styleUrl>#style_red</styleUrl>
                            <LineString><tessellate>1</tessellate><coordinates>130.42108,33.58776,0 130.42107,33.58769,0 130.42099,33.58662,0 130.42088,33.5852,0 130.42083,33.58458,0 130.42082,33.58404,0 130.42081,33.5833,0 130.42081,33.58295,0 130.42086,33.58248,0 130.42095,33.58208,0 130.42097,33.58193,0 130.42111,33.58147,0 130.42126,33.58103,0 130.42151,33.58044,0 130.42175,33.57997,0 130.42197,33.57959,0 130.4222,33.57926,0 130.42252,33.57881,0 130.42286,33.57841,0 130.42508,33.57593,0 130.42599,33.57491,0 130.42647,33.57437,0 130.4267,33.57411,0 130.42749,33.57323,0 130.4282,33.57248,0 130.42831,33.57236,0 130.42875,33.57194,0 130.42926,33.57141,0 130.42971,33.57096,0 130.43066,33.56999,0 130.43129,33.56937,0 130.43165,33.56899,0 130.43207,33.56856,0 130.4326,33.56787,0 130.43281,33.56757,0 130.43329,33.56688,0 130.4336,33.5664,0 130.434,33.56564,0 130.43432,33.56502,0 130.43434,33.56498,0 130.43484,33.56381,0 130.43496,33.56355,0 130.43557,33.56219,0 130.43588,33.56141,0 130.43598,33.56119,0 130.43633,33.56015,0 130.43637,33.56003,0 130.43641,33.55983,0 130.43655,33.55932,0 130.43665,33.55874,0 130.43674,33.55832,0 130.43682,33.55763,0 130.43686,33.55712,0 130.43688,33.55645,0 130.43689,33.55591,0 130.43685,33.55532,0 130.43678,33.55475,0 130.43676,33.55453,0 130.43671,33.55416,0 130.43668,33.55399,0 130.43664,33.55377,0 130.43654,33.55327,0 130.43644,33.55284,0 130.43641,33.55273,0 130.43625,33.55217,0 130.43607,33.55166,0 130.43586,33.55096,0 130.43541,33.54949,0 130.43477,33.54722,0 130.43439,33.54578,0 130.43421,33.54498,0 130.43421,33.54495,0 130.43395,33.54357,0 130.43329,33.53974,0 130.43286,33.5371,0 130.43274,33.53633,0 130.43271,33.53605,0 130.43264,33.53529,0 130.4326,33.53371,0 130.432603,33.533255,0 130.432701,33.531977,0 130.432831,33.53096,0 130.432906,33.530482,0 130.432958,33.530128,0 130.43303,33.529762,0 130.433149,33.529292,0 130.433294,33.528739,0 130.433445,33.52829,0 130.433749,33.527254,0 130.433941,33.526592,0</coordinates></LineString>
                        </Placemark>
                        <Placemark>
                            <name>九州新幹線</name>
                            <styleUrl>#style_red</styleUrl>
                            <LineString><tessellate>1</tessellate><coordinates>130.688014,32.789574,0 130.687412,32.788651,0 130.68655,32.786962,0 130.685578,32.784979,0 130.68544,32.784542,0 130.685373,32.784113,0 130.685364,32.783533,0 130.685519,32.782846,0 130.686053,32.781006,0 130.686171,32.780011,0 130.686171,32.778966,0 130.685947,32.777556,0 130.685493,32.775251,0 130.685078,32.773368,0 130.684689,32.771765,0 130.684189,32.769159,0 130.683987,32.768107,0 130.683682,32.766525,0 130.682868,32.762395,0 130.681959,32.757477,0 130.681134,32.753197,0 130.680248,32.748501,0 130.679912,32.746768,0 130.679641,32.744922,0 130.679372,32.742609,0 130.678834,32.737527,0 130.67856,32.735229,0 130.678094,32.733017,0 130.677786,32.7319,0 130.677016,32.729295,0 130.675957,32.725816,0 130.674896,32.721915,0 130.674046,32.71782,0 130.673181,32.713547,0 130.672112,32.708429,0 130.670953,32.702609,0 130.670336,32.699674,0 130.669613,32.696216,0 130.668575,32.69112,0 130.667606,32.686488,0 130.667204,32.684598,0 130.66684,32.68326,0 130.666468,32.682042,0 130.665715,32.679881,0 130.663201,32.674033,0 130.662468,32.672178,0 130.662053,32.670926,0 130.661555,32.669193,0 130.661166,32.667468,0 130.660902,32.665693,0 130.660724,32.664061,0 130.660657,32.662371,0 130.660665,32.660281,0 130.660869,32.658048,0 130.661233,32.6557,0 130.661769,32.653502,0 130.662378,32.651519,0 130.663526,32.64872,0 130.664753,32.646079,0 130.666439,32.642449,0 130.667013,32.641075,0 130.667792,32.63887,0 130.668205,32.637366,0 130.668459,32.636293,0 130.66879,32.63451,0 130.669086,32.632141,0 130.669168,32.63,0 130.669097,32.627874,0 130.66893,32.626178,0 130.668663,32.624295,0 130.668321,32.622763,0 130.66775,32.620608,0 130.667347,32.619363,0 130.666662,32.617659,0 130.665858,32.615891,0 130.664983,32.614252,0 130.664298,32.613063,0 130.663175,32.611352,0 130.661708,32.609241,0 130.659182,32.605647,0 130.656799,32.602276,0 130.653932,32.598188,0 130.650681,32.593564,0 130.647178,32.588589,0 130.643421,32.583241,0 130.639823,32.578108,0 130.63605,32.572732,0 130.632124,32.567141,0 130.630692,32.56505,0 130.629974,32.563955,0 130.629265,32.562795,0 130.628639,32.561657,0 130.627862,32.560083,0 130.627549,32.559373,0 130.627025,32.558114,0 130.626345,32.556138,0 130.625821,32.55427,0 130.625424,32.552415,0 130.625146,32.550483,0 130.624917,32.548049,0 130.624908,32.546037,0 130.62503,32.544434,0 130.625109,32.543481,0 130.625354,32.541771,0 130.625719,32.539952,0 130.626136,32.538398,0 130.626423,32.537439,0 130.627077,32.535599,0 130.627517,32.53449,0 130.62846,32.532464,0 130.630549,32.528069,0 130.631721,32.52567,0 130.632693,32.523537,0 130.633602,32.521279,0 130.634363,32.519207,0 130.634683,32.518486,0</coordinates></LineString>
                        </Placemark>
                        <Placemark>
                            <name>九州新幹線</name>
                            <styleUrl>#style_red</styleUrl>
                            <LineString><tessellate>1</tessellate><coordinates>130.689184,32.791229,0 130.68886,32.790813,0 130.688014,32.789574,0</coordinates></LineString>
                        </Placemark>
                        <Placemark>
                            <name>九州新幹線</name>
                            <styleUrl>#style_red</styleUrl>
                            <LineString><tessellate>1</tessellate><coordinates>130.574395,32.941927,0 130.576895,32.939991,0 130.58079,32.937545,0 130.603235,32.924981,0 130.605845,32.923232,0 130.60858,32.921031,0 130.613581,32.916871,0 130.627245,32.905391,0 130.64112,32.893787,0 130.654846,32.882271,0 130.670345,32.869252,0 130.673103,32.866524,0 130.674697,32.86462,0 130.675691,32.863344,0 130.676664,32.861789,0 130.67794,32.859744,0 130.679782,32.856494,0 130.685353,32.846708,0 130.690163,32.838321,0 130.690656,32.837455,0 130.691631,32.835701,0 130.694287,32.83107,0 130.697173,32.825988,0 130.699002,32.822766,0 130.699222,32.822244,0 130.699459,32.821586,0 130.699548,32.820977,0 130.699565,32.819946,0 130.699544,32.819495,0 130.699374,32.818794,0 130.699095,32.817871,0 130.698408,32.815995,0 130.697035,32.812552,0 130.694766,32.806997,0 130.694512,32.805967,0 130.694411,32.805,0 130.694225,32.800942,0 130.694124,32.799832,0 130.694039,32.799281,0 130.693599,32.797498,0 130.693235,32.79616,0 130.693049,32.795616,0 130.692769,32.795136,0 130.692456,32.794721,0 130.692117,32.794327,0 130.689673,32.791815,0 130.689334,32.791421,0 130.689184,32.791229,0</coordinates></LineString>
                        </Placemark>
                        <Placemark>
                            <name>九州新幹線</name>
                            <styleUrl>#style_red</styleUrl>
                            <LineString><tessellate>1</tessellate><coordinates>130.572748,32.943256,0 130.573082,32.942944,0 130.574395,32.941927,0</coordinates></LineString>
                        </Placemark>
                        <Placemark>
                            <name>九州新幹線</name>
                            <styleUrl>#style_red</styleUrl>
                            <LineString><tessellate>1</tessellate><coordinates>130.488548,33.072257,0 130.488959,33.070375,0</coordinates></LineString>
                        </Placemark>
                        <Placemark>
                            <name>九州新幹線</name>
                            <styleUrl>#style_red</styleUrl>
                            <LineString><tessellate>1</tessellate><coordinates>130.488959,33.070375,0 130.490585,33.062927,0 130.49257,33.053962,0 130.493269,33.051463,0 130.494576,33.047758,0 130.495797,33.04491,0 130.497146,33.042184,0 130.498468,33.03986,0 130.502908,33.03322,0 130.51122,33.021058,0 130.518799,33.009874,0 130.527829,32.996646,0 130.536317,32.984169,0 130.538145,32.981704,0 130.539908,32.979572,0 130.548138,32.970259,0 130.559708,32.957275,0 130.569266,32.94651,0 130.572748,32.943256,0</coordinates></LineString>
                        </Placemark>
                        <Placemark>
                            <name>九州新幹線</name>
                            <styleUrl>#style_red</styleUrl>
                            <LineString><tessellate>1</tessellate><coordinates>130.492272,33.176724,0 130.492266,33.176683,0 130.492211,33.175975,0 130.492169,33.174305,0 130.492194,33.172725,0 130.492272,33.171201,0 130.492391,33.169733,0 130.492484,33.168366,0 130.49263,33.166888,0 130.492737,33.165465,0 130.492769,33.164981,0 130.492809,33.164422,0 130.492879,33.163772,0 130.492902,33.163055,0 130.492983,33.162326,0 130.493027,33.161676,0 130.49309,33.160881,0 130.493139,33.160208,0 130.493215,33.159402,0 130.493264,33.158606,0 130.493327,33.157945,0 130.493363,33.157183,0 130.493439,33.156432,0 130.493488,33.155704,0 130.493551,33.154886,0 130.493633,33.153945,0 130.493701,33.15307,0 130.493752,33.15241,0 130.493796,33.151838,0 130.493845,33.151177,0 130.493902,33.150539,0 130.493951,33.149799,0 130.494006,33.148735,0 130.494061,33.147961,0 130.494037,33.147042,0 130.494065,33.146112,0 130.49404,33.145294,0 130.49401,33.144521,0 130.493962,33.143735,0 130.493852,33.142638,0 130.493647,33.140924,0 130.493488,33.139535,0 130.49318,33.137315,0 130.492398,33.131304,0 130.490788,33.118862,0 130.49018,33.114388,0 130.487083,33.099973,0 130.486327,33.0959,0 130.48587,33.091305,0 130.485908,33.087216,0 130.486323,33.082952,0 130.487127,33.078479,0 130.488349,33.073167,0 130.488548,33.072257,0</coordinates></LineString>
                        </Placemark>
                        <Placemark>
                            <name>九州新幹線</name>
                            <styleUrl>#style_red</styleUrl>
                            <LineString><tessellate>1</tessellate><coordinates>130.492523,33.178664,0 130.492504,33.178544,0 130.492272,33.176724,0</coordinates></LineString>
                        </Placemark>
                        <Placemark>
                            <name>九州新幹線</name>
                            <styleUrl>#style_red</styleUrl>
                            <LineString><tessellate>1</tessellate><coordinates>130.500891,33.321526,0 130.501048,33.320784,0 130.501298,33.319649,0</coordinates></LineString>
                        </Placemark>
                        <Placemark>
                            <name>九州新幹線</name>
                            <styleUrl>#style_red</styleUrl>
                            <LineString><tessellate>1</tessellate><coordinates>130.501298,33.319649,0 130.501413,33.319126,0 130.501822,33.317177,0 130.502108,33.315718,0 130.50222,33.315214,0 130.502537,33.313707,0 130.502597,33.313395,0 130.50276,33.312671,0 130.502837,33.312208,0 130.503065,33.311102,0 130.50321,33.31025,0 130.50331,33.309375,0 130.503407,33.308491,0 130.503521,33.307023,0 130.503589,33.305632,0 130.503621,33.304243,0 130.50362,33.303122,0 130.503612,33.301822,0 130.503604,33.300667,0 130.503609,33.299333,0 130.503609,33.298167,0 130.503606,33.296666,0 130.503606,33.295187,0 130.503615,33.293472,0 130.50361,33.291623,0 130.503608,33.290054,0 130.503611,33.288943,0 130.503611,33.288059,0 130.503599,33.287104,0 130.503572,33.286087,0 130.503566,33.285053,0 130.503499,33.283812,0 130.503394,33.282242,0 130.503289,33.280247,0 130.503236,33.279028,0 130.503115,33.277569,0 130.503023,33.27573,0 130.502916,33.273871,0 130.502902,33.272714,0 130.502879,33.271271,0 130.502877,33.269814,0 130.502907,33.268367,0 130.502897,33.26701,0 130.50291,33.265822,0 130.502896,33.264623,0 130.502882,33.263972,0 130.502865,33.262964,0 130.502793,33.262123,0 130.502707,33.261316,0 130.502607,33.260519,0 130.502562,33.259857,0 130.50244,33.258895,0 130.502261,33.25783,0 130.502088,33.256667,0 130.501872,33.255266,0 130.50157,33.253017,0 130.501452,33.251928,0 130.501366,33.251221,0 130.501311,33.250002,0 130.501247,33.24907,0 130.501215,33.24758,0 130.501165,33.245854,0 130.501147,33.245067,0 130.501138,33.24425,0 130.501084,33.243065,0 130.501042,33.241552,0 130.500973,33.239938,0 130.500931,33.238246,0 130.500874,33.236229,0 130.500858,33.234526,0 130.500833,33.233403,0 130.500779,33.232204,0 130.500718,33.230792,0 130.500689,33.229458,0 130.500663,33.22901,0 130.500659,33.228595,0 130.500632,33.228136,0 130.500609,33.227677,0 130.500567,33.227329,0 130.500567,33.227061,0 130.500539,33.226566,0 130.500499,33.226118,0 130.500432,33.22557,0 130.500379,33.225145,0 130.500293,33.224584,0 130.500213,33.224036,0 130.500082,33.223196,0 130.499977,33.222545,0 130.499858,33.222053,0 130.499755,33.221493,0 130.499639,33.220865,0 130.499542,33.220126,0 130.499391,33.219286,0 130.499281,33.218591,0 130.499157,33.217818,0 130.49902,33.2171,0 130.498876,33.21626,0 130.498739,33.215543,0 130.498668,33.214904,0 130.498471,33.21394,0 130.498313,33.212842,0 130.498018,33.211285,0 130.497879,33.210421,0 130.497694,33.209357,0 130.497544,33.208472,0 130.497379,33.207385,0 130.497187,33.206287,0 130.496981,33.205189,0 130.496789,33.204057,0 130.496603,33.202835,0 130.496308,33.201244,0 130.495324,33.195438,0 130.494766,33.192274,0 130.494027,33.187782,0 130.493603,33.185222,0 130.493031,33.1818,0 130.492523,33.178664,0</coordinates></LineString>
                        </Placemark>
                        <Placemark>
                            <name>九州新幹線</name>
                            <styleUrl>#style_red</styleUrl>
                            <LineString><tessellate>1</tessellate><coordinates>130.490587,33.371307,0 130.490932,33.370707,0 130.491608,33.369566,0</coordinates></LineString>
                        </Placemark>
                        <Placemark>
                            <name>九州新幹線</name>
                            <styleUrl>#style_red</styleUrl>
                            <LineString><tessellate>1</tessellate><coordinates>130.491608,33.369566,0 130.492074,33.36878,0 130.49322,33.366778,0 130.493818,33.365764,0 130.494418,33.364724,0 130.494865,33.363892,0 130.495251,33.363008,0 130.495624,33.362125,0 130.495931,33.361174,0 130.496132,33.360432,0 130.496319,33.35947,0 130.496439,33.358754,0 130.496497,33.357865,0 130.496537,33.357038,0 130.496568,33.355769,0 130.496475,33.354617,0 130.496462,33.353812,0 130.496392,33.352609,0 130.496365,33.351703,0 130.496309,33.350221,0 130.496231,33.348676,0 130.496212,33.347668,0 130.496183,33.346703,0 130.496183,33.345741,0 130.496239,33.343219,0 130.496329,33.341244,0 130.496409,33.339489,0 130.496439,33.338266,0 130.49652,33.336059,0 130.496642,33.333348,0 130.49673,33.331778,0 130.49684,33.331126,0 130.497,33.330366,0 130.497293,33.329538,0 130.497525,33.329043,0 130.497938,33.328283,0 130.498238,33.327777,0 130.498744,33.326939,0 130.499128,33.326343,0 130.499568,33.325582,0 130.499901,33.324967,0 130.500145,33.324456,0 130.500372,33.323818,0 130.500531,33.323069,0 130.500665,33.322655,0 130.500758,33.322152,0 130.500891,33.321526,0</coordinates></LineString>
                        </Placemark>
                        <Placemark>
                            <name>九州新幹線</name>
                            <styleUrl>#style_red</styleUrl>
                            <LineString><tessellate>1</tessellate><coordinates>130.42108,33.58776,0 130.42127,33.59139,0</coordinates></LineString>
                        </Placemark>
                        <Placemark>
                            <name>九州新幹線</name>
                            <styleUrl>#style_red</styleUrl>
                            <LineString><tessellate>1</tessellate><coordinates>130.433941,33.526592,0 130.434276,33.525416,0 130.435165,33.522417,0 130.435334,33.521768,0 130.438125,33.512269,0 130.440399,33.504604,0 130.441385,33.501847,0 130.442043,33.500416,0 130.442967,33.498411,0 130.443701,33.496923,0 130.444329,33.495637,0 130.444676,33.49491,0 130.445009,33.494172,0 130.445328,33.493439,0 130.445795,33.492332,0 130.446142,33.491449,0 130.446436,33.490588,0 130.446796,33.489475,0 130.447157,33.48812,0 130.447348,33.487233,0 130.447508,33.48617,0 130.44779,33.484064,0 130.447857,33.483113,0 130.447933,33.482002,0 130.447933,33.481141,0 130.447916,33.479862,0 130.44776,33.477611,0 130.447511,33.475896,0 130.447261,33.474506,0 130.446998,33.473328,0 130.446678,33.471863,0 130.446242,33.469956,0 130.445345,33.465868,0 130.445189,33.465132,0 130.445002,33.463935,0 130.444789,33.462504,0 130.44466,33.461024,0 130.444579,33.460096,0 130.444528,33.459119,0 130.444479,33.457572,0 130.444466,33.456431,0 130.444415,33.454101,0 130.444387,33.450156,0 130.444361,33.447599,0 130.444361,33.445396,0 130.444434,33.44406,0 130.444527,33.442704,0 130.444647,33.441508,0 130.444745,33.440632,0 130.444891,33.439592,0 130.444987,33.438961,0 130.445174,33.43791,0 130.445506,33.436341,0 130.445737,33.435342,0 130.446017,33.434313,0 130.446474,33.432733,0 130.447029,33.431098,0 130.447342,33.430245,0 130.447675,33.429328,0 130.448241,33.428014,0 130.448681,33.427008,0 130.449186,33.425954,0 130.4498,33.424701,0 130.45021,33.423968,0 130.450637,33.423185,0 130.451063,33.422458,0 130.45157,33.421642,0 130.451915,33.421099,0 130.452235,33.420573,0 130.452662,33.419981,0 130.453195,33.419176,0 130.453609,33.4186,0 130.454129,33.417884,0 130.454701,33.417154,0 130.455341,33.416327,0 130.455644,33.415906,0 130.456343,33.41512,0 130.45701,33.414326,0 130.45765,33.413588,0 130.45801,33.413164,0 130.458583,33.412526,0 130.459682,33.411248,0 130.460536,33.410287,0 130.461618,33.409041,0 130.462524,33.40799,0 130.463404,33.407006,0 130.464574,33.405666,0 130.46568,33.40438,0 130.466534,33.403396,0 130.467534,33.402278,0 130.468069,33.401655,0 130.468789,33.400839,0 130.469002,33.40056,0 130.469428,33.400101,0 130.470188,33.399218,0 130.471028,33.398267,0 130.472262,33.396848,0 130.473182,33.395808,0 130.473755,33.395126,0 130.474262,33.394545,0 130.474755,33.393997,0 130.475179,33.393532,0 130.475793,33.392839,0 130.476419,33.392123,0 130.477392,33.390977,0 130.478192,33.390072,0 130.478592,33.389568,0 130.479233,33.388826,0 130.47994,33.387954,0 130.480593,33.387137,0 130.4814,33.386068,0 130.482079,33.385184,0 130.482559,33.384468,0 130.483092,33.383753,0 130.484716,33.381354,0 130.485916,33.379408,0 130.487046,33.377501,0 130.48822,33.375459,0 130.489113,33.373871,0 130.490587,33.371307,0</coordinates></LineString>
                        </Placemark>
                        <Placemark>
                            <name>奥羽線</name>
                            <styleUrl>#style_purple</styleUrl>
                            <LineString><tessellate>1</tessellate><coordinates>140.36559591,38.34139213,0 140.36585132,38.34255684,0</coordinates></LineString>
                        </Placemark>
                        <Placemark>
                            <name>奥羽線</name>
                            <styleUrl>#style_purple</styleUrl>
                            <LineString><tessellate>1</tessellate><coordinates>140.3593,38.33125,0 140.35983,38.33186,0 140.3611,38.33334,0 140.3614,38.33368,0 140.3622,38.33459,0 140.36297,38.33553,0 140.36349,38.33628,0 140.36373,38.33661,0 140.36422,38.33739,0 140.36487,38.33872,0 140.36502,38.33917,0 140.36517,38.3396,0 140.36517,38.33962,0 140.36528,38.33998,0 140.36542,38.34059,0 140.36559591,38.34139213,0</coordinates></LineString>
                        </Placemark>
                        <Placemark>
                            <name>北陸新幹線</name>
                            <styleUrl>#style_green</styleUrl>
                            <LineString><tessellate>1</tessellate><coordinates>138.19025,36.64375,0 138.19073342,36.64407387,0 138.19241094,36.6454718,0 138.19318724,36.6461321,0 138.19368395,36.64650984,0 138.19572957,36.64784091,0 138.19621926,36.64817737,0 138.19697439,36.6487526,0 138.19827714,36.64978172,0 138.19856178,36.6499926,0 138.1993946,36.65056367,0 138.20057957,36.65131082,0 138.20326931,36.65310779,0 138.20472554,36.65411668,0 138.20658152,36.65531593,0 138.21396213,36.66004582,0 138.22300329,36.66568911,0 138.23042721,36.67049562,0 138.23492439,36.67332242,0 138.23777974,36.67504991,0 138.24525482,36.67940536,0 138.24733685,36.68078545,0 138.24851468,36.68163016,0 138.25010892,36.68286748,0 138.25282151,36.68524694,0 138.26143991,36.69309916,0 138.26762651,36.69863855,0 138.26871155,36.6995713,0 138.27095776,36.70126547,0 138.27312783,36.70265508,0 138.28053271,36.70731882,0 138.29456201,36.71617042,0 138.29789326,36.71824531,0 138.30107222,36.72014888,0 138.30390853,36.72167173,0 138.30571692,36.7225093,0 138.31036163,36.72452708,0 138.31822337,36.72801061,0 138.32100258,36.72955251,0 138.32319169,36.73103729,0 138.326028,36.73307411,0 138.32901661,36.73585332,0 138.33086307,36.73769978,0 138.33312831,36.74063128,0 138.33444178,36.74266809,0 138.33615499,36.74588513,0 138.33691642,36.74763641,0 138.33773495,36.75001587,0 138.33826795,36.75201462,0 138.33859156,36.75370879,0 138.33899131,36.7569639,0 138.33958141,36.76195125,0 138.34001923,36.76438781,0 138.3405332,36.76657692,0 138.34114234,36.76851856,0 138.34201798,36.77078381,0 138.34340759,36.77356302,0 138.34487333,36.77599958,0 138.34668287,36.77835411,0 138.34821048,36.7801387,0 138.34996652,36.78198041,0 138.35199382,36.78377928,0 138.35393546,36.78532117,0 138.35807573,36.78847634,0 138.36080259,36.79056074,0 138.36210177,36.79166005,0 138.36335813,36.79278792,0 138.36482864,36.79424415,0 138.36634197,36.79591453,0 138.36742701,36.79731365,0 138.3684121,36.79866995,0 138.37002538,36.80116838,0 138.37078205,36.80265316,0 138.37172431,36.80469474,0 138.37273796,36.8074216,0 138.37336614,36.80977727,0 138.37378017,36.81214721,0 138.3740086,36.81431728,0 138.3740657,36.81643024,0 138.37392294,36.81885729,0 138.37375161,36.82042774,0 138.37338042,36.82246932,0 138.37285218,36.82441096,0 138.3724096,36.82588146,0 138.37165293,36.82790876,0 138.37008249,36.83106393,0 138.36886896,36.83296274,0 138.36819795,36.83400494,0 138.36568524,36.83723149,0 138.36181624,36.84181433,0 138.35998167,36.8439844,0</coordinates></LineString>
                        </Placemark>
                        <Placemark>
                            <name>北陸新幹線</name>
                            <styleUrl>#style_green</styleUrl>
                            <LineString><tessellate>1</tessellate><coordinates>138.35998167,36.8439844,0 138.35804003,36.846302,0</coordinates></LineString>
                        </Placemark>
                        <Placemark>
                            <name>北陸新幹線</name>
                            <styleUrl>#style_green</styleUrl>
                            <LineString><tessellate>1</tessellate><coordinates>138.35804003,36.846302,0 138.35162471,36.85394869,0 138.3448718,36.86201507,0 138.3398321,36.86801131,0 138.33096623,36.87854756,0 138.32381357,36.88705651,0 138.31499053,36.89756421,0 138.30710975,36.9069726,0 138.30562497,36.9088143,0 138.30375471,36.91145551,0 138.30172741,36.91499614,0 138.30067093,36.9172376,0 138.29947168,36.92027855,0 138.29874357,36.92259138,0 138.29824388,36.92470434,0 138.29768709,36.92833064,0 138.29745866,36.93178562,0 138.29713029,36.93918099,0 138.29671627,36.94808969,0 138.29625941,36.95839751,0 138.2961452,36.96099588,0 138.29613092,36.96380841,0 138.29625941,36.96616407,0 138.29655922,36.96883383,0 138.2978013,36.97658611,0 138.29947168,36.98712237,0 138.30168458,37.00101366,0 138.30328358,37.01127865,0 138.30348345,37.01277771,0 138.30354056,37.01494778,0 138.30348345,37.01760326,0 138.30314081,37.02031585,0 138.3024127,37.02341391,0 138.30164175,37.02572674,0 138.30035684,37.02869631,0 138.29865791,37.03169443,0 138.29601671,37.03539211,0 138.29056298,37.0429588,0 138.28606398,37.04919505,0 138.28397005,37.05180056,0 138.28166197,37.05437038,0 138.27913974,37.05676173,0 138.27553486,37.05972416,0 138.27026064,37.06328413,0 138.26330845,37.0677947,0 138.26146198,37.06918431,0 138.25896831,37.0713163,0 138.25559899,37.07453333,0 138.24960275,37.08026308,0</coordinates></LineString>
                        </Placemark>
                        <Placemark>
                            <name>北陸新幹線</name>
                            <styleUrl>#style_green</styleUrl>
                            <LineString><tessellate>1</tessellate><coordinates>138.24960275,37.08026308,0 138.24733988,37.08247122,0</coordinates></LineString>
                        </Placemark>
                        <Placemark>
                            <name>北陸新幹線</name>
                            <styleUrl>#style_green</styleUrl>
                            <LineString><tessellate>1</tessellate><coordinates>138.24733988,37.08247122,0 138.24303008,37.08659244,0 138.24125025,37.08824855,0 138.23807129,37.09084692,0 138.23510172,37.09303602,0 138.22969559,37.0968622,0 138.22421331,37.10076451,0 138.22111049,37.10270615,0 138.21798864,37.10447647,0 138.21458125,37.10607547,0 138.21090736,37.10756025,0 138.2068718,37.10889275,0 138.20300755,37.10990164,0 138.19821056,37.11087246,0 138.19501256,37.11127221,0 138.18861657,37.111691,0 138.18494268,37.11159582,0 138.18227769,37.11146257,0 138.17843248,37.11108185,0 138.17202459,37.11006107,0 138.16374406,37.10861435,0 138.15491151,37.10707246,0 138.13695609,37.10396917,0 138.11475572,37.10022152,0 138.10212078,37.09882953,0 138.08398929,37.09565295,0 138.0667144,37.09269052,0 138.06007571,37.09151269,0 138.05707759,37.091013,0 138.03387784,37.08865734,0 138.00157666,37.08540937,0 137.9925466,37.08451708,0 137.98426608,37.08358909,0 137.97259482,37.08144757,0 137.96270816,37.07969867,0 137.95956727,37.07902052,0 137.9550344,37.07787838,0 137.95067999,37.07612948,0 137.94639696,37.07398796,0 137.94000811,37.06981201,0 137.93051406,37.06328039,0 137.92715902,37.0610318,0 137.92341136,37.05871182,0 137.91905695,37.05649892,0 137.9162016,37.05532109,0 137.91281087,37.05421464,0 137.90727862,37.05282266,0 137.90210329,37.05214451,0 137.89318031,37.05100237,0 137.88796929,37.05032422,0 137.88437155,37.04958183,0 137.88171607,37.0489251,0 137.86952371,37.04545584,0 137.86292785,37.04357131,0</coordinates></LineString>
                        </Placemark>
                        <Placemark>
                            <name>北陸新幹線</name>
                            <styleUrl>#style_green</styleUrl>
                            <LineString><tessellate>1</tessellate><coordinates>137.86292785,37.04357131,0 137.85965847,37.0426576,0</coordinates></LineString>
                        </Placemark>
                        <Placemark>
                            <name>北陸新幹線</name>
                            <styleUrl>#style_green</styleUrl>
                            <LineString><tessellate>1</tessellate><coordinates>137.85965847,37.0426576,0 137.85689591,37.04187,0 137.85249391,37.04060888,0 137.84991219,37.03979987,0 137.84704494,37.03878859,0 137.8398905,37.03602455,0 137.82791229,37.03121328,0 137.82243001,37.02902894,0 137.82008862,37.02798673,0 137.81149401,37.02373226,0 137.80806759,37.02209043,0 137.80665419,37.02149081,0 137.80498381,37.02086263,0 137.8025282,37.0200203,0 137.7991339,37.01908041,0 137.79523158,37.01829995,0 137.77880379,37.01510195,0 137.77421619,37.01420727,0 137.77128469,37.01344585,0 137.76791537,37.01236081,0 137.76258538,37.01022882,0 137.74332126,37.00291911,0 137.73789609,37.00084422,0 137.73587831,37.00017797,0 137.72902546,36.99802694,0 137.72483761,36.99678962,0 137.71461545,36.99366777,0 137.70713442,36.99134541,0 137.69849222,36.98854717,0 137.69044012,36.98618674,0 137.68309235,36.98401667,0 137.67372679,36.98127553,0 137.66491326,36.9785915,0 137.65948809,36.97695443,0 137.65431039,36.9753364,0 137.65006543,36.97381354,0 137.64580143,36.97206226,0 137.6300732,36.96425049,0 137.60849149,36.95347153,0 137.59057414,36.94445338,0 137.57168122,36.9350783,0 137.55133683,36.924918,0 137.52927923,36.91382971,0 137.51764366,36.90804762,0 137.51565681,36.90695307,0 137.51346771,36.90557298,0 137.51131787,36.90407868,0 137.50866239,36.90196572,0 137.50662081,36.90002408,0 137.50397961,36.89714017,0 137.49708393,36.88934506,0 137.49512117,36.88719849,0 137.49297966,36.88502842,0 137.48488473,36.87750456,0 137.48227208,36.8751489,0</coordinates></LineString>
                        </Placemark>
                        <Placemark>
                            <name>北陸新幹線</name>
                            <styleUrl>#style_green</styleUrl>
                            <LineString><tessellate>1</tessellate><coordinates>137.48227208,36.8751489,0 137.47997947,36.87298002,0</coordinates></LineString>
                        </Placemark>
                        <Placemark>
                            <name>北陸新幹線</name>
                            <styleUrl>#style_green</styleUrl>
                            <LineString><tessellate>1</tessellate><coordinates>137.47997947,36.87298002,0 137.47593365,36.86925691,0 137.47273327,36.86629448,0 137.4708535,36.8644028,0 137.46779589,36.86102397,0 137.46396496,36.85662197,0 137.45734609,36.849041,0 137.45546156,36.84669961,0 137.45435749,36.84502447,0 137.45123563,36.83948509,0 137.44794246,36.83364113,0 137.44306932,36.82475147,0 137.43709212,36.81405341,0 137.43467459,36.8096752,0 137.42671767,36.7953794,0 137.42447146,36.79176262,0 137.42277728,36.78964966,0 137.42138767,36.78810777,0 137.41872268,36.78546181,0 137.41660972,36.78374859,0 137.41415411,36.78197828,0 137.41034698,36.77973206,0 137.40052456,36.77447821,0 137.39058793,36.76899594,0 137.37730102,36.76189562,0 137.37349388,36.75966845,0 137.37124767,36.75824077,0 137.36898243,36.75666081,0 137.35145056,36.74386883,0 137.33332858,36.73056288,0 137.32156453,36.72184454,0 137.31830942,36.71959833,0 137.31613936,36.71828486,0 137.31356954,36.7169714,0 137.31130429,36.71588637,0 137.30791594,36.71459194,0 137.30450855,36.71352594,0 137.30062527,36.7126503,0 137.29700849,36.71209826,0 137.29348689,36.71175562,0 137.28929904,36.71166044,0 137.28591068,36.7118508,0 137.28343604,36.71209826,0 137.27921012,36.71282162,0 137.27228113,36.71449676,0 137.26276329,36.71695237,0 137.25922265,36.71786608,0 137.25735715,36.71822776,0 137.25551069,36.71838004,0 137.25309316,36.71834197,0 137.25113248,36.71817065,0 137.24890531,36.71763765,0 137.24736341,36.71712369,0 137.24509817,36.71613383,0 137.24367049,36.71527722,0 137.24224281,36.71419219,0 137.2404725,36.71242187,0 137.23957782,36.71114648,0 137.23803593,36.70840534,0 137.23586586,36.7040652,0 137.23512347,36.70286596,0 137.23424783,36.70172381,0 137.23272497,36.70056264,0 137.23143054,36.69989639,0 137.22979823,36.6992349,0 137.22835628,36.69891367,0 137.22292397,36.69811417,0 137.22263844,36.69810703,0 137.22205309,36.69812488,0 137.22152485,36.69818199,0 137.22098233,36.69830334,0 137.22005791,36.69864598,0 137.21644732,36.70016289,0 137.21489472,36.70078155,0</coordinates></LineString>
                        </Placemark>
                        <Placemark>
                            <name>北陸新幹線</name>
                            <styleUrl>#style_green</styleUrl>
                            <LineString><tessellate>1</tessellate><coordinates>137.21489472,36.70078155,0 137.21171814,36.7020962,0</coordinates></LineString>
                        </Placemark>
                        <Placemark>
                            <name>北陸新幹線</name>
                            <styleUrl>#style_green</styleUrl>
                            <LineString><tessellate>1</tessellate><coordinates>137.21171814,36.7020962,0 137.2035732,36.70530978,0 137.19862393,36.70732042,0 137.19699399,36.70820082,0 137.19521178,36.70957377,0 137.19231835,36.71223877,0 137.19056707,36.71357127,0 137.18944396,36.71427559,0 137.18773075,36.71511316,0 137.18641491,36.71566043,0 137.18050195,36.71776626,0 137.1771826,36.71878942,0 137.17512437,36.71936049,0 137.17185261,36.72003864,0 137.16896156,36.72047884,0 137.16604672,36.72082386,0 137.15500603,36.72210877,0 137.14392963,36.72341153,0 137.12727341,36.7253151,0 137.11940334,36.72625498,0 137.10976652,36.72734954,0 137.10255676,36.72815855,0 137.09878293,36.72844409,0 137.09508525,36.72845836,0 137.09078794,36.72818711,0 137.08634787,36.72750182,0 137.08317843,36.72681654,0 137.07918093,36.72564584,0 137.07315614,36.72357571,0 137.07107173,36.72287615,0 137.06803078,36.7220481,0 137.0659892,36.72161979,0 137.06307674,36.72107728,0 137.06062114,36.72080602,0 137.05872233,36.72062042,0 137.05613823,36.72052048,0 137.05383967,36.72054904,0 137.0509986,36.72064897,0 137.04775777,36.72099162,0 137.04501663,36.7214342,0 137.04006259,36.72254778,0 137.03453748,36.72404684,0 137.0320105,36.72467502,0 137.03018307,36.72500339,0 137.02784168,36.72538886,0 137.02430104,36.72583144,0 137.02074613,36.72618836,0 137.01360775,36.72684509,0</coordinates></LineString>
                        </Placemark>
                        <Placemark>
                            <name>北陸新幹線</name>
                            <styleUrl>#style_green</styleUrl>
                            <LineString><tessellate>1</tessellate><coordinates>137.01360775,36.72684509,0 137.01015277,36.72705924,0</coordinates></LineString>
                        </Placemark>
                        <Placemark>
                            <name>北陸新幹線</name>
                            <styleUrl>#style_green</styleUrl>
                            <LineString><tessellate>1</tessellate><coordinates>137.01015277,36.72705924,0 137.00846811,36.72708779,0 137.00598395,36.72705924,0 137.00230055,36.72680226,0 137.00010192,36.726531,0 136.99711808,36.72598848,0 136.99436266,36.72537458,0 136.99177857,36.72460364,0 136.98871858,36.72357095,0 136.98203706,36.72117245,0 136.96777278,36.71601904,0 136.96555988,36.71518623,0 136.96330416,36.71424396,0 136.96134824,36.71323031,0 136.95934949,36.71218811,0 136.95600873,36.71026074,0 136.94317391,36.70276544,0 136.92992508,36.69508573,0 136.92737905,36.69356287,0 136.92059759,36.68897051,0 136.91783741,36.68697177,0 136.91617179,36.68580583,0 136.90439346,36.67752531,0 136.90191882,36.67588348,0 136.90006284,36.67488411,0 136.89742164,36.67352781,0 136.89478044,36.67243326,0 136.89328138,36.6718146,0 136.88959321,36.67069625,0 136.88626197,36.66986344,0 136.88340661,36.66933996,0 136.87983742,36.66891166,0 136.87662515,36.6687451,0 136.87274663,36.6687213,0 136.86863016,36.66907822,0 136.86644106,36.66938755,0 136.86356191,36.66988724,0 136.85808915,36.67124353,0 136.83717369,36.67681147,0 136.82853624,36.67916714,0 136.82546674,36.67983338,0 136.82258759,36.68040445,0 136.8194467,36.68097553,0 136.80683556,36.68256976,0 136.79991133,36.68337878,0 136.79550932,36.68375949,0 136.79201152,36.68371191,0 136.78896581,36.68361673,0 136.78577733,36.68321222,0 136.78258885,36.68280771,0 136.77918622,36.68190352,0 136.77687814,36.68123727,0 136.77426074,36.68030928,0 136.771334,36.67911955,0 136.7669082,36.67683526,0 136.7646953,36.67538379,0 136.7616258,36.67317089,0 136.75938911,36.67114835,0 136.75705723,36.66884027,0 136.75443983,36.66558041,0 136.75201278,36.66201122,0 136.74937157,36.65865618,0 136.7466114,36.65561047,0 136.74282806,36.65220784,0 136.73409544,36.6448791,0 136.72869406,36.64028674,0 136.72462518,36.63709826,0 136.72155568,36.63500434,0 136.70932525,36.62741386,0 136.7029007,36.62339257,0 136.70075919,36.6219173,0 136.69957897,36.62100359,0 136.69067027,36.6130086,0 136.68041955,36.60358594,0 136.67945349,36.60266746,0 136.67699789,36.60024993,0 136.67559877,36.59861286,0 136.67360954,36.59602401,0 136.67057334,36.59184568,0 136.6696406,36.59094148,0 136.66840328,36.59000873,0 136.66719451,36.58932345,0 136.66440578,36.58797191,0 136.65741017,36.58473585,0 136.65514492,36.58371744,0 136.6531081,36.58286083,0 136.65193741,36.58222313,0 136.6509761,36.5814046,0 136.6501766,36.58071932,0 136.64900591,36.57917742,0</coordinates></LineString>
                        </Placemark>
                        <Placemark>
                            <name>北陸新幹線</name>
                            <styleUrl>#style_green</styleUrl>
                            <LineString><tessellate>1</tessellate><coordinates>136.64900591,36.57917742,0 136.64708331,36.57665282,0</coordinates></LineString>
                        </Placemark>
                        <Placemark>
                            <name>北陸新幹線</name>
                            <styleUrl>#style_green</styleUrl>
                            <LineString><tessellate>1</tessellate><coordinates>138.24960275,37.08026308,0 138.24733988,37.08247122,0</coordinates></LineString>
                        </Placemark>
                        <Placemark>
                            <name>北海道新幹線</name>
                            <styleUrl>#style_green</styleUrl>
                            <LineString><tessellate>1</tessellate><coordinates>140.51482012,41.14581862,0 140.51465,41.14601,0 140.51358,41.1472,0 140.51302,41.14782,0 140.51284,41.14801,0 140.51281,41.14805,0 140.51201,41.14894,0 140.51096,41.15011,0 140.51041,41.15071,0 140.50945,41.1518,0 140.50876,41.15256,0 140.50781,41.15365,0 140.50732,41.15418,0 140.50649,41.15498,0 140.50546,41.1559,0 140.50442,41.15683,0 140.50434,41.1569,0 140.50316,41.15793,0 140.50117,41.15957,0 140.50066,41.16,0 140.49994,41.16056,0 140.49907,41.16123,0 140.49773,41.16222,0 140.49691,41.16284,0 140.49648,41.16311,0 140.49557,41.16377,0 140.49458,41.16436,0 140.49418,41.16462,0 140.49367,41.16494,0 140.49308,41.16526,0 140.49211,41.16582,0 140.49134,41.16625,0 140.48973,41.16712,0 140.48902,41.16746,0 140.487,41.16843,0 140.48523,41.16929,0 140.48464,41.16957,0 140.48372,41.17,0 140.48293,41.17036,0 140.48183,41.17077,0 140.48153,41.17088,0 140.48052,41.17127,0 140.47944,41.17167,0 140.47772,41.17228,0 140.47685,41.17257,0 140.47572,41.17296,0 140.47401,41.17349,0 140.47295,41.17381,0 140.47069,41.17441,0 140.47012,41.17454,0 140.46872,41.1749,0 140.46542,41.17575,0 140.46501,41.17586,0 140.46299,41.1764,0 140.46168,41.17672,0 140.45998,41.17717,0 140.45919,41.17739,0 140.45819,41.17765,0 140.45563,41.1783,0 140.45285,41.17901,0 140.45088,41.17951,0 140.44808,41.18023,0 140.44764,41.18034,0 140.44542,41.18092,0 140.44437,41.18119,0 140.44102,41.18213,0 140.43855,41.18286,0 140.43765,41.18315,0 140.43557,41.18391,0 140.43506,41.1841,0 140.43391,41.18451,0 140.43195,41.18526,0 140.43054,41.1858,0 140.4291,41.18642,0 140.42823,41.18682,0 140.42745,41.18721,0 140.42599,41.18795,0 140.42529,41.18832,0 140.42396,41.18903,0 140.42173,41.19024,0 140.42021,41.19114,0 140.41758,41.19269,0 140.41621,41.1935,0 140.41591,41.19368,0 140.41312,41.1953,0 140.41066,41.19676,0 140.40853,41.19799,0 140.40722,41.19877,0 140.40652,41.19919,0 140.405,41.20008,0 140.40359,41.20092,0 140.40184,41.20195,0 140.39984,41.20314,0 140.39825,41.20406,0 140.39773,41.20436,0 140.39582,41.20549,0 140.39459,41.20622,0 140.39371,41.20672,0 140.3915,41.20803,0 140.38962,41.20915,0 140.38927,41.20935,0 140.38743,41.21044,0 140.38514,41.21177,0 140.38381,41.21257,0 140.38176,41.21376,0 140.38029,41.21463,0 140.37945,41.21513,0 140.3777,41.21614,0 140.37633,41.21697,0 140.37533,41.21759,0 140.37429,41.21824,0 140.37308,41.21903,0 140.37193,41.21982,0 140.37149,41.22011,0 140.37037,41.22099,0 140.36971,41.2215,0 140.36885,41.22217,0 140.36707,41.22367,0 140.36598,41.22464,0 140.36495,41.22559,0 140.36434,41.22617,0 140.3639,41.22657,0 140.36293,41.22756,0 140.36231,41.2282,0 140.36198,41.22854,0 140.36172,41.22884,0 140.36129,41.22929,0 140.36038,41.23031,0 140.35986,41.23094,0 140.35899,41.23199,0 140.35881,41.23221,0 140.35835,41.23277,0 140.35747,41.23395,0 140.35694,41.23467,0 140.35663,41.2351,0 140.35629,41.23555,0 140.35584,41.23625,0 140.35553,41.23673,0 140.35513,41.23736,0 140.35404,41.23919,0 140.35351,41.24012,0 140.3534,41.24032,0 140.35278,41.24152,0 140.35219,41.24277,0 140.35175,41.24374,0 140.35145,41.2445,0 140.35108,41.24535,0 140.35058,41.24667,0 140.35022,41.24769,0 140.34991,41.24863,0 140.34972,41.2492,0 140.34941,41.25023,0 140.34915,41.25115,0 140.34881,41.25261,0 140.34849,41.25406,0 140.34816,41.25579,0 140.34787,41.25808,0 140.34776,41.25936,0 140.34771,41.26029,0 140.34768,41.26162,0 140.3477,41.26271,0 140.3477,41.26348,0 140.34773,41.26411,0 140.34808,41.27312,0 140.34842,41.28194,0 140.34841,41.28213,0 140.34823,41.28645,0 140.34762,41.29083,0 140.34754,41.29111,0 140.34652,41.2952,0 140.345,41.29962,0 140.34489,41.29986,0 140.34307,41.30383,0 140.34067,41.30796,0 140.34054,41.30814,0 140.33788,41.31192,0 140.33465,41.31577,0 140.32976,41.3213,0 140.32329,41.32862,0 140.31682,41.33595,0 140.31204,41.34135,0 140.30555,41.34866,0 140.3041,41.35034,0 140.30224,41.35269,0 140.25553,41.41926,0 140.2553,41.41956,0 140.25487,41.42016,0 140.2539,41.42153,0 140.25303,41.42278,0 140.25233,41.42378,0 140.252,41.42427,0 140.25163,41.42478,0 140.25094,41.42577,0 140.25037,41.42658,0 140.24949,41.42782,0 140.24824,41.4296,0 140.24716,41.43115,0 140.24649,41.43209,0 140.24624,41.4324,0 140.24577,41.433,0 140.24542,41.4335,0 140.24492,41.43425,0 140.24473,41.43448,0 140.24445,41.43488,0 140.2433,41.43653,0 140.24249,41.43771,0 140.24073,41.44022,0 140.23935,41.4423,0 140.23891,41.44297,0 140.23855,41.44359,0 140.23829,41.44406,0 140.238,41.44451,0 140.23755,41.44531,0 140.23653,41.44726,0 140.23569,41.44907,0 140.23505,41.4506,0 140.23505,41.45061,0 140.2345,41.45202,0 140.23429,41.4526,0 140.23399,41.45349,0 140.23364,41.45457,0 140.23318,41.45619,0 140.23269,41.45832,0 140.23248,41.45935,0 140.2323,41.46027,0 140.2321,41.46139,0 140.23198,41.46216,0 140.23182,41.46335,0 140.23174,41.46429,0 140.23168,41.465,0 140.23164,41.46587,0 140.23159,41.46682,0 140.23155,41.46774,0 140.23156,41.46833,0 140.23156,41.46853,0 140.23159,41.4694,0 140.23165,41.47067,0 140.2317,41.4715,0 140.23181,41.47246,0 140.23192,41.47327,0 140.23201,41.4738,0 140.23213,41.47458,0 140.23225,41.47528,0 140.23236,41.47581,0 140.23253,41.4766,0 140.2327,41.47728,0 140.23277,41.47756,0 140.23309,41.47892,0 140.23324,41.47952,0 140.23332,41.47982,0 140.23385,41.48153,0 140.23466,41.48388,0 140.23538,41.48562,0 140.23554,41.48598,0 140.23616,41.48738,0 140.23689,41.48884,0 140.23755,41.4901,0 140.23878,41.49224,0 140.23994,41.49396,0 140.2401,41.49419,0 140.24121,41.49577,0 140.24272,41.49768,0 140.2451,41.50074,0 140.24595,41.50184,0 140.24648,41.50255,0 140.2465,41.50257,0 140.24651,41.50258,0 140.24747,41.50376,0 140.24769,41.50404,0 140.24996,41.50687,0 140.25354,41.51136,0 140.25373,41.5116,0 140.25616,41.51463,0 140.2576,41.51645,0 140.25978,41.51916,0 140.26048,41.52004,0 140.26265,41.52279,0 140.26514,41.52587,0 140.26581,41.52672,0 140.26853,41.53014,0 140.27072,41.53285,0 140.27184,41.53428,0 140.27248,41.53509,0 140.27515,41.53843,0 140.27716,41.54097,0 140.27787,41.54185,0 140.27895,41.5432,0 140.28107,41.54586,0 140.28265,41.54783,0 140.28391,41.54941,0 140.28434,41.54995,0 140.28602,41.55209,0 140.28705,41.55337,0 140.28862,41.55533,0 140.28972,41.55673,0 140.28993,41.55698,0 140.29081,41.55809,0 140.29212,41.55977,0 140.29381,41.56183,0 140.29577,41.56433,0 140.29595,41.56455,0 140.2973,41.56623,0 140.29864,41.56792,0 140.29985,41.56944,0 140.30115,41.57107,0 140.30198,41.57211,0 140.30267,41.57298,0 140.30394,41.57459,0 140.30503,41.57595,0 140.30617,41.57737,0 140.30732,41.57883,0 140.30802,41.57967,0 140.30835,41.58006,0 140.3089,41.58067,0 140.30972,41.58157,0 140.31057,41.58241,0 140.31142,41.58324,0 140.3128,41.58451,0 140.31317,41.58482,0 140.31393,41.58552,0 140.31442,41.58591,0 140.3145,41.58597,0 140.31953,41.59037,0 140.32185,41.59226,0 140.32314,41.59322,0 140.32523,41.59477,0 140.3266,41.59565,0 140.32798,41.59655,0 140.32951,41.59752,0 140.33034,41.59805,0 140.33148,41.59877,0 140.33202,41.59911,0 140.33341,41.59999,0 140.33462,41.60076,0 140.33518,41.60113,0 140.33687,41.60219,0 140.33835,41.60315,0 140.34021,41.60433,0 140.34102,41.60484,0 140.34212,41.60555,0 140.34433,41.60695,0 140.34687,41.60857,0 140.34738,41.60887,0 140.34905,41.60993,0 140.35052,41.61086,0 140.35335,41.61268,0 140.35463,41.61348,0 140.35611,41.61443,0 140.35726,41.61516,0 140.35915,41.61636,0 140.36188,41.61811,0 140.36235,41.61846,0 140.36423,41.61964,0 140.36842,41.62229,0 140.37147,41.62423,0 140.37162,41.62433,0 140.37211,41.62464,0 140.37306,41.62524,0 140.37437,41.6261,0 140.37532,41.62672,0 140.37638,41.62741,0 140.37801,41.62855,0 140.37958,41.62975,0 140.38051,41.63051,0 140.38064,41.63061,0 140.38184,41.63163,0 140.3826,41.63228,0 140.3827,41.63236,0 140.38552,41.63488,0 140.38593,41.63525,0 140.38697,41.6362,0 140.3884,41.63749,0 140.38932,41.63831,0 140.39081,41.63965,0 140.39183,41.64057,0 140.39337,41.64193,0 140.39345,41.64201,0 140.39423,41.6427,0 140.395,41.64338,0 140.39571,41.64402,0 140.39673,41.64493,0 140.39762,41.64572,0 140.39842,41.64646,0 140.39982,41.6477,0 140.40108,41.64882,0 140.40186,41.64954,0 140.40266,41.65025,0 140.40357,41.65104,0 140.40426,41.65165,0 140.40459,41.65196,0 140.40556,41.65283,0 140.40688,41.65402,0 140.40763,41.65469,0 140.4077,41.65475,0 140.40819,41.6552,0 140.40904,41.65596,0 140.40953,41.6564,0 140.41006,41.65687,0 140.41017,41.65697,0 140.41114,41.65783,0 140.41201,41.65862,0 140.41256,41.65911,0 140.41318,41.65966,0 140.41369,41.66014,0 140.41422,41.6606,0 140.41495,41.66124,0 140.41537,41.66162,0 140.41587,41.66207,0 140.41655,41.6627,0 140.41705,41.66314,0 140.4176,41.66365,0 140.41844,41.6644,0 140.41945,41.66529,0</coordinates></LineString>
                        </Placemark>
                        <Placemark>
                            <name>北海道新幹線</name>
                            <styleUrl>#style_green</styleUrl>
                            <LineString><tessellate>1</tessellate><coordinates>140.41945,41.66529,0 140.42365,41.6691,0 140.42417126,41.66956865,0 140.42821171,41.67320132,0 140.43114835,41.67582554,0 140.43315833,41.67758401,0</coordinates></LineString>
                        </Placemark>
                        <Placemark>
                            <name>北海道新幹線</name>
                            <styleUrl>#style_green</styleUrl>
                            <LineString><tessellate>1</tessellate><coordinates>140.43514568,41.67937263,0 140.43793243,41.68189612,0 140.44034879,41.68404685,0 140.44750826,41.69045772,0 140.45515665,41.69728239,0 140.45971591,41.70136282,0 140.46936822,41.70999045,0 140.4717952,41.71215214,0 140.47820493,41.717876,0 140.47961481,41.71914635,0 140.48052095,41.71997769,0 140.48136202,41.72076386,0 140.48272775,41.72207802,0 140.48422254,41.7235651,0 140.48563633,41.7250113,0 140.48878569,41.72821789,0 140.4911382,41.73061792,0 140.49596859,41.73552751,0 140.49693395,41.73648576,0 140.49772152,41.73723982,0 140.49830319,41.73778828,0 140.49943077,41.7388103,0 140.50029179,41.73955185,0 140.50088691,41.74005662,0 140.50162966,41.74067247,0 140.50259647,41.74144321,0 140.50319107,41.74190294,0 140.50401862,41.74252509,0 140.50481594,41.74310796,0 140.50578236,41.74379849,0 140.50662937,41.74438124,0 140.50770586,41.74509685,0 140.50833021,41.74549169,0 140.50903225,41.74594739,0 140.51006106,41.74657246,0 140.51056914,41.74687675,0 140.51150603,41.7474219,0 140.51260447,41.74804577,0 140.51340594,41.74847672,0 140.51425094,41.74892572,0 140.51501493,41.74932883,0 140.51564381,41.74963852,0 140.51638524,41.75001319,0 140.51791854,41.75073618,0 140.51900354,41.75123334,0 140.52066046,41.75195234,0 140.52179157,41.75241687,0 140.52338381,41.75305376,0 140.52461138,41.75351224,0 140.52583242,41.75395362,0 140.5279592,41.75468617,0 140.52950171,41.755212,0 140.5304307,41.75552389,0 140.53295213,41.75638486,0 140.53463262,41.75694761,0 140.5366429,41.75763245,0 140.5396359,41.75864803,0 140.54488871,41.76042797,0 140.54608524,41.76084221,0 140.54732139,41.76128695,0 140.54923695,41.76200325,0 140.55080192,41.76263426,0 140.55234011,41.76328117,0 140.55350552,41.76379444,0 140.55501576,41.76449146,0 140.55649676,41.76520878,0 140.55837541,41.76617502,0 140.55970279,41.76689366,0 140.56119244,41.76774373,0 140.5619152,41.76816768,0 140.56336236,41.76904852,0 140.56504448,41.77013625,0 140.56602977,41.77079548,0 140.5670203,41.77149524,0 140.5679798,41.77219028,0 140.56917154,41.77308136,0 140.57009015,41.77379717,0 140.57067001,41.7742647,0 140.57127533,41.77476278,0 140.57186943,41.77526105,0 140.57303166,41.77626914,0 140.57383586,41.77699894,0 140.57450625,41.77762627,0 140.57540084,41.77848432,0 140.57613748,41.77921645,0 140.57681285,41.77991927,0 140.57727822,41.78040551,0 140.57761647,41.78077387,0 140.57795627,41.78115108,0 140.57914852,41.78250328,0 140.58007205,41.78361664,0 140.58075009,41.78446713,0 140.58142818,41.78535437,0 140.58206635,41.78621557,0 140.58291683,41.78736982,0 140.58377548,41.78854853,0 140.58544698,41.79083443,0 140.58761449,41.79380567,0 140.58923687,41.79603259,0 140.5908103,41.79818593,0 140.59167603,41.79938022,0 140.59280614,41.80092411,0 140.59367514,41.80211033,0 140.59542292,41.80450498,0 140.59689108,41.80651877,0 140.59804103,41.80807461,0 140.59850903,41.80869421,0 140.59889496,41.80918977,0 140.59938666,41.80981519,0 140.60020306,41.81082069,0 140.60097572,41.81172672,0 140.60148057,41.81229657,0 140.60192232,41.81279286,0 140.60257929,41.81350422,0 140.60313525,41.8140802,0 140.60386041,41.81482652,0 140.6046985,41.81564998,0 140.60549505,41.81641117,0 140.60638721,41.81722439,0 140.60697799,41.81774981,0 140.60748687,41.81818816,0 140.608371,41.81894438,0 140.60875888,41.81925429,0 140.60944129,41.81981403,0 140.61021167,41.82041371,0 140.61100846,41.82103288,0 140.61195209,41.82172919,0 140.61262997,41.82221545,0 140.61356867,41.82287701,0 140.61465688,41.82361,0 140.61571835,41.82429671,0 140.61659567,41.82484945,0 140.61790903,41.82565366,0 140.61958103,41.82663655,0 140.62123008,41.82759259,0 140.62286279,41.82853644,0 140.62464049,41.82956803,0 140.6265385,41.83066752,0 140.62913541,41.83217282,0 140.63084549,41.8331605,0 140.64038688,41.83868797,0 140.64685285,41.84243365,0 140.65051948,41.84456023,0 140.65401018,41.84657727,0 140.65953872,41.84977937,0 140.66333091,41.85197558,0 140.66652759,41.85382754,0 140.66863541,41.85505659,0 140.66937104,41.85550126,0 140.67000793,41.85589684,0 140.67064593,41.85630674,0 140.67126872,41.85673127,0 140.67185885,41.85714337,0 140.67250355,41.85762088,0 140.67320385,41.85816572,0 140.67409691,41.85891161,0 140.67463528,41.85939297,0 140.67503431,41.85975902,0 140.67546629,41.86017003,0 140.67620408,41.86092086,0 140.67664406,41.86140008,0 140.6771122,41.86192658,0 140.67746757,41.86234329,0 140.67797985,41.86298372,0 140.67864451,41.86387334,0 140.67897976,41.86435781,0 140.6794248,41.86503325,0 140.67990988,41.86584375,0 140.68021479,41.86637522,0 140.68059831,41.86712016,0 140.68085112,41.86764724,0 140.68121192,41.86845466,0 140.68151829,41.86920078,0 140.68180612,41.87002966,0 140.68199244,41.87062408,0 140.68217198,41.87124601,0 140.68231869,41.87182042,0 140.68242496,41.87229322,0 140.6825841,41.87311215,0 140.68270198,41.87388852,0 140.68278741,41.87455435,0 140.68284971,41.87530714,0 140.68287713,41.87605529,0 140.68288069,41.87694584,0 140.68284678,41.87782193,0 140.68278379,41.87857794,0 140.68271438,41.8791876,0 140.68259081,41.87999203,0 140.68241148,41.88091171,0 140.68225228,41.88159713,0 140.68207595,41.8822526,0 140.68180308,41.88312162,0 140.68157589,41.88377518,0 140.6811743,41.88478164,0 140.68077759,41.88565962,0 140.68047071,41.88627698,0 140.68013309,41.88690388,0 140.67963695,41.88775324,0 140.67936882,41.88818576,0 140.67889316,41.88890635,0 140.67860493,41.88932508,0 140.6783357,41.88968055,0 140.67786561,41.89029674,0 140.6773596,41.89092283,0 140.676614,41.89176982,0 140.67624396,41.89217593,0 140.67557264,41.89285295,0 140.67508549,41.89332907,0 140.67456484,41.89381139,0 140.673734,41.8945299,0 140.67310378,41.89504178,0 140.67272066,41.89534541,0 140.67183796,41.89600645,0 140.67090318,41.89665864,0 140.66983702,41.89734405,0 140.66913098,41.89776585,0 140.66840416,41.89818593,0 140.667989,41.89841919,0 140.66758665,41.89863203,0 140.6669254,41.89897384,0 140.66599996,41.89942329,0 140.66530657,41.89973981,0 140.66462741,41.90003479,0 140.6638669,41.90035268,0 140.66281159,41.90076065,0 140.66155085,41.90120268,0 140.66089566,41.90142212,0 140.65999613,41.90169611,0 140.6591292,41.90194247,0 140.65823284,41.90218541,0 140.65705638,41.90249776,0 140.65553526,41.90288921,0 140.6538913,41.90330907,0 140.65241332,41.90368887,0 140.65151111,41.90392076,0 140.65020234,41.9042318,0</coordinates></LineString>
                        </Placemark>
                        <Placemark>
                            <name>北海道新幹線</name>
                            <styleUrl>#style_green</styleUrl>
                            <LineString><tessellate>1</tessellate><coordinates>140.43315833,41.67758401,0 140.43514568,41.67937263,0</coordinates></LineString>
                        </Placemark>
                        <Placemark>
                            <name>北海道新幹線</name>
                            <styleUrl>#style_green</styleUrl>
                            <LineString><tessellate>1</tessellate><coordinates>140.51657472,41.14387186,0 140.51679,41.14363,0 140.51771,41.14262,0 140.51885,41.14137,0 140.5202,41.1399,0 140.52201,41.13784,0 140.5222,41.13763,0 140.52261,41.13715,0 140.52363,41.13587,0 140.52434,41.13498,0 140.52502,41.13404,0 140.5256,41.13318,0 140.5264,41.13185,0 140.52714,41.13059,0 140.52758,41.1298,0 140.52789,41.12924,0 140.52854,41.12807,0 140.52925,41.12683,0 140.53038,41.12483,0 140.53112,41.12353,0 140.53223,41.12156,0 140.53252,41.12105,0 140.53321,41.11986,0 140.53372,41.11893,0 140.53458,41.11742,0 140.53536,41.11602,0 140.53629,41.1144,0 140.53692,41.11327,0 140.53715,41.11286,0 140.5374,41.11243,0 140.53835,41.11075,0 140.53887,41.10984,0 140.53976,41.10826,0 140.54049,41.10695,0 140.54122,41.10566,0 140.54178,41.10467,0 140.54187,41.10451,0 140.54208,41.10413,0 140.54332,41.10195,0 140.54402,41.10072,0 140.54588,41.09743,0 140.54672,41.09594,0 140.54728,41.09496,0 140.54889,41.09204,0 140.55106,41.08811,0 140.55112,41.08801,0 140.55131,41.08771,0 140.55187,41.08667,0 140.55229,41.08597,0 140.55293,41.08479,0 140.55321,41.08425,0 140.55325,41.08416,0 140.55353,41.08364,0 140.55369,41.08332,0 140.55459,41.08161,0 140.55563,41.07964,0 140.55673,41.07758,0 140.55781,41.07553,0 140.55807,41.07503,0 140.55876,41.07368,0 140.55986,41.07166,0 140.56056,41.07032,0 140.56059,41.07027,0</coordinates></LineString>
                        </Placemark>
                        <Placemark>
                            <name>北海道新幹線</name>
                            <styleUrl>#style_green</styleUrl>
                            <LineString><tessellate>1</tessellate><coordinates>140.56059,41.07027,0 140.56139551,41.06873425,0 140.56257113,41.06651675,0 140.56355526,41.06465592,0 140.56455388,41.06276059,0 140.56530958,41.06134023,0 140.56730942,41.05755295,0 140.56861946,41.05510644,0 140.56928036,41.05393551,0 140.56994439,41.05280979,0 140.57056481,41.05182421,0 140.57097651,41.05118019,0 140.57164545,41.0501806,0 140.57239048,41.04911094,0 140.57361419,41.04739545,0 140.57656679,41.04325809,0 140.57885011,41.04006126,0 140.58109751,41.03690934,0 140.58351142,41.03352173,0 140.58585795,41.03023954,0 140.58781783,41.02749183,0 140.58970691,41.02484655,0 140.59147644,41.02236114,0 140.59387936,41.0189942,0 140.59469082,41.01785981,0 140.59581326,41.01627994,0 140.59796738,41.01325709,0 140.60027339,41.01002633,0 140.60170187,41.0080301,0 140.60366514,41.00527086,0 140.60582928,41.00223207,0 140.60775972,40.99952864,0 140.6089963,40.99779169,0 140.61011911,40.99622552,0 140.61155256,40.99420768,0 140.61381988,40.99101596,0 140.61534478,40.98887951,0 140.61845238,40.98452419,0 140.62085973,40.98113479,0 140.62190623,40.97960597,0 140.62269761,40.97839002,0 140.62354129,40.97700265,0 140.62406284,40.97609862,0 140.62460196,40.97510945,0 140.62527978,40.97381146,0 140.6258181,40.97268093,0 140.62644836,40.97127528,0 140.62674574,40.97057037,0 140.62722899,40.96934419,0 140.62775975,40.96788492,0 140.62803092,40.96706701,0 140.62828478,40.96624066,0 140.62854426,40.96535733,0 140.62886526,40.96416958,0 140.62915044,40.96299385,0 140.62933782,40.96211543,0 140.62953122,40.96114529,0 140.63010224,40.95817301,0 140.63061357,40.95547977,0 140.63122576,40.95223595,0 140.63170179,40.94971098,0 140.63201935,40.94807646,0 140.63240292,40.94606398,0 140.63277086,40.94417711,0 140.63307733,40.94276676,0 140.63346348,40.94124211,0 140.63383364,40.93992506,0 140.6341937,40.93875546,0 140.63457866,40.93763026,0 140.63517683,40.93605098,0 140.6357584,40.93463227,0 140.63616094,40.93374307,0 140.63655982,40.93286925,0 140.63719945,40.93157805,0 140.63813526,40.92982083,0 140.63909001,40.9280647,0 140.64031545,40.92581183,0 140.64178184,40.92312661,0 140.64254765,40.92170707,0 140.64348936,40.91998567,0 140.64455034,40.91803288,0 140.64621035,40.91498603,0 140.64798938,40.91171602,0 140.64976653,40.90843989,0 140.65151157,40.90524564,0 140.65327499,40.90200616,0 140.65423958,40.90022728,0 140.65580131,40.89735736,0 140.65721202,40.89475985,0 140.6585401,40.89232609,0 140.6600707,40.88950158,0 140.66160948,40.88667535,0 140.66309063,40.88394643,0 140.6643212,40.88168998,0 140.66599408,40.87860816,0 140.66754131,40.87575711,0 140.66767113,40.87552968,0 140.66920103,40.87271218,0 140.67083314,40.86970734,0 140.67252228,40.86659003,0 140.67418946,40.86352101,0 140.67509265,40.86186702,0 140.67568569,40.86076863,0 140.67635852,40.85953621,0 140.67681961,40.85868834,0 140.67708081,40.85821878,0 140.67739358,40.85771553,0 140.67763956,40.8573077,0 140.67797303,40.85681147,0 140.67834273,40.85628819,0 140.67866184,40.85587015,0 140.67911095,40.85529448,0 140.67974702,40.85455222,0 140.6803246,40.85393601,0 140.6810055,40.85325232,0 140.68269607,40.85161976,0 140.68535066,40.84904691,0 140.68609502,40.84833488,0 140.68670178,40.84773316,0 140.68705309,40.84739248,0 140.68761071,40.84681509,0 140.68829586,40.8460686,0 140.68872037,40.84556611,0 140.68910196,40.84509528,0 140.68957723,40.8444636,0 140.68996631,40.84391849,0 140.69039001,40.84326586,0 140.69065062,40.84284282,0 140.6909413,40.84234671,0 140.69134932,40.84157822,0 140.69170269,40.84082625,0 140.69197259,40.84019316,0 140.69220026,40.839605,0 140.69239458,40.83908054,0 140.69258392,40.83844613,0 140.69277374,40.83775171,0 140.6929622,40.8369034,0 140.69307816,40.83619687,0 140.69315631,40.83563487,0 140.6932229,40.8349772,0 140.6932588,40.83435886,0 140.69328601,40.83369839,0 140.69330718,40.83296942,0 140.69334199,40.83200655,0 140.69336497,40.83119418,0 140.69339162,40.83029697,0 140.693428,40.829376,0</coordinates></LineString>
                        </Placemark>
                        <Placemark>
                            <name>北海道新幹線</name>
                            <styleUrl>#style_green</styleUrl>
                            <LineString><tessellate>1</tessellate><coordinates>140.51482012,41.14581862,0 140.51513,41.14547,0 140.515555,41.145005,0 140.51598,41.14454,0 140.51657472,41.14387186,0</coordinates></LineString>
                        </Placemark>
                        <Placemark>
                            <name>北海道新幹線</name>
                            <styleUrl>#style_green</styleUrl>
                            <LineString><tessellate>1</tessellate><coordinates>140.693428,40.829376,0 140.69347,40.828104,0 140.69351,40.826883,0 140.693511,40.826832,0</coordinates></LineString>
                        </Placemark>
                        <Placemark>
                            <name>北海道新幹線</name>
                            <styleUrl>#style_green</styleUrl>
                            <LineString><tessellate>1</tessellate><coordinates>140.64709716,41.90503286,0 140.65020234,41.9042318,0</coordinates></LineString>
                        </Placemark>
</Document>
</kml>
